#motif	significance	7813_1_mES_2i_LIF_r1_CAACCATACA-ACCGGTTATA_S25_R1_001	7813_1_mES_2i_LIF_r1_CAACCATACA-ACCGGTTATA_S25_R2_001	7813_2_mES_2i_LIF_r2_GTAGGCCGTT-GCCACTGTCT_S26_R1_001	7813_2_mES_2i_LIF_r2_GTAGGCCGTT-GCCACTGTCT_S26_R2_001	7813_3_mES_2i_LIF_r3_CGGATTGATC-AGTCACAACA_S27_R1_001	7813_3_mES_2i_LIF_r3_CGGATTGATC-AGTCACAACA_S27_R2_001	7813_4_mES_2i_r1_ACTGGCAAGA-TGTTGTCCAT_S28_R1_001	7813_4_mES_2i_r1_ACTGGCAAGA-TGTTGTCCAT_S28_R2_001	7813_5_mES_2i_r2_ACAAGAACCT-CGATACTGAA_S29_R1_001	7813_5_mES_2i_r2_ACAAGAACCT-CGATACTGAA_S29_R2_001	7813_6_mES_2i_r3_AGAGTATGTG-AGATGGCTTC_S30_R1_001	7813_6_mES_2i_r3_AGAGTATGTG-AGATGGCTTC_S30_R2_001
Chd1_Pml	3.297568570046704	-4.672967516218016	-3.091113640131647	-0.4511283956983998	1.030753940841621	-4.541360511545427	-2.4635352558020536	3.1416682854185956	5.2006189914938865	3.0398162638784654	4.614022119632058	-1.917917518994804	0.11114323712572036
Wrnip1_Mta3_Rcor1	2.5354336514915228	-2.6677317480274327	-0.10867463048584816	0.9974022161811761	3.262310363565736	1.9867825497929765	4.1376834406539755	-4.741665737928797	-2.8459756141269814	-1.6583765919928501	0.8156802488984125	-0.8074149455700038	1.6299804490396461
Nfatc1	2.481279529256707	3.5787847560747705	2.721500090818579	-1.4748125967160117	-2.266373995480597	-2.150038066756183	-3.0878380273979955	3.785022909442755	3.2066995220255077	0.052804681520084946	-0.612887959433742	-1.586552025466939	-2.1663092886302198
Maz_Zfp281	2.456250375873128	-0.7637193166202673	-2.3121514969118473	-1.6565563854049485	-3.3947560541213178	-1.6341036605730452	-3.7751915030431764	2.935335893249193	1.6956401820927847	2.7081599903424856	0.9536045649449861	3.5690985821703083	1.6746392038748477
Hcfc1_Six5_Smarcc2_Zfp143	2.3352789890026266	1.3612055810665584	3.9223378528651582	-1.5858548087799362	1.6607975154784265	-3.21327135520791	-0.3237771277248405	0.9125065737770598	3.4105492217520794	-1.7850217531713994	0.7091874117285605	-3.8576163800590972	-1.2110427317246568
Yy1_Yy2	2.036481774135145	-2.1479626685498046	-2.264576698158863	-2.9508518778903263	-2.7657908858451297	1.6743100212331885	1.0541575302929462	0.1308368886724715	-0.5975097833310478	1.25475116233128	0.7695509704137947	3.1878021451482677	2.655283195683198
Max_Mycn	1.9771513628609436	-1.7505716516721517	-1.329284951200794	-1.9736018039290555	-1.5541395573949945	2.3309794514012196	2.9223194495047093	-1.7942401652111704	-1.5146223808749246	-0.6320452453238	-0.29457268083566857	2.501879591153294	3.087899944383343
Hdx	1.9717764400123448	2.242109069553683	2.4857362687784685	-1.937444248764099	-1.52635764019054	-1.900848702800187	-1.7887390149621494	2.7400003742860757	3.304303553366539	-0.8616130592218549	-0.26755184017083977	-1.5715947548181357	-0.9180000050569589
Ebf1	1.9662609877249508	0.3861011749043294	0.4584164204676987	2.129391237691301	2.6132239042878638	1.686880375149246	2.1410386270665858	-2.9775180562569177	-2.857552761574436	-2.3851814402776284	-2.0250016228041754	0.21946355260773964	0.6107385887383856
Ybx1_Nfya_Nfyb_Nfyc_Cebpz	1.9591770826342936	-2.685196420507502	0.022294811277938045	-1.6481891443715833	1.7267666854432555	-1.0608143194449982	2.7161800346998572	-0.04372471705857631	3.3051740145344395	-2.554093706938525	1.0450771251827573	-2.1099401409435363	1.2864657781264743
Foxj3_Tbl1xr1	1.929519745133245	-2.217911940596364	-2.6729525804941945	-1.9958693921945339	-2.116206831758934	0.32412462224407396	0.7667540249478229	-0.33096618261299526	0.6113051041332463	0.20833987998970693	0.7496002869239611	3.1135917857499633	3.560191223668261
Hic1	1.9127224546199255	-2.7323387989434864	-0.23977433894511163	-1.8008164114726217	0.8456674665822214	-2.7304196340829265	-0.44112674823679165	0.5613435832167837	3.182601615616325	0.5674925176475596	3.1635090798394616	-1.589212391147709	1.2130740599263239
Esr2	1.8907358154275549	1.147686921753617	-1.2716364457886928	1.7546806451087205	-0.983571621211348	3.6728036340632575	0.2694481928482317	0.35305593208296643	-2.9004539047520344	0.30652309798567584	-2.7105542032161654	1.957531058349777	-1.5955133072239973
Egr1	1.8877699554762084	2.8692592665477696	0.35884656847781937	2.7496587343736922	-0.1670338423779721	1.9356089465232824	-1.5066232011461944	0.7193083179042087	-2.288197758940808	0.5579711534070436	-2.6399994356620264	0.1909532073019008	-2.7797519564087247
Sp1	1.8667520300454332	-0.0707022133669017	2.2216175994719904	-0.07906660870302996	2.952264916594293	-2.4011940297018057	0.32433763762369083	0.22527130505670184	2.533182234053009	-1.6381157125458767	0.5637374273705702	-3.3379000606550937	-1.2934324951975564
Snai1_Zeb1_Snai2	1.8628406113771052	0.40211324335399745	2.1408944386510718	0.10780798386222526	1.6907048304436716	1.64802554872854	2.8667322819489347	-3.604360195347927	-2.491026112131958	-1.6650196427739046	-0.8803015854744654	-0.51130113742721	0.2957303461670141
Pou1f1	1.8377260646562943	1.3964917411287128	1.3853743173167001	-2.1316702725648824	-1.9154398528190733	-2.8917041144570086	-2.39679815491029	2.1140374625648435	3.0142473830622865	0.13421909815571037	0.5647957396614512	0.06142970669306438	0.6650169461684896
E2f1	1.7999366410586948	-2.287359919172284	-1.45267168292402	-0.48949465629347505	0.2057836373369193	1.5821603157265856	2.534915171874727	-2.87640082139661	-2.00669077584032	-0.222522400413836	0.8044906674628509	1.6170415034451988	2.5907489601942806
Stat4_Stat3_Stat5b	1.7885904912982038	2.389030068506413	2.6649651945757697	1.5882461415762081	1.9467989162888486	0.5057521247327678	0.8230821800570932	-1.082072811583805	-1.086216636350616	-1.4708321197396683	-1.423405236274982	-2.48238633950121	-2.3729614822868315
Rarg	1.7675523567466829	0.501379583687831	0.5353903167235247	1.8741010408988472	2.1393388389904495	2.2315002984752805	2.4961877071110656	-1.697816118430317	-2.1629790125566615	-1.988893374088496	-2.122423875229802	-0.8761392799911382	-0.9296461255905554
Tbp	1.6700214934939472	-1.361185381734076	0.9755301819861221	-0.4112527054603978	1.378800488229481	0.856494167475087	3.1397092815747993	-3.050242947272058	-0.6117117328957208	-2.2197948379047006	-0.13189050122322055	-0.3657753523023293	1.8013193395270337
Gtf2i_Gtf2f1	1.6602633224280356	1.6432490481269366	0.07357603981511301	2.3454212967408226	0.4492911472448249	1.6714582550449455	-0.10277361991396008	1.530064768655905	0.02964690045260042	-0.2971843133346627	-2.0244627187606627	-1.8864921856480599	-3.4317946184238086
Tfdp1_Wt1_Egr2	1.6420163738025386	-2.2216968698493607	-3.640709705200666	-0.03966389747159462	-0.7238820704905902	0.24908365488561024	-0.8938720010069543	1.5545148069551205	0.1448239310285129	2.56868002869894	1.265208880009956	1.4306479964738077	0.3068652459672311
Klf6_Patz1	1.6417333214581964	1.5242291508153682	0.39099124016793935	0.7444034741807284	-0.5857010288235002	-0.8648786028501556	-2.397080200090853	2.998232863527538	1.4488188764648018	1.2378014893258809	-0.2027822509993264	-1.6015808594414425	-2.692454152276966
Klf12_Klf14_Sp4	1.631586579297565	-0.8510885277041736	1.783419012539369	0.1740622691010667	2.665305438352925	-1.9212355174224418	0.8492133027150347	-1.9291704843467252	1.2228708704531452	-1.7614488890344902	1.3041329179335353	-2.3948652659710836	0.8588048733838294
Hoxb7	1.617231903856417	0.026813467369574625	-1.8770617406432217	-0.7104402650028372	-2.8043481794016296	0.05164603011482648	-2.004942153084878	2.648525653180825	0.29340456963574013	2.0191431522757783	-0.03370782472786033	2.041776219676954	0.34919107060672505
Sox2	1.611989286522682	-0.17720915746715488	-2.3587715516410137	0.4999924339536217	-1.829660554621715	0.25228707129364275	-1.8349636102329625	3.4108601375720875	1.257907246565823	1.6916699125602497	-0.28181076208604183	0.7342337856411338	-1.3645349515376877
Dlx1	1.5597611313270023	-0.47751299293119637	2.384442390039583	-2.149141481769793	0.3801212284408215	-2.1007138187416556	0.5093906954070414	-0.6367637700204717	2.5579405976701155	-1.5368736384264123	1.2379959020276359	-1.3066313427233645	1.137746231027688
Nrf1	1.555772269885219	-2.1847802546589454	-0.4631544036497942	-1.8781233395714427	0.26567375656486203	-2.5215313922203375	-0.15283322456971926	0.7260609481316026	2.4133737977361216	-0.335545261791541	1.8171422932618797	0.25265573223924925	2.0610613485280846
Taf1	1.5524757226971877	-1.134747883274428	0.6661366639209956	-0.771106824396565	1.0829862732441358	-1.927995082467831	0.7257876671861316	0.5830280984984118	3.2530461720965165	-1.0516336183636872	1.3804979342710457	-2.6892008022448115	-0.1167985984698894
Pparg_Rxrg	1.4687813084720869	1.0904411714341782	-0.8297180505799951	1.8620525067343057	0.21519953475797923	2.646834344809881	0.5987996054866017	-0.023542178968729812	-2.451218894027888	-0.16623936624966446	-2.267612851696012	0.5914648029440785	-1.2664606246447223
Fos	1.45769009818748	1.789381284812201	0.681671264303723	2.326002953980655	1.0571823683747523	1.714920837902081	0.32755414209197414	-0.7292363531396299	-1.6453975854666756	-0.7190594456314447	-1.9799398169231357	-0.8663893500265288	-1.956690300277989
Smad1	1.3643813597356946	0.9014429713791227	0.43886007717165665	0.3988106329561943	-0.3169020253315812	2.217482240374427	1.518605848411792	-1.802234943898277	-2.5471159111426083	-0.6616283583419228	-1.5305076335493952	1.1261698259210742	0.25701727604952074
Stat5a	1.3610173013915938	0.5063837326281604	0.7311882422368435	0.8049444878208608	0.7828617880530667	2.1594868717961395	2.1931751224554854	-1.4641009336878985	-1.5329439598926635	-1.8861711054047485	-1.5344550807081974	-0.44485426475488615	-0.31551490054218
Rfx3_Rfx1_Rfx4	1.354718870932306	0.5848642601747016	1.1412177674562651	-2.279487256576957	-2.4292151833986493	0.6694908890473136	0.7316242400732991	0.9192590707027608	1.1703788313418046	-1.2615326680310492	-1.4423902375494602	1.1144509078979294	1.0813393788620858
Irf2_Irf1_Irf8_Irf9_Irf7	1.340439285580998	1.2817547156384324	2.4728309527484984	-0.5847757697581678	0.23868561053329082	0.10763657290643976	0.7487610550685178	0.33434656001472923	1.247047686110032	-2.647772217371092	-1.417313286367238	-1.4195853954869193	-0.3616164840365178
Hmga2	1.323841788474886	0.21323780847729673	1.7687201024964667	-1.514955263363442	0.31418903884698185	-2.5298786684866847	-0.3992810975025835	0.3670099998064453	1.9987845005174338	-0.4589674882647705	1.3914680767765832	-1.5663828636215158	0.4160558543177914
Elf5	1.315938555771055	-0.5058661204832489	1.0751976020834595	-0.7012636467779649	0.53434624196075	0.9132922488566038	2.30328469994378	-2.527681208103524	-0.9210903352839063	-1.6000674874390202	-0.27251611658107305	0.0992582846400424	1.6031058371840958
Hoxa5	1.2738390884458215	-0.7732465082307249	0.7418465106633453	-2.2254672665744857	-0.6618287568064944	-1.686527102392354	0.05669392391083787	0.274408370753546	2.0348794111811155	-0.32004863831568087	1.9529242276168992	-0.6373536467613714	1.2437194749553677
Elf1_Elf2_Etv2_Elf4	1.2691311593799717	-0.48497847042583503	-0.4206523488043584	-1.8093423738185728	-1.6260298456843565	0.9464615658224735	0.8669909098907657	-0.6511942427205607	-0.575815308668454	-0.44386369898512906	-0.32765989838157045	2.4184583548200553	2.107625356955564
Ahr	1.263380820441616	-2.2058226979857274	-1.2301984605978076	-1.637195852238972	-0.6723104562148167	0.5016995204151071	1.1445669122547955	-0.8821057214291405	0.1650116171284769	0.39485268431755316	1.1405961348810587	1.1735468269323461	2.107359492537113
Pou2f2_Pou3f1	1.2598527103790575	-1.0739541810721438	-1.7354964584043235	-0.4730328785160569	-1.1773404632053308	-0.8745074337206894	-1.7077096646386596	1.6893358371866758	0.6612912268135472	1.7278433061333331	0.8546946124795878	1.4785301590330782	0.6303459379109972
Nr1i3	1.2437640421190679	1.0094604388385744	0.4837160849036611	1.1462117303276818	0.2870923863161354	2.1104392010510074	0.6524729531866277	-1.7614177555907393	-2.4553393366511385	-0.6244422356147048	-1.1061564703830062	0.487054029536321	-0.22909102592044617
Mecp2	1.2416477279396494	-0.7157518140072127	-0.5619377277777085	1.8468007472281966	2.137678742476966	1.154639292319121	1.5121746765826676	-1.7311179656718765	-1.2588220031480621	-0.6303693490171903	-0.4146004473597748	-0.7817624460728826	-0.5569317055522488
Smarcc1_Fosl1	1.2392569012722043	1.5866424058062856	0.3375671630267602	1.2300286481033647	-0.1476780090180765	2.023634040235314	0.26352988109330805	-0.3876140093926302	-2.0693463101978886	-0.698669152381255	-2.0589697779017717	0.6442942786195022	-0.7234191579929056
Id4	1.1972227044486767	-0.680951084661012	0.8443107214479428	0.9696802861049361	2.1633974546150685	-1.0904913748632497	0.0029064539944527582	0.18957049469372247	1.3526795748245666	-1.2787236872750558	0.49411674025996466	-2.214271232406952	-0.7522243467343901
Bptf	1.1884270085932234	-1.6867184674447124	-1.810499552166704	-1.252798741792831	-1.1017881474282665	1.2955138668111013	1.4783325240521061	0.26989582951024205	0.057082225434427016	-0.09122947637353843	-0.0016975542473049443	1.579718517456227	1.2641889761892644
Mzf1	1.1557121929143492	1.625293761625491	0.9765570250838927	-0.0794412250281175	-0.20798941545799343	-0.7924212852995989	-1.306741005167034	1.5301193941838438	0.8535296715073497	0.9035837588097784	-0.09558732843920847	-1.2858055608942056	-2.1210977909242072
Onecut2_Onecut3	1.1513230897597737	0.23771863206452123	0.5381980666871926	-0.9572244211948847	-0.9543044899994364	-1.8810867994222398	-1.6028016783921646	1.5098748223052876	1.9068477434810125	0.8023810069206913	0.9345840038479836	-0.42552940285686536	-0.10865748344111147
Hmx2	1.1434963602608326	0.25828333592986585	0.37043076420479054	-1.5372095734595406	-1.2394770018234669	-1.9462141322605615	-1.3525251407031351	1.0955056611255778	1.6446189898138375	0.7128720399853972	0.997533743394374	0.3159716462930314	0.6802096674998107
Plag1	1.1407620748529856	1.0683890535181573	0.6083843477178683	-1.1403175228069098	-1.7238808175882128	-0.8657294391001131	-1.7724216290402055	1.944276083907653	1.2329133820321638	0.6017914778190234	-0.015698534258964905	0.40316229790470076	-0.34086870010513587
E2f6	1.1389513185001616	0.006343640515570113	1.5327988931687018	-0.7625373478616682	0.6909574549243078	-1.9793082441971546	-0.010644207533370925	0.3354288629085786	1.9830163486007681	-0.749863989695072	0.7802569817852937	-1.7367618576155195	-0.08968653500042807
Foxi1_Foxo1	1.1309907793649394	-0.6002032533341928	-1.9284695547731467	0.09104498698152497	-1.310453522087365	0.10200231695786448	-1.415399940613613	1.6047833413455272	0.2828572845560008	1.6083547401134135	-0.1910055972870893	1.4740007502863248	0.28248844785475763
Zfx_Zfp711	1.1306554159982087	-2.4803894710443175	-1.359198874342168	0.5516367764526434	1.3117948460474305	1.008623533757306	1.8120894632763171	-0.6977104058835021	0.06333100037379137	-0.1886404556302214	0.24814597411049172	-0.5766507988187928	0.3069684117010015
Etv1_Etv5_Gabpa	1.1196454269497182	-0.47550087978815925	0.37259764783568555	-1.9490671700619855	-0.9432387787149387	0.5492836403552026	1.654857973493178	-1.1865079017870217	-0.31833364063324454	-0.7483082859824949	0.17029329573823962	0.8362588934798407	2.037665206065674
Cux1	1.102849391895856	-0.6659312128234126	1.1776727105633142	-1.3166448979630208	0.6488650301694183	-0.17143425150989766	1.7323916696444783	-1.931733600150643	-0.03889400227519691	-1.2380406685548249	0.6786442263280431	-0.2186174613728006	1.343722457944516
Klf1	1.0965238304402185	0.7284683324285208	0.2818545945816163	1.0910737460902737	0.7513736307233203	1.8515582011306402	1.206193127878228	-0.6279022509095249	-1.5039901981511457	-0.39409067487522087	-1.372546148482741	-0.5261017403452358	-1.485890620068728
Nr2c2	1.0905188844023008	1.2635712223012343	-0.262813820530568	1.17556964376178	-0.6016609172970874	1.7948675856478438	-0.10243054472788302	0.7641208990041172	-0.714012711576951	0.05915763802433607	-1.9285542691181004	0.21537229747338457	-1.6631870229621366
Pax5	1.0895184712502075	0.023483742862233824	-1.2891894866061595	1.8741181878701025	0.3684964911861375	1.7673016999467779	0.3682461242227337	0.4635202430791609	-1.0590426804699478	0.536704019323289	-0.7660160816679317	-0.49299865271414156	-1.7946236070322357
Tfeb_Usf1_Srebf1_Usf2_Bhlhe41_Srebf2	1.0888861220798969	0.8432562037335237	1.0328375704132753	0.07534402176885589	0.502495333568435	-2.1677585911437	-1.8280177051439734	0.9972423703932017	1.2430075408789552	0.219961101876372	0.5923606624161853	-0.9441135621098067	-0.5666149466513263
Hoxb13	1.086976023275139	-0.6463245793014971	1.2068905925156626	-0.9673572973754079	0.7194416155526652	0.08074702730744333	1.7299603999662905	-1.5727671317499903	0.5147521802700271	-1.5060435132573569	0.46041506023900686	-1.1570958213806757	1.1373814672138174
Nfia	1.0800479468106114	1.782460249746472	0.6363629437353964	1.0414474317266547	-0.2774948436463731	1.1582602513778064	-0.7009889907956462	0.7895708281358259	-0.7757047176256268	-0.3740404474113437	-1.8349068640024846	0.18456158097925	-1.6295274222199225
Zbtb16	1.037012692614716	1.6040739124766301	0.0050155086551137125	1.6065821724854312	-0.04126455161701377	0.7276736919843284	-0.840047462384076	0.625736304909135	-1.1879099793196883	0.6784007035666906	-0.9150759798701557	-0.4787527462132451	-1.784431574673142
Sp100	1.0306724058549108	1.0193987982999206	0.9417112600315495	-1.2071574111897416	-1.0003819902729223	-1.199595153819265	-1.0272275302720573	1.7416726784542396	1.5126334499857896	-0.5364463358588013	-0.4725838250499833	0.04106732142205176	0.18690873826919513
Lef1	1.0173884153328492	0.17658953503236904	-0.5146050528621318	1.4115172340792117	0.7487866881829721	0.7242431834722127	-0.22955986117991417	-1.4606674741332273	-2.336270571105143	0.9606460999942835	-0.021710085069332197	0.6787313316689447	-0.13770102808022916
Tgif1_Meis3	1.0111349426970886	1.298387869311216	0.5107360691034218	0.5831587129909879	-0.08819245280096209	-0.526021825033165	-1.592243452432126	1.7527791841467175	0.8737166036678677	0.2358042229461856	-0.7232960778062164	-1.011611756114985	-1.3132170979789086
Atf2_Ikzf1	1.0049139759557937	0.1367650121086824	-1.2085048756675474	1.7304551805591892	0.4264087062640414	1.1924392789000975	-0.26690455876244745	-0.016925015995372713	-1.7816066378142295	1.075319855137457	-0.7673285592463429	0.41625853862978873	-0.9363769241133075
Foxa2_Foxa1	1.0030535558131122	-0.9200333683408676	-1.6335349901910197	0.06516417569469794	-0.8920586854235205	0.8572674843250628	-0.30062095710350833	-0.2048046783825646	-0.7900738415894872	1.3783550213866067	-0.08595667745510015	2.0275774267470474	0.49871909033265227
Klf16_Sp8	0.9656755834191884	-0.7156240105476801	-1.1371968980153297	-0.9571033316828722	-1.47976668273961	1.3911596212853305	1.2529536205512564	0.19889562073746556	-0.5354648589201645	0.1725567819590995	-0.3191121382619745	1.2232004651452568	0.9055018104892115
Hnf4g	0.9488371724987078	0.04068144896154408	-1.280686893181234	0.3755598108692074	-0.20594704433562214	1.4157530548726753	0.5523237623589995	-0.8670286020669862	-1.6057816752548286	0.4922929706819711	-0.8706819796818215	1.4404323917770359	0.513082754999041
Myod1	0.9445152705200828	0.526857073474634	-0.6958895082886004	1.4062195551141061	0.07199985338833371	1.6344486794719089	0.4005796816921535	0.6164686132355692	-0.8092238901633689	-0.008300166480900109	-1.4288914194583073	-0.3172685331818203	-1.3969999388036973
Esr1	0.94406988808835	1.5163048547480098	0.8911291602972341	1.361214717805597	0.243243533209863	0.27882606789937503	-0.43395597474779296	-0.3861201045176943	-1.5182267035365307	0.4965133430310104	-0.41997567054660223	-0.5202815856771004	-1.508671637965367
Ets1	0.9339767554531232	-1.1067324123654692	-2.060290354369691	0.9998221421911239	-0.2586532434150542	0.5704053963117142	-0.43028425974020346	0.3933778007037992	-0.5539896234980322	1.0128716691009094	-0.277769250245843	1.2984275202061712	0.41281461512059675
Nanog	0.9298591808136876	0.005438706982579583	-1.494137602742113	1.0726160808926253	-0.688969895834636	1.2953424947494874	-0.3948071528309926	0.7502395939831715	-1.0272705334482763	0.9317134198496805	-0.7282173057101798	1.0415280936213733	-0.7634758995127192
Esrrb_Esrra	0.9280572574589752	0.4965841487268505	-0.14115701718814885	1.361392939521305	0.6139381715923539	1.0450678089466074	0.45337950937853805	-1.4325834481995465	-1.9138208674016712	0.30296016029511896	-0.6360267882098879	0.3241319566974373	-0.4738665741589449
Etv3_Erf_Fev_Elk4_Elk1_Elk3	0.9244927671616204	-0.03259443611765934	0.5252887081504641	-0.363089373326732	0.5093473469308958	-0.9220376076962814	0.23218963176926816	0.5335530792794778	1.522287221862532	-0.22124786513452604	1.1272818243395542	-1.967967411627915	-0.9430111184290897
Erg	0.9194908631428382	0.21860490261059884	-1.3196972282844717	0.152178941914223	-0.9833920125634761	-0.059875570219205004	-1.3078294470658738	1.2422346734288292	-0.2430247721932941	1.717017155675065	0.18185901385858141	0.9037249470193315	-0.5018006041803058
Zbtb33_Chd2	0.9084304378057112	-0.560334688201299	-1.1880007037741374	-1.0190307516364325	-1.352879712534183	0.31135069013784467	0.09037667718344743	0.828815737567488	0.5947199118355881	-0.21955765938650795	-0.3084759374195129	1.5440113008637621	1.279005135363927
Runx2_Bcl11a	0.9064656141847331	1.1283498102371685	-0.20841632662696416	0.11204312670829457	-1.3114491847904757	1.038335373817766	-0.7694493787909854	0.5754941481803504	-0.8206126181160376	0.8528694679709087	-1.2993942087203334	1.209581368966207	-0.5073515788358943
Zbtb14	0.904987259598952	-0.7165524049080967	-0.8955277435222503	-0.45654564401120895	-0.542349488073654	-0.41702204070368865	-0.3096350535325014	-0.7585256827430902	-0.9118831229957045	1.1720960890039942	1.4448171642871208	1.2771223701963752	1.1140055570026997
Lhx8	0.9033001539721908	0.37915023904838513	1.1169293148735924	-0.4693725618260945	0.32867935736156517	-1.8340676747990314	-1.1110825643962003	0.4191824758111084	1.0694537176742742	0.17717164985331818	1.067691218403548	-0.9772155796562677	-0.16651959234820024
Stat2	0.9026503519784383	0.08669764040460852	0.17763282071669043	1.371123631039543	1.541250856325198	0.737226047829838	0.9019226721540291	-1.1828281285745614	-0.812901329811921	-0.8519963945240502	-0.5151167113875492	-0.8242459188705842	-0.6287651853012376
Tfap2b	0.9009688000549936	0.49194846283983473	-0.11348473705919745	0.8392990898998187	0.4670173139818588	1.8104091771512518	1.1469663431965578	-0.6645582478690562	-1.2191377495938862	-0.5392476494961536	-0.9467550910506405	-0.4849622836944907	-0.7874946283059009
Fosl2_Bach2	0.8979515896094159	0.43077796624308673	0.7551398622400787	1.0920602625062257	1.342335061424364	0.6658353947283632	0.9047763210191399	-0.9166960263968186	-0.5007725684643097	-0.9036605262187833	-0.8728875060013132	-1.00625940888158	-0.990648832198443
Fli1	0.8918694829248894	0.6771459712761174	1.7783544646374865	-0.2860809667908643	0.7397187932094303	-0.5104328683517384	0.579055745039934	-1.3715946296007362	-0.5790940086595828	-0.38278649190668435	0.8265419247749177	-1.2698497390233643	-0.20097819460490524
Myog_Tcf12	0.8900038369462666	-0.5369994334789085	-1.131284423741043	-0.6637897346483449	-1.2239464158500493	-0.3396368146769191	-0.9514559311990023	1.2575139648891953	0.6368655279303355	1.346434462908891	0.7378347068754311	0.7923424293106288	0.0761216616797998
Gcm2	0.8880336645219289	0.9167315711002735	0.6270074603037133	0.8822404902340075	0.6816214246332719	0.9929535274001208	0.3574295402503931	-1.4741908181257073	-1.7237188784814828	-0.5077457821309951	-0.6765999968056206	0.033324315653865254	-0.10905285403184992
Hlf	0.8790726847552321	-0.14324628592949085	-0.4991299327319904	-1.042181806771354	-1.430067256273626	-0.8879358144079618	-0.9530471031881305	1.0647964899190605	0.8470937604414975	0.7887422338990364	0.7301355010355343	0.705539701245609	0.819300512761809
Sox3_Sox10	0.8777237573852227	-0.07521041936914724	-0.8861879778174091	-0.28933454348415094	-1.0461877755079505	-0.12959969608149574	-1.1826026157204375	1.8099589138202425	0.937204954004343	1.07296236416775	0.3069650298751882	0.14493921665489057	-0.6629074505417979
Pou4f1_Pou6f1	0.8772369353209349	1.5387443640618124	0.4297989325390353	1.2045753064551765	0.2330945775381784	0.29711028191683975	-0.6414648992392005	0.1753673684706486	-0.5683153956508138	0.4897130149170666	-0.5177460350198053	-0.9153122737135696	-1.725565242275383
Foxp2_Foxp3	0.8746128713833282	0.9083002602769069	-0.7098588933920345	1.3327227707411315	-0.13068181681905214	0.8497610779954595	-0.6823288780322372	0.5110036664759565	-1.1594654057565545	0.7607411822050705	-1.0339244572458839	0.5157707648106399	-1.1620402712594085
Creb1	0.8704435607011157	-0.21018837111431604	0.5140459176674049	-0.7255119517954483	0.1349415175715996	0.895878743592194	1.7050414616684253	-0.9996443008988286	-0.3651510762778843	-1.4525159781889612	-0.6890267161099051	0.370757531357063	0.8213732225286572
Hbp1	0.8467259418832048	1.0676202384131785	-0.15987181097255054	0.6804534659123259	-0.7885156081692024	1.0743854145118197	-0.1639247396357306	0.8130592169056345	-1.0324631048940327	0.13616489282898275	-1.4589779222246435	0.7171946685326047	-0.8851247112083912
Hsfy2	0.8402912167517788	-0.7751295162040365	0.9184568927543088	-0.5222316540541388	0.9449430950902284	-0.061790694160321055	1.2461737334347627	-1.2567896073700275	0.4921051495696638	-1.0608322253127906	0.5814889520506442	-0.9213561708421658	0.41496204504384626
Lhx5_Lmx1b_Lhx1	0.8324642716999638	-0.018768679089752938	-0.3104181241508913	-0.7486336524208896	-1.0543745374458575	-1.1365651338198595	-1.1385143733177314	1.1353027320386757	1.0186842186119323	0.931014014185715	0.7752293342076932	0.3603266841962321	0.18671751700473407
Ebf3	0.8304603226836288	0.8702458732850636	-0.022791552402066588	1.1606384442261235	0.22285276661927272	1.007551169117825	-0.01072174548864022	0.6193750343259621	-0.18067525445449215	-0.20959787625644793	-1.2638740110034725	-0.5290963411608482	-1.6639065068082894
Atf4	0.8268149807139656	0.6896602145435621	0.34167366821967676	1.0001775094117336	0.5804288448361703	-0.41760983972390076	-0.862589994336045	1.174109982870202	0.8012279292631933	-0.2959476607454104	-0.6809474644549705	-0.9796999727756507	-1.350483217108557
Hey1_Myc_Mxi1	0.8164242479703029	-0.07155918999810035	0.4105950431529063	-1.8272424315758882	-0.9651904839532013	-0.3872007589998867	0.3831177166611302	-0.5579189449184849	0.15497436601982673	-0.011987906261044411	0.9408821838106162	0.6727942261455805	1.2587361799165377
Tfap2a	0.8160012529876312	0.9057492978825851	0.7224615544733023	0.9280250241654648	0.4472058734667112	0.9127837972990128	0.7046056032611485	-0.31181818203385586	-0.7538550672228294	-0.7334249403104215	-1.2825280440160474	-0.4347868833246576	-1.104418033640434
Pou5f1	0.8119451738873855	-0.924799572005213	-0.6954111432131765	-0.4135868652158884	-0.26514624349811955	-1.237542799171044	-0.9630085275522393	1.0711096370202924	1.0982800959638914	0.83900118398193	0.7090892837305707	0.3364403825568708	0.44557456740212315
Mybl1	0.7995226698007293	-0.7519849644898506	-1.0798488310812926	-0.5165474144962298	-0.9630530501968523	0.3538016241369251	0.0334207908047082	-0.43894926000000767	-0.48046120496512795	0.5727839630225114	0.6883070383395228	1.4624332793740307	1.1200980295516905
Foxc2	0.7960737400514144	0.2733655573775851	-0.007560593290021549	1.1892056188938327	0.8904212295965633	1.0608502884161293	0.7168547254197085	-1.0556085620941182	-1.3235388631919225	-0.34174544388706424	-0.5333984958676771	-0.29503797126757847	-0.5738074901054405
Zfp110	0.7942990485806167	-0.44070118321431123	0.3294627091885652	-0.6100144030286434	0.43543902404043033	-1.6776079629265872	-0.32272871163843975	-0.3668589915314101	0.6117298336066355	0.14485326949365632	1.2649267038929493	-0.538271405688456	1.169771117805608
Gli1	0.7891294852563431	-0.28523182950733184	-0.6573345370757193	-0.8104866634465803	-1.1660904042727036	-0.683442504478969	-0.8900468617829556	1.0857629608903037	0.7361156836796559	0.934215578296741	0.5608083295183226	0.792978097500762	0.38275215067847584
Rhox4e_Rhox6_Vax2	0.7872304081748202	-0.2499856012739842	0.6911891621901415	-0.1360100817793399	0.9973819095841694	0.4361439337508261	1.3055742337872018	-1.3691311436444233	-0.2551054482749119	-1.177475344449362	-0.032653210783819935	-0.6703764592079287	0.4604480501014246
Tfcp2l1	0.7827525800412052	0.8250135124828661	0.6207168217686947	0.6816762100793786	0.5481611225332403	1.0399868778659476	0.8537237322061341	-0.842190726462651	-1.086579117315247	-0.5982942236044693	-0.8903774319830533	-0.5173042564164538	-0.6345325211543832
Hsf4	0.7816677879110112	0.3202924216834127	-1.2002826672122489	0.6455395811877733	-0.6666194359701426	0.6782650218821227	-0.7125129822010888	0.9828094592301041	-0.5769106764213444	0.6398207348133421	-0.90713347008291	1.143877448772374	-0.3471454356813865
Pitx3	0.7774738125778385	0.18665613206272857	0.6083627891282625	1.0179818673804877	1.0561536338507123	0.6788809663502045	0.9116109349895577	-0.7861816726035302	-0.8844070069728305	-0.8316721148649955	-0.6265654344356244	-0.7975424112940445	-0.5332776835909119
Sox17	0.7726455681224946	-0.48035298853038705	-0.8961107718270608	-0.6213663684923589	-1.2591263211312025	-0.10045023699821748	-0.873255816302704	0.8615372514086178	0.36492180145364084	0.8718817222862033	0.37101547110381083	1.05603116490652	0.7052750921231394
Ar	0.7660083722997235	0.9945060019213265	0.5904171411834276	-0.13561956229579872	-0.3455817365914618	-0.8280231110632085	-1.1497739227694066	1.17236617901526	0.8904389528025637	0.4206152393732246	-0.10591260559689006	-0.5612482076997368	-0.9421843682792861
Foxk1_Foxj1	0.7611908589532639	0.978431295579356	0.4035432168231901	1.294819199680692	0.7291754261415144	0.1577603622383001	-0.2778830964124946	-0.08834462212335566	-0.45311596426316786	0.09100340671024189	-0.38060195066837127	-0.9598549909237484	-1.4949322827821663
Hoxd1	0.7578734579206325	-0.10219245232898684	0.8607611816254227	-0.9106337947982718	0.14177952454982615	-1.4554769816397284	-0.2730882026647884	0.00721299178443785	1.020514874911011	0.031743442157908835	1.0754454636096629	-0.8388293609265898	0.44276331372009287
Pgr_Nr3c1	0.7546972248885493	0.17228328254675068	0.44559865053171904	0.7735243922986658	1.2524126575696837	0.46786396817590575	1.003218325618018	-1.1604036375347833	-0.6052658710021064	-0.6305096127822782	-0.345649064859685	-0.8310877401780051	-0.5419853503838866
Obox6_Obox5	0.7530876432881194	-0.12081671581259924	-0.8883853385202324	0.9401103810306877	-0.12683726799619244	1.4830215057335538	0.4128721934917185	-0.19544591393240127	-0.9077923153356738	-0.25898843134557537	-1.1189831679716897	0.7409788371250374	0.040266233533351965
Arnt	0.7530136889676996	0.7598491125194194	-0.1573847745018126	0.18541807808814412	-0.5038804456178069	-0.41835425655962555	-1.2206437027443569	1.4521228406472289	0.6886595020695048	0.6788071827366204	-0.16824468448785548	-0.23787590335337644	-1.0584729487960693
Ubp1	0.7501157301311503	-0.4102921017820128	-0.9351348970065168	0.04489781060614614	-0.28486848897019335	1.441476052756856	0.8917027183101497	-0.7965115772842621	-1.1966267829144586	0.09750327512976414	0.05195017123470294	0.74038235224199	0.3555214676778241
Nr1h2	0.7498558374315134	0.5911151689931957	0.6794124732975714	1.019260276721217	0.7075141193937782	0.7351606570462077	0.20540603235869886	-0.9312414695231078	-1.3493184970200078	-0.002688292911202225	-0.29350031556017464	-0.44189553949809046	-0.9192246132980786
Meox1	0.7477956395817265	-0.3477366126670575	1.234631092230858	-0.8528021482306061	0.5674714539587531	-0.6063330413665212	0.7185289436926564	-0.9112229367566991	0.5402208590585447	-0.9089635416666818	0.5152952893381164	-0.6515677445376714	0.7024783869463073
Klf4_Sp3	0.7413817690329003	0.5307811747722317	0.6293642280374475	0.5399452774673837	0.5086643530760667	1.115022424691002	0.6251966288969178	-1.0371971371982325	-1.1819072180225567	-0.6296675924561699	-0.8489128593271322	0.11112417034742494	-0.3624134502843795
Zfp384	0.7411195549747766	-0.6506192530490231	-1.2333044771376673	-0.6284987920873886	-0.6843370012639769	0.30599747039589836	0.4746622285420075	-0.22169643734024927	-0.6084197830468949	0.5258417176805498	0.5236075966758384	0.8963981667322538	1.3003685638986355
Stat6	0.7386463559726691	0.3840562373885439	-0.5995419220314204	0.07979156457759062	-1.0648545025053857	0.14180365848557228	-1.0199433317588285	1.366035826296928	0.12567776331979252	0.8785331473429102	-0.4566622990575923	0.776712468930217	-0.6116086109883189
Pou2f3	0.7366478576093147	0.8297794233322227	-0.49764532155300656	0.14705180739223422	-1.2281766439256976	0.47297648458516556	-0.7959263348065002	1.2649280876723143	0.002459853711982481	0.6424672134004938	-0.5816764996941949	0.5060649623370901	-0.7623030324520943
Nkx6-1_Evx1_Hesx1	0.7329617139472461	0.611867349680749	1.286145680373752	0.1541383540905881	0.9978899601450697	-0.49820336458584935	0.14011132579783261	-0.31654763656915474	0.38302381448785705	-0.6492510288426155	-0.042674531162805354	-1.4366063266353988	-0.6298935967800251
Gbx1_Nobox_Alx3	0.7317563161180243	-0.6948146225723419	0.7001670343604381	-0.2424170296656744	0.9496867408895331	-0.6894034270466287	0.7161649124530294	-0.34729939910637253	1.0017623629771921	-0.7682101921507312	0.5152795220689281	-1.231183730687111	0.09026782847974245
Ctcfl_Ctcf	0.730978065935101	-0.08782952368753665	1.002778812945015	0.10683350597001923	1.0906093039526465	0.13751550324746398	0.8664930449062083	-0.9772488676047396	-0.21253662360903308	-1.353887426212045	-0.5167991063982171	-0.4318587341867427	0.37593011067694077
Tcf7l1	0.7275461881809634	-0.5055206844115807	0.048663600127416065	0.7233690411588949	1.3691682576112212	-0.06721106157629327	0.34272711496745223	-1.3894611256652798	-1.1264474016539403	0.1418550109881502	0.4504219705386478	-0.2690389606202144	0.28147423853553577
Zfp524	0.7153026620075511	0.33188617324826253	0.67914655875601	0.8256743366288358	1.2828164489212628	0.15278371762914322	0.4922575812684202	-0.8394235282113841	-0.23282525699219273	-0.5988049113467966	-0.2448568380009084	-1.1357115970798652	-0.7129426848207665
Lhx4	0.7143649550326445	-0.11564788612836549	-0.6828188053765515	-0.22123050225006977	-0.7094004787498275	-0.6758368619026351	-1.2999810042686755	0.8624603879075688	0.48596820421993564	1.0590182187728374	0.7966459255708247	0.45500171027371344	0.04582109193124823
Nfatc3	0.7127186248580217	-1.0442115478424572	-0.790263338219287	-0.23682824145405645	0.0019116097431019698	0.23680439358091068	0.6250479520857959	-0.8575523319572171	-0.8697815447938217	0.4317103831469023	0.5643028573346455	0.9415781615473976	0.9972816468280801
Arntl_Tfe3_Mlx_Mitf_Mlxipl_Tfec	0.7103542433171401	0.9926564198855089	1.270066501438763	0.6944953706187338	0.6072522029888557	0.18639392814892772	0.11103639288018714	-0.8270397605867208	-0.7462176609331591	-0.650531990615393	-0.5418015659033062	-0.5401771355919786	-0.5561327023304176
Klf13	0.7095718312255749	0.6384809429215269	0.6976970576469711	0.5595381774901732	0.6319250962427113	0.7477609983988248	0.8361890202463063	-0.43841549853844414	-0.28267001205437137	-0.9188354507849026	-0.8455679942505454	-0.9208414937255113	-0.7052608435927599
Ppara	0.7059419336705293	0.15959763671840663	0.897004314014647	-1.333364580833674	-0.542308799446493	-0.7481287815524448	0.14561379444884753	0.4370718384061036	1.285380411602787	-0.5512089754673419	0.1449389514215674	-0.3495862209326129	0.4549904116202084
Ets2	0.6938775319839281	0.591348598404939	-0.4189900265969903	1.3671759524673617	0.6167254692625191	0.5188983638053958	-0.32532436701684986	0.4326858982659227	-0.6008178150389234	0.07570968807456509	-0.9823441593107893	-0.25288794622246724	-1.0221796560946548
Xbp1_Creb3l1	0.6931053784456271	0.267405877565598	0.48105599769835244	0.9602435210695897	1.0429949066427586	0.28865517166060795	0.47040782871090087	-0.49134572356455825	-0.10026565464554106	-0.4313986393875939	-0.19838846880646832	-1.3024424447450524	-0.9869223721986041
Nr5a2	0.6911999909090304	0.8065587599158077	0.2301318137532993	0.9684881063147971	0.8155060051871829	0.6413571363048947	0.4073190195777878	-0.7161858138175755	-1.104231594056908	-0.3538852208304454	-0.640537211096697	-0.4142451142065161	-0.6402758870456452
Gli3_Zic1	0.6907654821167077	0.17489024285000088	0.4186796083722422	-0.7152199878555958	-0.5425703175299618	-0.974564106024861	-0.5388834240776131	0.9895574887527057	1.2537712075182037	0.3618794258781405	0.5355466780228945	-0.6250880819335227	-0.33799873397262514
E2f2_E2f5	0.6903887578651583	-1.2986864798987172	-1.2205753723050834	-0.1044970463615003	0.2855717524048052	0.29191248779437284	0.6271643416656856	-0.46763465943125915	-0.168868059175466	0.0522280357003595	0.2531522028301837	0.6235610985490063	1.1266716982275902
Pitx2_Otx2	0.6890804354741733	-0.01767039008572046	0.9061756225403509	-0.5659810538419052	0.535108649842338	0.03356843481072338	1.1795695270126048	-0.5554366536136718	0.389500231647896	-1.3214137784732731	-0.10263103572895868	-0.7623438262998048	0.2815542721894298
Sox21	0.6870714799144096	0.5368322260240079	0.48711836185155244	0.6736087144718438	0.4203164632684625	1.0276741414330899	0.7018610521446934	-0.5966388458075836	-0.9093837508139386	-0.7042650401740798	-1.025575589188656	-0.16008720236115984	-0.45146053084822896
Mbd2	0.6854695740950628	0.20172201910331045	0.7871495801922047	-0.0912010484434043	0.47181107101245584	-0.42948287512612016	-0.35942745003681714	0.8237061440311709	1.212936202094084	-0.39825894769763265	-0.172453426823837	-1.0498882316592837	-0.996613036646103
Etv6	0.6803153083073119	0.16062849782024716	-0.33247449877236673	-0.9964406364740623	-1.4643483586435682	0.5110188185085377	0.1363624101462824	0.28241331788594676	-0.14148738280835582	0.16676826131420028	-0.2243948459946961	1.0346589179822785	0.8672954990355518
E2f4	0.678028146641412	-0.41378259692324515	-1.2669846458724454	0.049085913674698126	-0.8621857426656608	0.5035867700485386	-0.39320165562334297	0.43317822654663973	-0.32785808157085494	0.8486742598005851	-0.03330862448522254	1.2313185489027865	0.23147762816753406
Spi1	0.6776904402316668	-0.6185201320364914	-0.12052047667460417	0.7539008575554036	1.0767234049072725	-0.12541873984736623	-0.42479199871869244	0.6318263505417276	0.5845638123556295	0.05270368244177705	0.3134721287404831	-0.8467001784737156	-1.277238710791411
Tcf3	0.6745973994068913	0.6474152397700966	-0.0836075335739979	-0.34425534869669616	-0.9972087187954648	-0.47158563825830085	-0.9520471844033496	1.3649830085916281	0.9133167562838174	0.14519634555512714	-0.22048231627510706	0.11336826184001994	-0.11509287203778894
Zbtb7c	0.6707572131606764	0.2907710776774609	0.16539634904931833	-0.14247996954103026	-0.4644413421692387	-0.875959885289706	-1.2934266189937729	1.0528201798656815	0.8643442891504102	0.6409210412141976	0.33621939084816693	-0.10454791624197267	-0.46961659556951096
Spic	0.6557499767608251	-0.326984968954595	0.1600349151297314	0.07380725060053991	0.23456973332913736	0.764830616342293	0.7673726606830444	-1.29533907628127	-1.1395521393489918	-0.2500855700891847	-0.1670586469632533	0.46268052843420987	0.7157246971183621
Srf	0.6547267525401225	0.4698133838107058	-0.46537814085768026	-0.20385005644291274	-1.0637035683727407	0.5943506897542242	-0.29345101094909976	1.0920234081943838	0.03807598543353815	-0.20318579470896522	-1.0178569305911045	0.892955424531135	0.1602066101985165
Nfatc2	0.6520096186655567	0.021344405679098243	0.5189956749201243	-1.1509236938258733	-0.6432597310854482	-0.6357850834577013	-0.060305726725198634	0.2045059785869676	1.3567281347842608	-0.29490333821184406	0.5792179333923215	-0.3807478359813442	0.48513328192461874
Tcf7_Tcf7l2	0.6519401990778648	0.10206285719014763	-0.6445649170081218	1.037996678339499	0.4594274837409041	0.43549052096780694	-0.46266034390030425	-0.48256473913030734	-1.3519535737642578	0.6828585769825427	0.16800227917726812	0.4891920735874684	-0.433286896182658
Cebpe	0.6517649597287001	0.16769820551889641	0.4417755712722821	-0.6732333802863455	-0.5770787479804388	0.5253460132981267	0.5986083212040484	-0.759009606712185	-0.3215702104309885	-0.6178540298118018	-0.6779634488288412	0.681536054748692	1.2117452580085537
Nhlh1	0.6448430979995011	0.12246266922530348	0.5613681588938891	0.5245846908073389	0.6181523631954001	0.7218008541820857	0.8013947469605278	-0.44729418035121893	-0.0792699444271437	-0.8000510268179134	-0.13378745225169972	-1.2529253745224882	-0.6364355048940596
Foxo4	0.6422996030347814	0.3576562442720058	0.3365800067818037	-0.36075519007210594	-0.3765722491070352	-1.1976291636797987	-1.2044519448519164	0.4521030696858492	0.673676389933573	0.6380034399323452	0.6900627586087236	-0.07816257661103146	0.06948921510758521
Atf6	0.6401006375650898	-0.5974162009467942	0.11993639736045401	-0.36155730990976803	0.31593421749105144	-0.08640685858241487	0.33273351769446846	0.8534541609973904	1.4731102803070537	-0.675226131731623	-0.19409237093925175	-0.8225544175958788	-0.3579152841446832
Gata2_Gata1	0.6371396655919986	1.0406342180526666	0.11801139748548108	0.8818815428330599	0.001874623847355735	0.5685332352554047	-0.19288622414726428	-0.43397353602746375	-1.3172634614641832	0.10629609280324415	-0.6543230362947864	0.3055424984685963	-0.4243273508121026
Aire	0.6341203057016355	-0.2030278918809421	0.9829994892188948	-0.948818632737355	0.2668941982986793	-0.40115350995997967	0.8290243002230526	-0.8789090346348233	0.28313465129320325	-0.6395444130693593	0.34960639535041554	-0.34426193721753534	0.7040563851157347
Meox2	0.633241972025814	0.2541399420308773	0.9812642813786423	-1.0321182726862146	-0.13584865446572403	-0.6404551861111716	0.1816618180052981	0.04482268134969434	1.0471092204396288	-0.6482590825988999	0.05075033263970344	-0.6560984893925721	0.553031409410719
Atf3	0.6328087603646914	-1.0930205291262516	-1.0206596969394268	-0.6059730198652182	-0.3320498508914088	-0.07390664612221008	0.3367903065736667	0.38947746441361286	0.5666695750336657	-0.1275294680282271	0.37162602089995483	0.5898260041460746	0.9987498399057415
Hinfp	0.6325897337293142	-0.5722274283754145	-0.10609817385994967	-0.9329284887226128	-0.24562599658864528	0.5308833679266682	1.2835543219397956	-0.20342003254610266	0.3628353888305671	-0.824173575863973	-0.10055214320124403	-0.05146160010584734	0.8592143605667408
Pbx1_Pbx3	0.6305875937619645	-1.1189079659488432	-0.31192621280126154	-0.7506586612942302	0.01909093370474099	-0.5926781590965754	0.06403949809018605	0.22483078523595623	0.8359880548682378	-0.24889469668278077	0.5186568313019506	0.1815261392535239	1.1789334533690807
Mnt	0.627849559202203	-0.20992702424137766	-0.5924669456631538	-0.7752844297452527	-1.1251922868679607	0.052562058357527384	-0.5374361214180348	0.5289100557083749	0.11898758875102801	0.6756729535372897	0.25378376187754415	0.9854835358395323	0.6249068538644783
Hic2	0.6244397629732554	0.7316820460688953	0.694886492559735	0.6284051287545809	0.9440043872525343	0.10689127030258148	-0.07419914876764196	-0.9040748354890955	-1.0196567876725708	-0.2543005922893784	-0.028626875941030635	-0.19450943751386282	-0.6305016472647468
Sin3a	0.6229347695216725	-0.4323578880281263	-0.13472498674400243	-0.039617369002065785	0.20859403272186455	-0.6513453489806736	-0.8759331319096961	1.1757731961255034	1.049009311404934	0.42320986604667077	0.22315127802100035	-0.30569439482031047	-0.6400645648351256
Irf3	0.6151807097311118	0.5242212394592807	0.4288516306467153	0.9436988460999529	0.5772255618190317	0.6070060087430021	0.372420777254376	-0.49954629824668206	-0.8410649470864711	-0.6085931605391041	-0.8786863090836465	-0.14442528385124076	-0.48110806521520666
Epas1_Bcl3	0.6146153563586083	-0.46655600944469156	-0.248536834075044	-0.6907245770292474	-1.1108523146284714	-0.48308937146805236	-0.4536317271463683	0.7138794243217202	0.7927214700423513	0.4956125759312643	0.5373942539770793	0.5386644711428759	0.3751186383765949
Tbx5	0.6115521742591079	0.9449132711514776	0.9542985355742273	0.3464684173224769	0.10472631366226245	0.5786361256933343	0.4151870322820204	-0.7879066792938441	-0.7186402109484782	-0.5576559062814157	-0.2679744190383493	-0.5898169196979149	-0.4222355604257926
Zic2	0.6112521289312931	0.9059263848053961	0.160533997021227	0.315432457871942	-0.36017577272321327	0.8392786240383525	-0.14412852064356904	0.46176830518924	-0.7447179135053192	-0.1632798642338578	-1.026056413282489	0.5123326800946205	-0.7569139646323159
Foxd1	0.6105958426933796	-0.7401431202965871	-0.5424478212089803	0.1336236909527405	0.4517043632626688	-0.8814158445008782	-0.5495296744163412	0.6166213358760732	0.806476842587877	0.6327407326160106	0.7876743387260164	-0.4668496420386632	-0.24845520155993128
Tcf4_Mesp1	0.6081230263382327	-0.5709198750353024	0.018479427843448408	-1.1280117683362492	-0.34380813348360595	0.005560504504464331	0.5608634149926338	-0.29396073101880044	-0.15336414635279821	-0.1942025990316496	0.06857054076862934	0.7056804979146105	1.3251128672346417
Zbtb7a	0.6038079606647947	0.4208299483886051	0.3759625367028982	0.45322874956528025	0.3360889702067306	0.29513547038418775	0.08282194809972625	0.4442503703394219	0.547925144060797	-0.12465931304775241	-0.42581612526211493	-1.0356599491309575	-1.3701077503068044
Meis2	0.6024017040405082	0.30669841699627265	-0.8580319068649376	0.8837674420129695	-0.3593191070990244	0.5450481819310815	-0.2638151218443876	0.1340353036328501	-0.9665422073432188	0.6759589234882433	-0.5472269790056016	0.69268818463546	-0.2432611305397158
Vdr	0.6022595367647431	0.08105899626290237	0.863876628876872	0.12177857618060037	0.5946917042207338	0.4415911385147936	0.9463964405367948	-0.6615921976938028	-0.2713569764078259	-0.8966974523505197	-0.7746784700457339	-0.47354532028850804	0.028476932193686303
Tlx1	0.6020546615947235	-0.17365704549129787	0.7835411307491982	-0.3312689668836926	0.6199599441030034	-1.032279813183621	0.1701771561923654	-0.09290095018415333	0.945424452017013	-0.3175505212143179	0.46766020626450716	-0.9408723759172288	-0.0982332164517716
Mef2b	0.5987079029529506	0.7044937178280203	0.5749377773784964	0.666052689777579	0.7349150670993154	-0.21542928996089783	-0.06668319162036716	0.3063462798218824	0.2573970613853796	-0.8891196352256329	-0.8799097542652105	-0.5548790409469231	-0.6381216812716458
Mef2d_Mef2a	0.5939275552870373	-0.4367446328169944	-0.41408284519815547	-0.3101734245867236	-0.3702381786849185	-0.39535542658393347	-0.753795076001628	1.1016080041365743	0.8827792916616045	-0.1820811653408192	-0.34752081943358115	0.6999094319603429	0.5256948408882335
Zic3	0.5917541210357521	-0.05781534531918669	-0.4552615801368465	1.110164330953131	0.8349915200231732	0.6744191258214156	0.2770715164350461	-0.5555115769745453	-0.8828715568389842	-0.11864388354721829	-0.42558100727224657	0.08809170762855663	-0.48905325077227874
Etv4	0.5916629027271779	1.0192903164053038	0.023874786792225582	0.5121041606913992	-0.4466230725185028	0.8908386802466464	-0.1686474542369304	0.26770168138417094	-0.79576929482151	0.2941619008047953	-0.5539085325422592	-0.17851650110173264	-0.8645066711036176
Zfp263	0.590090060229839	0.4475193128300148	0.47094533178744424	-0.37151884072620167	-0.10083127938677808	0.05005388248372064	0.07632552528255673	0.9692084209418022	0.9725596717052031	-0.48061081897934804	-0.43123089459742237	-0.8843623874251341	-0.718057923915854
Rfx2_Rfx7	0.5874761976767685	-0.4460383338929119	0.13680809204418337	-1.0973629962858746	-0.3958427203715325	-0.05686977262518095	0.5035957196434413	-0.07263237444074128	0.30228296088871365	-0.5672035927531064	-0.17942623423616072	0.7104173554578336	1.162271896571355
Plagl1	0.5866562155698535	-0.2803428389809733	-0.7184229728902004	-0.613316946969378	-1.0687041417620893	-0.033033200531811205	-0.34078644093962307	0.3412194601964689	0.3454646127858623	0.581124649024193	0.19428969863488013	0.8974414495401596	0.6950666718925083
Ascl2	0.5838686757708137	1.010524049749759	0.39612487966163923	0.713335316741059	-0.046179573066161286	-0.15726075833326658	-1.0165714922448836	-0.19168284872289393	-0.7739947504642338	0.4424788783503611	-0.22819565929011576	0.39948344362074156	-0.54806148600201
Gata3	0.5835780304697203	0.02815037602379878	-1.1014075399820553	0.7865200888146769	-0.5802455489995781	0.892594105407846	-0.18947061898172546	0.0005258591970042176	-0.7497374929537023	0.47221863771711375	-0.1477180295056487	0.5232191745446455	0.06535098871763523
Zbtb4	0.5819592077531229	0.22431877700157818	-0.7701228691949256	0.5741546909469896	-0.5308049106244561	0.0624139527679833	-1.0604010037304958	0.6563557706793434	-0.3289548854152894	0.9506468335802823	0.20908504223692168	0.31842994387319107	-0.3051213421211131
Ep300	0.5809961922240171	-0.018345622399626504	-0.01672083452705819	-0.6976711453382741	-0.7599701061725453	-0.6512027681829045	-0.8558666558581317	0.8055383690347167	0.7692221719893929	0.5235512319055828	0.47052128386880177	0.20444919536795778	0.2264948803120925
Hes5_Hes7	0.5801282895664956	-0.0031451151864417305	-0.33674564888521474	-0.39830866696515993	-0.8446933674101439	-0.4837544877304233	-0.9441633224598992	0.8391047690308306	0.4650315899390808	0.687354616159394	0.17925255440944754	0.6936789424938071	0.14638813660471942
Mybl2	0.5796594281419181	0.22306551160623078	-0.8907932188816131	0.28411818079598333	-0.6204175640814789	0.8461659089180124	-0.13807428186670465	0.33088477011581885	-0.7786034172632345	0.6893896787250003	-0.42162228370682037	0.7409950094141774	-0.26510829377537115
E2f8	0.5769470644302038	-0.45273806410962525	-1.032019630470677	0.09854761914087394	-0.60064061822373	0.8369530048722652	0.37499786217187053	0.014434632697944738	-0.4637528474570058	0.1402800024827153	-0.32077663132718537	1.009213452999851	0.3955012172226934
Cpeb1	0.576715512533269	-0.5037475302952472	-1.2168577285484465	0.3724548266357863	-0.43207593419062085	0.4253169020240943	-0.17511931357374108	0.9323586289793531	0.2255253869144846	0.6153609806452963	-0.031129855087775413	0.3397419686745292	-0.5518283321777047
En2	0.5743868438994543	-0.02462877006604807	0.9866895542478212	-0.36095025673047465	0.5384554464924226	-0.6811506315152238	0.28603584296114004	-0.849631224366969	0.15583692835926033	-0.3962725910374138	0.7378748153902612	-0.6932688136098449	0.3010096998750543
Junb_Jund	0.5740712129988559	0.44584126725623136	0.38583390581746135	0.12658826307659427	0.033577208990007816	0.13948591687991535	-0.41827418112867193	1.0480515845123601	0.5167070570343434	0.09833061890695878	-0.6839103450406905	-0.6002851512755718	-1.0919461450289276
Nr2e3	0.5704425700211745	-0.27764328671744787	-0.7193196603180685	-0.3030927210706068	-0.6048579592638604	-0.3295231669945703	-0.7621620219229475	1.0737165300694012	0.5999306905979193	0.6606829590412379	0.2878854267068533	0.36170510093283137	0.012678108939264646
Pax3	0.5677507949986477	0.8305886976064021	0.7737560932471701	0.35900383592046986	0.40019039123839273	-0.5815819069091664	-0.6268275338392052	0.26781726875330125	0.26784529869347345	-0.001970124833651607	-0.007218055339493799	-0.8098988335741757	-0.8717051309635127
Jun	0.5664798726978473	0.3954248245698338	0.969959017406164	0.19413261901318346	0.4512659396189728	-0.165737684856928	0.06682422439264556	0.25647782833403004	0.5949885202425497	-0.7388858021319515	-0.4886632725876397	-0.9875443097992432	-0.5482419042016313
Nfat5	0.5643280907697739	0.8760200486643586	0.35546312526502616	0.8653739889046065	0.24464112286686732	0.40640841278198364	-0.09277126670027729	0.055079042590184514	-0.46279784198031604	-0.12293592655976053	-0.6011836283425347	-0.4523219232750093	-1.0709751542151393
Myb	0.5517697313699685	-0.5221987121499881	-0.8292771686051337	-0.18195197036575686	-0.4873490019657516	0.35192671675484055	-0.0742648616268498	-0.23035778497922668	-0.41527593775157956	0.528999343736426	0.039230869033137085	1.1642087253935836	0.6563097825262814
Hmx1	0.550485934261708	-0.8919526243260693	-0.8387333626550169	-0.3667388527440675	-0.29861800171007846	-0.1791245932156213	0.008604934622376617	0.7486991069801653	0.9762509683609275	0.3016398527152165	0.5260625759001464	0.0137660843126982	0.0001439117593055358
Hoxd11_Cdx1_Hoxc11	0.5441251966737599	-1.0625444929111258	-0.051476859144187835	0.10856311838343946	0.9400179240447994	-0.5458083599492749	0.2608827805864452	-0.6792155497070508	-0.11003750174779543	-0.03705147752872449	0.6247545460727213	0.009132884825131648	0.5427829870756333
En1	0.5434263628253604	0.6566472231538546	0.07719209567447374	0.9660204089480859	0.12410140923018406	0.6967749590266092	-0.3577771340044186	-0.03972721978146204	-0.7774796858257688	-0.1952020798299545	-0.7346455269452772	0.16228882052505655	-0.5781932701713717
Runx1	0.541513681557825	0.48678190784132835	-0.4862228643399923	0.22479206814766045	-0.7938638640298904	0.12456672683112044	-0.8203781889212565	0.8942554608985885	0.026215061665272182	0.3077883000171951	-0.5270546046594632	0.6967314323686217	-0.13361143581917187
Tbx1_Eomes	0.5338714270589269	0.07427278971575815	0.8644994978864021	-0.8895270537141643	-0.036567452583151694	-0.8815572352454046	0.05073862659299845	-0.227732523193752	0.5859095255259439	-0.23271421817544818	0.6064805923519689	-0.32716723478549187	0.4133646856243412
Nr1i2	0.5320585101572555	-0.3483969867156462	-1.02817329853667	0.7016563305457997	0.04077176743665325	-0.2624857308418003	-0.6685132524578048	0.2105912422863521	-0.3250857886430445	0.7954580260080674	0.305500385699217	0.5767186500644799	0.0019586551543929313
Gfi1_Gfi1b	0.5273272200576169	0.20494680547410826	-0.2686701451322894	0.2613631644986753	-0.07543796610038449	-0.12212657659243531	-0.9229412463721218	0.7510662696930518	0.05843373034792146	0.9286468381816003	0.18578254090152524	-0.10273467154657052	-0.8983287433530915
Ddit3	0.5261401384225117	0.4194041323999785	0.1421236668588597	0.15505330568680156	0.03709374271975382	-0.6835610830268979	-0.9899972130392911	0.8085499680486312	0.6560985261971254	0.21593026781802	0.19411039860840276	-0.3576851833857782	-0.5971205288856026
Nfe2l2	0.524253111039656	-0.10662892487242012	-0.8608045146886637	-0.05571338676213177	-0.8591660162507673	0.3066253379876775	-0.5185929777788421	0.8220163335816585	0.12202934270122877	0.6262863536149731	-0.13279655304414645	0.5787574245611028	0.07798758095032168
Meis1	0.5241063443286305	0.06696492800239755	0.8099225916178614	-0.6463918461983276	0.19043096282713515	-0.15927300154747168	0.702119707696682	-0.7121677946970664	-0.09349397069307273	-0.7690936384084793	-0.056713574589978125	-0.07223714657190951	0.7399327825622184
Rora	0.5208338227785756	0.12104661217616834	-0.7061325773059197	-0.16681672468107178	-0.699789447442223	-0.04486664769803932	-0.744205667895755	0.9377827478215757	0.15011089562483856	0.5029191815076398	-0.18226469560568936	0.6750877745788859	0.15712854891957542
Sox6_Sox9	0.5200527192929851	-0.6762129038832426	-0.9238456446908105	0.6414060405394326	0.3187717661992628	0.790971073398593	0.6715746269661544	-0.3455117995655328	-0.43068534068290426	0.10734906314438511	0.05158632334303465	-0.053254850545034725	-0.15214835422332737
Hmga1	0.5188753740102411	-0.0749386663526181	-1.0106937430198604	0.30674975263552556	-0.44459072770079017	0.7198642462045837	0.09677149540792716	0.10914550316897506	-0.5970091371297247	0.19137810626818186	-0.43124448167725093	0.8409484986919229	0.2936191535031162
Hnf1a	0.5155242974745115	-0.2993970427503572	-0.8982415015472739	-0.06180619005279765	-0.6235224671133571	0.126017351069868	-0.4346809604228211	0.46270626824111505	-0.2708800791335296	0.9002404063727037	0.3305349736623686	0.6946894067116937	0.07433983496238557
Creb3	0.5149651479692514	-0.5493121485782867	0.09305344168322396	-0.0005516501183572081	0.48374930929736437	0.500182453187325	1.1137577134071994	-0.5217782269079565	0.13368660796560594	-0.7735993593255319	-0.2880809441152354	-0.37607260657434693	0.18496541007899936
Atf1_Creb5	0.5141448209261043	0.31911907932915606	-0.2670087647079973	-0.419198433695647	-1.0113042078068393	0.05518911439696791	-0.7286349364932025	0.45611322420804534	0.01506734100412891	0.31023189352777875	-0.02396512330598212	0.8959740400780758	0.3984167734654867
Vsx1_Uncx_Prrx2_Shox2_Noto	0.5101543492035316	-0.32303926269789773	-1.0138019085444545	-0.14877395167192517	-0.5487250672462958	0.12246003343906538	-0.4196042306931408	0.6291807529488597	-0.015799268178862437	0.5840088967854977	0.026569851551669472	0.8042102008409933	0.3033139534664873
Foxb1	0.5081273076520112	-0.12890547030472407	-0.1613902274416759	0.6669127975218866	0.6667675270297322	0.6485213225858873	0.5254821303733003	-0.7997072649549924	-0.8413204372690217	-0.26512400065877745	-0.20684874401811099	-0.009085821587085768	-0.09530181127642225
Dmc1	0.5041859477456437	-0.5218805043959298	-0.6769863094797657	-0.33838844070737956	-0.3915603070120754	0.3040729626284072	0.5146233414884526	-0.018119383898421604	-0.07063645122761154	-0.17912278812932292	-0.3642810268556726	0.8129294987354299	0.9293494088538508
Zkscan1	0.5022164661656916	-0.5317406349688818	-0.6023704428919381	0.4153730040945292	0.19889064002926085	0.49164423279639896	0.10136089620014092	-0.7170288358712751	-0.722593321553196	0.44053130899877396	-0.0772863837589896	0.7994694605872635	0.20375007633790715
Myf6	0.5009363991606497	0.9739922372142383	0.6911397937781864	-0.281536920432863	-0.42714456918643795	0.5738384209789353	0.3240254061734527	-0.07411996076047433	-0.5044814635716095	-0.10197840243686371	-0.22554265130022627	-0.23107807221450452	-0.7171138182418301
Zfp219_Zfp740	0.5007232749544452	0.3240524787973219	0.30741389787631174	-0.14422035690515342	-0.20239322669526683	0.016145741990333518	-0.31459384724926087	1.0064166168435074	0.7494583290930571	-0.17819520174422274	-0.16903935073591309	-0.5557227787081409	-0.8393223025625578
Irx6_Irx2_Irx3	0.4978362871632612	0.4062014630125018	0.44050989905940446	-0.25807773781602233	-0.901231063445116	0.17132601821236262	-0.14155489473748087	-0.13111679613096805	-0.11379381081444472	-0.418583701511974	-0.5655992840176313	0.8524603934982689	0.6594595146911045
Zfp148	0.4970598871916542	0.3900396683279695	0.4695611538695588	0.1665246634715638	0.19141824727692644	0.8138696568154454	0.6769733347691388	-0.3217304328828462	-0.36387151559522174	-0.37997918868447683	-0.2563380000445512	-0.6919801181120957	-0.6944874692114308
Tbx2	0.4958752938841979	0.4355233422784177	0.4417044800920125	0.6915679976512038	0.6132462325790945	0.14360278470529275	0.12009916911377967	-0.9402818295824741	-0.7734530229682366	-0.0805025151704811	-0.07320292998406834	-0.2021891128403621	-0.37611459587418916
Bhlhe40	0.4932240543344323	-0.11372201697883508	0.21917385760061203	-0.052493488359582556	0.24020367340742824	-0.7629097945939713	-0.40967336781480684	0.6545649858691533	0.9527099240661256	-0.032744808066130095	0.3170587308654951	-0.7274444570087593	-0.28472323898672136
Hoxc4_Arx_Otp_Esx1_Phox2b	0.4913597140810288	0.10333667278614567	0.44513383791285777	-0.32257697907687627	-0.1729146540408166	-0.8849864520591425	-0.7287611365466802	0.18561807450279882	0.5920828815849224	0.5023407939031382	0.7086298712462606	-0.2812990467800993	-0.14660386343250306
Prdm1	0.4892936757286112	0.7284862734668351	0.5914528376980487	0.7206787917184225	0.4481673184199313	0.06323627715249688	-0.08924700040561169	-0.2977611034216204	-0.6456256702058383	-0.04488196530457827	-0.3602460006429637	-0.5245566826135922	-0.589703075861522
Rara	0.4882310232707718	0.5662476772790779	-0.18285579479508374	0.6989870729778581	-0.21918849048577074	0.4093879332317214	-0.5264994644735481	0.3139308515687922	-0.5813217225638022	0.5577011497241401	-0.39620445881956623	0.1357149800151422	-0.7758997336589649
Smad4	0.4856137408267287	0.2427928704717812	0.5006216813593091	0.34146855586004726	0.7024366769267011	0.4120824527664554	0.5812458764196193	-0.5272823980362878	-0.23341362842743893	-0.6064292308778017	-0.41125398158620957	-0.6255026280478918	-0.3767662468282783
Sp2	0.4846031348721612	0.7323547396445277	-0.321279994463802	0.5174529670724441	0.017273005043203563	0.6229590831940426	0.05278497656393266	0.37221099303573557	-0.3536242862105104	-0.2917763194070733	-0.9414701763159902	0.11414962492443317	-0.5210346130809375
Dbp	0.4841911979395623	0.18629639371910464	-0.4443433736793619	-0.2159987222481232	-0.850838184479147	0.3321735013648327	-0.3796187901399951	0.48700300155210785	-0.182472015424998	1.002168760209382	0.26928848469999506	0.20480568835689847	-0.4084647439306927
Dlx5_Dlx4	0.4816046345791508	0.9887803271473582	0.9170861543041942	-0.0006343555028280666	-0.06350029282539067	-0.25382606925125273	-0.19505151307573065	-0.39342783256082875	-0.3706877065715505	-0.630688545632123	-0.31084619457103085	0.26262506304777633	0.05017096549138382
Tlx2	0.4807572744807897	0.6035713909806225	-0.12503129044930572	-0.1898753532797846	-0.6162381366948584	0.8336304815659684	0.21362949088937186	0.6126570533892985	-0.11458118538656897	0.10475220772941067	-0.6549571697533769	-0.02883278779388175	-0.6387247011969057
Tgif2_Tgif2lx1_Tgif2lx2	0.4793280388509244	0.11905943341992214	0.7848099269685124	-0.46749763214299095	0.38178613230588604	-0.47964495451780037	0.4021411336239648	-0.35934398344350155	0.43530577152946176	-0.5656006204187357	0.35812486174556035	-0.7620460949506728	0.15290602588038826
Nfe2_Bach1_Mafk	0.4784973006397538	-0.029687021501037716	-0.6405716921659277	-0.14984335333158522	-0.6249524789184994	-0.024350005725164048	-0.7261147072448224	0.8426344800977681	0.2947309937839854	0.46883900630910713	-0.016083155566921258	0.6151307432066797	-0.00973280894358677
Barhl2	0.4782513284021306	0.31044084834482344	-0.07754440656138173	0.6281334870265742	0.1872445185807861	0.6797131019573264	0.1061457422016424	-0.5260232430390472	-0.971498985541058	-0.06819096384624544	-0.601823806773726	0.3863432502832349	-0.052939542632928965
Hoxc6	0.4781737791136168	-0.34940416454239953	0.44963006056206684	-0.3373610937000047	0.3881765958320353	-0.3831664338019453	0.6304222555294685	-0.27723584515041905	0.6917986465013907	-0.7131984669074146	0.23422311348748887	-0.6339070512766455	0.30002238346637866
Lhx2_Hoxc5	0.477304747811471	0.7707462841415463	0.5242814487836212	-0.7141132514425178	-0.9453497571386237	-0.0593620554693792	0.038442993095652266	0.2762448733748441	0.010852442004077048	-0.007949581214661591	-0.44288424953956046	0.40276854522386385	0.14632230818114095
Zbtb18	0.475936537020147	0.023358556103189473	0.08099666974183214	0.9568308327873074	0.7928181721436721	-0.014647725231746832	-0.4218038357786129	-0.28125562164427076	-0.6206025061278075	0.3730898696749114	-0.09220378230049331	-0.22560287590337988	-0.5709777534646215
Hsf1	0.4729702609105284	0.39133182531287297	-0.4919408385769105	-0.08753473927907056	-0.9054071834065835	0.21577652403878247	-0.33321758885408753	0.8303069624559141	0.044690046058851594	0.2567908323922019	-0.3869698512885075	0.6128849151602432	-0.14671090401369183
Crem_Jdp2	0.4725269091864016	-0.8216465076147027	-0.007050150126838477	-0.09041035220476823	0.37195493466307994	0.03477270003786358	0.5851006845269872	-0.6183596674632982	0.1032493531383407	-0.6018066800885732	0.09037861123836369	0.09226660748504552	0.8615504664085022
Hnf1b	0.4719643578886021	0.4680389742450749	0.14716944757949105	0.7189081525612859	-0.2122647461643186	0.7021004037885298	-0.01303659074941405	0.03493773240438762	-0.7919230592744418	0.15030083873420347	-0.48940343823316607	-0.017320800850932017	-0.6975069140407032
Tbx15	0.4693881044986645	0.34654127764462245	0.023661011161316418	0.4282435457388504	-0.11997204036005037	-0.2108173611902895	-0.6567270334273159	0.32671611716259913	0.090202994373282	0.7419028673473036	0.4252621676844582	-0.5739101391538297	-0.8211034069809459
Nkx2-3	0.4664210049686823	-0.28880269612000115	0.11501081160090827	-0.7678841107378164	-0.4650722246272064	-0.5975216461252701	-0.21372535550989286	0.3221230798299643	0.8268819153676193	0.006657768288695287	0.3959933837523371	0.06959470119300276	0.596744373087638
Prop1	0.4634091300182507	-0.036596086634258104	0.4897515872394219	-0.9508606501820136	-0.40406759869300024	-0.3306367726585822	0.18868495897939408	-0.26990944629955615	0.33647991610731487	-0.17613253243588764	0.5643913037664869	-0.16075678583963116	0.7496521066503042
Hey2	0.461905054126731	-0.2714877377975312	-0.11327809768327061	-0.6492534526456155	-0.7191972755057923	-0.41764625651544934	-0.22330463393870778	0.27446460458918365	0.357127417458555	0.12769720199064197	0.18364259710877903	0.7742248409586228	0.6770107919805762
Hif1a	0.4585633135627126	-0.31402520801489625	-0.6655797627094712	-0.07887820593485824	-0.2442107664704394	0.516955863673886	0.1618148347591689	-0.3760589850408742	-0.746972643594604	0.4136992049140531	0.14125958277329118	0.6998014548736082	0.4921946307711448
Zfhx3	0.4573742665853434	0.5052264491393114	0.7284504986865904	-0.0816771546601935	0.40652570845986524	0.002163194790796506	0.5799379053852008	-0.268542471079358	-0.01180888408361357	-0.7669242240967266	-0.307347610877754	-0.668993798663987	-0.11700961300014495
Hoxb5	0.4550712122526898	-0.4596372846288975	0.26256696929916107	-0.34254092751124793	0.4729395029714409	-0.05698043653863532	0.8050724103792927	-0.7158594592230358	-0.0908641953872406	-0.5190591693629277	0.25381684409058164	-0.17999767374444695	0.5705434196559506
Hoxb2_Dlx2	0.4543162067779906	-0.0754301030381946	0.6047544057858065	-0.1927340896685611	0.4760135098440487	-0.6884294433454092	-0.4347802868291802	0.11303561719415348	0.6035364810843412	0.021332419839742447	0.5142147676160294	-0.6870756733934958	-0.2544376050892837
Hoxa4	0.4535399715007793	0.5365406075374946	-0.3583240896810021	0.1295456081450178	-0.5970931031417883	0.3634020939719337	-0.5730974909849968	0.45582444929759236	-0.3624701458728095	0.49950830947700003	-0.3033242970173942	0.6125277915847179	-0.40303973331576626
Esrrg	0.4493656645468464	0.8016189640032224	0.07821076139646294	0.5581466503039116	-0.06779439881710077	0.34414919448624387	-0.26689813677383595	-0.06064028439896537	-0.8738508612257716	0.2725697327197931	-0.3148725114753153	0.09419900000706506	-0.5648381102257131
Alx4	0.4484827662284147	0.275356213069312	-0.39437159328889404	0.19605036678819293	-0.576400204248494	0.5613334670324089	-0.19354245624024272	0.48907128523978066	-0.321521088380998	0.3640259074502855	-0.7485203824326038	0.6002685689850243	-0.2517500839737676
Hes1	0.4449855073690109	-0.4931641553817058	-0.550482645302299	0.744252296217762	0.5763809472456735	0.32433015206464794	0.20648928005507747	-0.25972979730485085	-0.42771007241058795	0.3676139075488503	0.2737262914929634	-0.2302059396854935	-0.5315002645400437
Hivep1	0.4447182698618376	0.3143870820727697	-0.1100951327857275	-0.3696641343339333	-0.7842835610721313	-0.19241073362248423	-0.6384594662291004	0.770347916595941	0.3943371679536557	0.3701109634191133	-0.0706172456813163	0.4081564204689539	-0.09180927678574843
Zbtb6	0.4429254453367871	0.5816549321587139	0.32530218288511614	0.599990095796796	0.31647084530538044	0.33726293706317434	0.10845902967519748	-0.4023183652944531	-0.7788727898444837	-0.19174892312899028	-0.6636231208382082	0.04447180564791437	-0.277048629426161
Zbtb7b	0.44169505445584345	-0.06646832736372435	0.012008556209048489	-0.1436043217652695	-0.20201685499668667	0.655058735691448	0.7863592141822897	0.3654995289467499	0.4182207227833292	-0.6216485245007324	-0.5718141920365318	-0.2596565026204237	-0.3719380345294912
Zscan4c	0.4376723764431786	-0.10016903472941989	-0.6141506231534313	-0.35793832165710754	-0.9314607246345179	0.12664049594071333	-0.12139509876174837	0.32614535735653716	-0.016501126934481195	0.5434032502188616	0.2604920521979357	0.5511333530928977	0.3338004210637568
Nfic_Nfib	0.4349759983791959	0.38985628896014246	0.333316019087978	0.45576677858052617	0.42284049478347424	0.232700583302923	0.5155561305514224	-0.10687684940311394	-0.043767731240099556	-0.6430991769072462	-0.7283998468371178	-0.39507185986334614	-0.4328208310155475
Rest	0.4345975226715845	0.13620524994201466	0.24507668196963908	0.06648730015776778	0.0039706287641894265	0.6991697439105539	0.7590737655255816	-0.439567494138303	-0.3317431799787383	-0.6785508913626617	-0.5805438172574131	-0.012009853884733895	0.13243186635210535
Evx2	0.43233468250242296	-0.547117344779459	0.1776160045618576	-0.435453169221024	0.35293343350560524	-0.2284613989303806	0.6583731115787685	-0.4723297139063643	0.34019111790407786	-0.4312326764288028	0.44201800294116217	-0.3651814937887023	0.5086441265632561
Isl1	0.4278622446879545	-0.6375888701706077	-0.658373124457598	-0.03469244315713821	-0.06955719867335393	-0.4657129186065264	-0.44339676302321046	0.4236525930783494	0.34414584475508697	0.4780650238466138	0.5034044957185064	0.2970188319779453	0.2630345287119385
Obox1	0.4265367663447997	-0.3883804411116115	-0.8578656647976434	0.16930772818042159	-0.30946727411585095	0.5108686918231091	-0.08620737049390274	0.08877397604087982	-0.37142467358926823	0.6018840652063809	-0.019263935219168516	0.6276459510919977	0.03412894698464274
Figla	0.4257326064169262	0.06268541332650164	-0.5606228461752413	0.5619886986185272	-0.21715907015142674	0.698244207044825	-0.13801655089703907	0.35286935824588367	-0.4189146927271939	0.4199151469366727	-0.4299699795910195	0.20271050993971246	-0.5337301945702075
Hand1	0.4247559540773969	-0.12958251846320473	-0.668204451080311	-0.4244460248846146	-0.6399392241311377	0.39654183254525194	-0.10190770769363194	0.41948125324337254	-0.07001156309918688	0.45222056115969805	-0.03972706378731454	0.7441026323819292	0.061472273809150865
Nr6a1	0.42366007342053946	0.16114991637314963	0.43479299151726375	0.29657987976664024	0.6660140003355756	0.18444637689369428	0.5829072776249815	-0.47825670232890893	-0.35986878610583195	-0.2540986351697662	-0.17101945018195522	-0.6231015626097086	-0.43954530611513204
Hnf4a	0.42195258685519865	0.23222726111041148	-0.189913018930287	0.45618605617558455	0.06427783982020156	0.6596723548385923	0.4450127647381937	-0.3067863669533695	-0.8361342301459677	0.26665454299202346	-0.21490945262870753	-0.038637156019027744	-0.5376505949976498
Neurod2_Bhlha15_Bhlhe22_Olig1	0.42117273276805306	0.20651663096204612	0.10336970163955733	0.2054888193086138	-0.17734899696092143	-0.49455157799253874	-0.6010118015796554	0.812054365583054	0.4702524248641968	0.28748394861952925	0.09761857948242031	-0.387301706019292	-0.5225703879070059
Cebpa_Cebpg	0.418687322629882	-0.7503440725896019	-0.14059185757523995	-0.16502384781977025	0.5335329892314077	-0.16970149033590437	0.483206841725151	-0.5394077090814736	0.20796513192687563	-0.27571885986604705	0.5100686260729312	-0.18567074450165214	0.4916849928133145
Glis2	0.4160804476458369	-0.2907904764479573	-0.08008755844979307	-0.26643974190086295	-0.27238069617070704	-0.5069267608557255	-0.3007393856324655	0.8259725104365908	0.8878388101966938	-0.07949131105756904	-0.040091320102734036	-0.0013053127078851822	0.1244412426924093
Irf4	0.4157980828399157	-0.5950917555990631	-0.3155858096620211	0.06804464419641193	0.25931915738795436	0.26375214076948256	0.6010865590092059	-0.7095510844647821	-0.5250420257411041	0.07545742309907731	0.3698220823179078	0.0699616377526349	0.4378270309343029
Zbtb12	0.4148939348119495	0.15349548283487882	-0.4768346900240773	0.22689025099428717	-0.40394294796124497	-0.031819599999174136	-0.644232215397111	0.6075081349253532	-0.047146355856937154	0.739458075269515	-0.11053164988698196	0.3496872360718423	-0.3625317209703448
Sox5_Sry	0.4131218894389468	-0.5584081994579191	-0.7188544255311402	-0.09272812064109462	-0.15757038244509253	-0.15979552878908124	-0.20805832371593697	0.3895580554768196	0.4647391187172574	0.5958477343008455	0.6137006965043752	-0.041614225543428085	-0.12681639887559568
Tbr1	0.41178855430579536	0.4685281608892657	-0.4188274830259748	0.8219425349150149	-0.16679983957871564	0.24905498611210092	-0.4199098218915796	0.5362851529276834	-0.1329495880945549	0.02520167828532195	-0.4891414847172836	-0.09365355008039214	-0.3797307457409048
Isl2	0.4106764382538089	0.7105838624144702	0.4531743228461847	-0.021699395566317423	-0.4537954633266937	-0.2785363029554311	-0.529456113665534	0.5466009619502213	0.43213463622819454	-0.030735110278958953	-0.12580029665530829	-0.36222816679641184	-0.340242934194426
Hoxb3	0.40965517487087816	0.12072935661517423	0.5802113381757092	-0.21319664427529686	0.19892926852283466	-0.20436581795809303	0.33625669180629003	-0.10091639720880125	0.5964247340414938	-0.8083787321832603	0.008548143971235257	-0.6252579999491695	0.1110160584418887
Elf3	0.4091318728212509	0.1583206700011007	-0.11529061133947689	0.7946544045601281	0.5449288869296715	0.3059764315938104	0.1499880908940308	-0.34994238007437156	-0.7347162964887958	-0.09735391989552232	-0.37976019312403225	0.0506667201008817	-0.3274718031574433
Pax4	0.4069277455577375	0.11631601224687815	-0.46225719521253594	-0.3028709832448503	-0.8077716807617422	0.24304118398115995	-0.10693040842832498	0.2362160094483055	-0.19146587129959505	0.3749483085398491	-0.20044611559119302	0.7316856033560806	0.36953513696596274
Pax2	0.4060404786481141	0.2996251927490799	-0.12757105801081778	0.5665384041789905	0.35637117363987114	0.07907967874479502	-0.17946821944476773	0.3972479218260701	0.27474594334452324	0.06186835415522861	-0.28708589449841715	-0.6030664776559821	-0.8382850190285707
Batf	0.40324501854510814	0.3487147223252613	0.33340914483638184	0.5705297581669894	0.5485439204964472	0.3296353415476394	0.21529861080116217	-0.4742534098532542	-0.43255351119729213	-0.41984282512468146	-0.30287831445631236	-0.3457521143804648	-0.37085132316187164
Hoxb8_Pdx1	0.4028571658599314	0.7342238251175514	0.5977822182533328	0.3778294566989883	0.06181977483987532	0.0003692035382887294	-0.46634002112148	-0.1661370283345096	-0.14731494949165605	-0.05488460009910839	0.1420567736498737	-0.4132196056601621	-0.6661850473910013
Hoxa2	0.4021037578905815	-0.6599584147242861	0.4846947282339719	-0.3954680316696947	0.1992254879698942	-0.2961128834613011	0.10458284236926726	-0.4269402031947006	0.3374850337878267	-0.37662771901135145	0.3134120468119845	0.055611140405864304	0.6600959724825405
Gsc2_Dmbx1	0.4012924276053107	0.35994725286230855	-0.23154033961914802	0.638475123223218	0.10890305867668194	0.6115042225064381	-0.021081482356933842	-0.24008389138666622	-0.7930347251585412	0.1214805126878793	-0.3674332046354302	0.1317571997052593	-0.3188937265050678
Pou6f2_Pou4f2	0.4007895522034614	0.6369595472585994	0.27876338330884814	-0.14908293139484807	-0.5695529504668143	0.12238348715430694	-0.26732955107163603	0.706023607997299	0.3052485544670316	-0.09428551420394866	-0.46965790694073184	-0.0691077940954485	-0.43036193201265527
Nkx6-2	0.40026162902804097	-0.1937858036008093	0.3981640236128166	-0.4965997508116377	-0.06173071782036853	-0.7084585779664084	-0.2847434139985636	0.24285063827188122	0.6801303284163991	0.10667178658860173	0.5239670402889731	-0.2824289432504632	0.07596339026958235
Smad3	0.39978999482605343	-0.3539747956106446	-0.05321373944347609	0.3493830230147736	0.5640941860325651	0.23523575180769726	0.2758018198654638	-0.7568379470310636	-0.7302311323068383	-0.010890094729770615	0.02123820320176471	0.1747029336030076	0.2846917915965157
Hoxd8	0.3959114953223817	-0.5567415122009173	0.01457758075810552	0.012963250648014832	0.531150104008267	0.1169794672182063	0.6965017642803164	-0.6684352053538329	-0.09727500231071928	-0.33327079230344764	0.26182216466897307	-0.26623297966521486	0.2879611602522444
Gmeb2	0.3935698913071417	0.3808267115706102	0.5662441004339787	-0.08876604116016762	0.3838331257178174	0.03105526597999586	0.4234253785090112	-0.1431118443699313	0.3120815523040725	-0.6650482944045397	-0.3655858212749556	-0.5048059369382333	-0.3301481963676698
Thra	0.39309085513509306	0.39172183245898695	0.3491412770024692	0.4387350478067862	0.5167996746509839	0.317900980488578	0.3009842910895498	-0.4786595537974929	-0.3119884671823733	-0.4867495294652003	-0.39075904976884834	-0.35688463706655776	-0.29024186621688824
Gsx2_Hoxd3_Vax1	0.39124973872528657	-0.25939400982103017	0.4362026875641447	-0.28072564593499677	0.44067436839582524	-0.3790169134846513	0.28324348629851026	-0.40409444587046534	0.38167025951691874	-0.5032213832683124	0.35858104570250415	-0.4779631834932811	0.40404373439482955
Nr2f6	0.3909476003116985	0.3575332293543645	0.3783308657758937	-0.15645943235260035	0.12234699028968443	0.4817285654621977	0.6766705168842438	-0.3336534768696026	-0.2535006473918319	-0.6379292604552232	-0.4737312713756996	-0.16356971651307955	0.0022336371916500666
Lhx3	0.3904936169882308	0.00901591981364074	0.4460279877326717	-0.37383121299112704	-0.005160193653595429	-0.7941860795080118	-0.20853610959179855	-0.01563750341556049	0.48752020657427053	0.10147964168243631	0.6487830255277569	-0.37578907476033047	0.08031339258965517
Msx1_Lhx9_Barx1_Rax_Dlx6	0.386961254352173	0.01200284576848728	-0.2196116788438112	-0.09257506383624188	-0.5095007054030788	-0.19185336528019586	-0.5998533890631034	0.5031561329897406	0.05335434722182314	0.733382303306747	0.23020161052332686	0.382366284741912	-0.3010693221255998
Osr2_Osr1	0.3856441006637573	0.27862031167565915	0.30478110389286156	0.2121453814156686	0.4938770073999819	0.27573869216738545	0.5019786013544586	-0.5993226734727858	-0.6544533134993695	-0.3444205078303263	-0.1570278793655597	-0.2502321557028371	-0.06168456803513381
Zfp784	0.3855417730880497	-0.19358406944619191	0.24406976766193966	0.20477807050102434	0.6793655767322209	-0.06432256316650388	0.44399574956319043	-0.4751954953637702	-0.016491775802188885	-0.6578914657267172	0.19819183239336022	-0.511522657664931	0.14860703031856312
Sox14	0.3819132819661891	-0.4539354383607717	0.1571436442251428	-0.1347731723851956	0.5554305082300863	-0.6257010989932139	-0.10052135291772914	-0.4780627078546217	0.13114758380190028	0.042946286470023846	0.6138265627620424	-0.10286817720156094	0.3953673622239034
Sox18_Sox12	0.38158597899076185	0.5807621394082884	0.40943834881357627	0.26966361909491604	0.0628535098781259	-0.12734040433637703	-0.4884941278972599	0.3972434776419373	0.3064708966335596	-0.1812546103552546	-0.15243622355960804	-0.43080109788334425	-0.6461055274385686
Trp53	0.3815179147222688	0.2625456473166355	0.15833304579013763	-0.4142257768329031	-0.5711273425253851	0.27881701870087156	0.45278401994851675	-0.32014234887986825	-0.46944002460157863	-0.1613151024260431	-0.198367937706698	0.46266206994309134	0.5194767312732366
Emx1_Emx2	0.38076360508979423	0.8115528428128375	0.12655213775718158	0.23789157046801654	-0.46093632897720654	-0.10812802060912344	-0.7381846508541762	0.3613708804557663	-0.03787601120153445	0.1009754704091962	-0.19579120786191953	0.11586937603865141	-0.21329605843767988
Tfap2c	0.3804320980557208	0.23584778095299377	0.0807815289281419	0.39272879071898803	0.3852436735297916	0.4816451118768373	0.29557837349863186	-0.09410349872721922	-0.5603528747376275	-0.004786538483892392	-0.40921739018007397	-0.05558585894096604	-0.7477790984355975
Atf7_E4f1	0.3784741632281429	-0.23459911942282205	0.46941451106935556	-0.6741088289804786	-0.013899988255019275	-0.3689084859131682	0.39744328085691144	-0.26735989039236774	0.3265435137918143	-0.37724827710233405	0.34947243303613323	-0.0991554762213074	0.4924063275332913
Klf15	0.3776525756983381	-0.5516580125891474	-0.26240998296665835	0.1119480456811565	0.35195628473936685	-0.2176299661692627	-0.045587468906275026	-0.15893411569325075	0.17705539594239555	0.48137419947782695	0.7782890593676358	-0.469398350871241	-0.19500508801254685
Scrt1	0.3761953919483865	0.09259233195063978	-0.3515566744128265	0.7718517745837106	0.35035562312534996	0.2117116273293614	-0.24714224992408995	0.3484932015103256	-0.24024041581697642	0.20830403614207008	-0.22784079229718673	-0.3045961921451528	-0.6119322700452489
Nkx2-2	0.37417221990405897	0.7881728561491794	0.07296998707535424	0.2625162979917527	-0.001720596735421544	-0.08485434319525681	-0.38903317232937656	0.4661941416550523	0.265783993607943	-0.32143522570622796	-0.5304799662817714	-0.1807131082986317	-0.34740086393259667
Pax7	0.3732996836644497	0.19321740196429552	-0.4066588731080983	0.18599704078946863	-0.4367829276523103	0.6136366778370426	-0.14753800407071363	0.05934289683073521	-0.49808890398238886	0.3177783702210824	-0.33290922308800946	0.6003391831242126	-0.14833363886531564
Insm1	0.3713340983647805	-0.3028100115090601	0.09131184633849791	0.23262981212870076	0.5560258129559567	-0.6615182348970243	-0.25532063867120175	0.1319442039314232	0.44969721802452955	-0.013883205103338233	0.4429539395288946	-0.4894327705276522	-0.18159797219974616
Pou2f1	0.37065119684641545	-0.2636025765471576	-0.5926666907597026	0.1015034623484381	-0.3016610188688019	-0.06838133038025762	-0.566316293529059	0.4347047250317266	0.24058075861323042	0.604845317292175	0.11948839233263989	0.40236987950595804	-0.11086462503918444
Zfp652	0.3704410379672112	0.07662380195035642	-0.27418319909542616	0.0221637276248176	-0.2707541010699749	-0.3484342636126495	-0.6942177277580199	0.3571058473800507	-0.1956174841165992	0.6881561236151859	0.2530448015176994	0.42822073716394843	-0.04210826359939053
Tbx19	0.3690831660033962	0.5937400469093093	0.3655039894637537	-0.2604543195473488	-0.6187245273235944	-0.4430201929540894	-0.5661146924548149	0.2268847288672173	0.20201277291479167	0.10288916150690908	0.024606723778427382	0.25043821384504367	0.12223809499439513
Sox1	0.3688268955573072	-0.2825606460322927	0.2570561859731149	0.03594158602961922	0.5871702587206759	0.08452103524280788	0.6236385114284546	-0.5703666181310331	-0.06853205205647285	-0.5230321091144692	0.0974670568386633	-0.34666120784405285	0.10535799894498737
Cbfb	0.3687771562348995	0.35656592098524226	-0.2365885334713756	0.48812199348222257	-0.2377093153033663	0.15979024418412857	-0.4693828905008366	0.552360625541515	-0.04017947888026763	0.36269583759959506	-0.3398185619761778	-0.0004720305307056794	-0.5953838111299723
Pbx2	0.3676417478863166	-0.45873380113494244	0.015255640996817118	-0.13401277512824364	0.28121293098316813	-0.35656238165971776	0.020882026113481344	-0.4193996411278717	0.20980193295867328	0.21285399118933201	0.8142920451324398	-0.44001970285832614	0.2544297345351962
Foxd3	0.3647086565667673	0.09426719706797032	-0.49279270077870174	0.252004326313047	-0.4540143683807907	0.008646782026183682	-0.5390286233570664	0.4895331027032457	-0.14529283106691732	0.5776480405616903	-0.02132981901718731	0.4004324518099019	-0.17007355788137865
Rreb1	0.3604038204096761	-0.18443516790629805	-0.3326831342299418	-0.3573670647692066	-0.2686380156347609	-0.02304332216227217	-0.3800680277861472	-0.028146453579057675	-0.17733030548732615	0.3219733768225377	0.12170994338795671	0.8314246110798226	0.47660356026469636
Rad21_Smc3	0.360380058395824	0.24043024934903937	-0.392243576033036	0.17752326644234168	-0.5422306007721371	0.4224975200916756	-0.14798506745981163	0.01983530612031157	-0.4114905257135981	0.22629825816070556	-0.35275340051272797	0.6855405162528392	0.07457805407438278
Scrt2	0.3600450411933401	-0.33035201641356055	-0.2954252062934368	-0.1717382744611967	-0.2764586599430732	-0.44337926088499136	-0.31622138787555765	0.7206932644349746	0.4835004272011577	0.3235792826343583	0.31011442386566346	-0.038356161575903526	0.03404356931155655
Atf5	0.3584440962895429	-0.021691613623123777	-0.3707524934441583	0.1282468576960908	-0.36126004698260694	-0.1588244784045963	-0.7220396889842451	0.5560034850598629	0.11478234698330413	0.4987500458863354	0.3091952341914432	0.16091200280591708	-0.13332165118423903
Tcf21_Msc	0.3580904888808989	0.12424416281493038	-0.15578732409661503	-0.557755510776042	-0.8120867223421555	0.11961743112204866	0.07856169079180425	0.463821612945362	0.28824884712717247	0.39499130479681327	0.11019691663727167	0.11464726445917416	-0.16869967347979867
Crx_Gsc	0.3569320475718005	-0.16487831703359654	0.23422714729500344	-0.23013281816650283	0.11114189290205584	0.47357469475111036	0.6798914164139503	-0.5729811768045716	-0.05899131170350855	-0.5179525963200324	-0.04704149118009692	-0.16355569726854446	0.25669825711473865
Hoxa13	0.35687237555692153	-0.4976974807419229	0.26915003931431286	-0.15874956744428623	0.5375978347193335	-0.09126632681512573	0.5773412975461535	-0.403864770213744	0.1876422712071656	-0.4627756900922467	0.06506385868514968	-0.2713379956717036	0.24889652950692062
Grhl1	0.35552631528500833	-0.37635091504902063	0.16519539443639014	0.006254783202490975	0.49481288850514515	0.29221009412361487	0.5753899924708021	-0.5573474352708244	-0.09636479821155254	-0.5343359044422815	-0.15448538342362023	-0.04908620334198609	0.2341074870008471
Hoxd12	0.3555140157997402	-0.5114061701728544	0.14739905451217009	-0.4312344942552982	0.2923380271415298	-0.3710614446951261	0.418957441960327	-0.20359944630921742	0.27553279104790723	-0.3715719565874324	0.32273419031443695	-0.09702567886758057	0.528937685911143
Cdx2	0.3493609758182129	-0.19517292493384264	0.46861444491508697	-0.1697894011697842	0.47568874598324523	-0.3434677660936344	0.35360289969192676	-0.4047996811385639	0.2923322412715279	-0.44177077987386265	0.16007189205732225	-0.4290560274276589	0.23374635671823887
Prox1	0.34753893528298624	0.03609935982577459	-0.2000034223843407	-0.36122000813844796	-0.7064749625487352	0.17765827851571445	-0.20173289909062841	0.2270859763711273	-0.21932048717229333	0.42240281220336845	-0.004793749285600392	0.6193980276212738	0.21090107408279016
Brca1	0.34735253517246306	-0.473212122948572	0.013156715077206836	-0.5382438997804683	0.02570801339736911	-0.07443812191987796	0.40409271097440497	-0.16564400709587307	0.18624667723513597	-0.36961431003128903	0.29004083881707843	0.007921699782092848	0.6939858064927806
Maf_Nrl	0.3455926220801829	-0.3539172497480288	0.10670843550017314	-0.5538939668628342	-0.11559617061236487	-0.16025201309276815	0.051072037441694335	0.4215392288036821	0.7760512547094631	-0.0700802162917804	0.22002388929755665	-0.3384695160359789	0.016814286891197842
Hsf2	0.34508118616611194	-0.17519588156740987	-0.09912036247518528	-0.4439298959827142	-0.11795345185178804	-0.16198427298246884	0.3290015000178521	-0.2675182098077434	0.06899864077627087	-0.29828903122794387	-0.020642807884157455	0.2990321060120353	0.8876016669732832
Glis3	0.34460738090051	-0.303835360082425	0.07360373650095066	-0.6162988526613932	-0.2953495773516333	-0.23321619943287047	-0.0014641180244482751	0.11382157217152064	0.4565917045882541	-0.25702677639723087	0.2982335892009071	0.12087336131830229	0.6440669201700673
Hoxa11_Hoxc12	0.3442175770532885	0.36236377307056417	-0.05241103825982273	0.5707872637730078	0.1706822440655722	0.535845683059453	0.1005190274819557	-0.18438607695905376	-0.437487495864886	-0.02298867967023329	-0.28885765515467504	-0.2322233883454331	-0.5218436571964586
Hoxa6	0.3433059594067025	0.4167877099853697	0.2483265423509176	0.1294358370795152	0.046116509105876696	0.42164634451218347	0.5361341067339273	-0.13770969545492634	-0.3495439057578673	-0.4976277641169613	-0.49185383521053055	-0.08219151179000063	-0.23952033743750073
Nr2f2	0.3408323291304584	-0.07132960212785	-0.17216981358177577	0.1458761921041408	0.09231825172580682	-0.47168306667150534	-0.45228562887357643	-0.14431352563570202	-0.13244647571243026	0.5623961871303034	0.7359096065012272	-0.01497456166160036	-0.0772975631970364
Cenpb	0.3386782288632239	-0.1647226610432588	-0.5416670917275247	-0.08430525730716713	-0.32060562830552003	-0.06964541036700572	-0.0702135048292754	0.30726014944286273	-0.3435762976233732	0.22327353597147143	-0.05578461072936271	0.7076773383375973	0.4123094381805738
Nr2c1	0.3381340513320518	0.4401563082024599	0.2909827754620182	0.43280217945426164	0.3705821186358218	0.2286959687663725	-0.07063046449370672	-0.3632949880121526	-0.5344969713706348	-0.36202262288806575	-0.36726255082235976	0.0810629062854215	-0.1465746592194255
T	0.3379017599592791	-0.15931634011194756	0.07169477495644523	-0.09920311159641479	0.2697005074026472	-0.6294085673378803	-0.14380867124543203	0.25586603487301496	0.4920018050934106	0.08276960217329438	0.5082191607804001	-0.49342755715406494	-0.15508763783345778
Tbx4	0.3378206243753525	0.4730114720369247	0.3680352742630845	-0.1595533057302821	-0.1982615146271833	-0.49879918137048945	-0.5228003848187915	0.4702942316799288	0.3437991849864919	0.07413816821505714	0.04196588954021583	-0.1962800956436798	-0.1955497385312815
Arid3a	0.3374742736851992	0.02644901330656299	-0.0586215556777297	0.4256508320852328	0.23272347552334316	0.45617921983463444	0.6130709630280662	-0.46881472570262883	-0.2633375391424095	-0.3444832043968287	-0.1962639925538557	-0.14947489534027542	-0.27307759096412226
Foxp1_Foxj2	0.3373528910658267	0.08439963045910083	-0.17298394969758413	0.5305939837757195	0.048670061742483846	0.26300649786083524	0.08366871583144127	0.4453725553592976	0.06743060127310395	-0.06604362726192294	-0.14298459493113286	-0.35870807383531805	-0.7824218005760322
Rela_Rel_Nfkb1	0.33468011947323184	0.35938207040387726	0.16592566570505263	0.4199690589493429	0.09725865084375969	-0.0746961771859034	-0.5259000939140003	0.42852236165469443	-0.06317388424771953	0.29984054169802216	-0.23549074757040112	-0.37837139763461897	-0.49326604870212376
Obox3	0.33406646163950826	0.1300563362046173	-0.21173556877340585	-0.1258083218111272	-0.4847561241798931	-0.253299536555949	-0.5717547462570355	0.5867415482550886	0.2785790026274256	0.4156640005639838	0.11729049428870021	0.15973389839755905	-0.04071098275997135
Mafb	0.3340238519899412	0.01964765942686735	-0.042824960440879495	0.7444028924262877	0.4788441877225978	0.16701257403296724	-0.1425116155096635	-0.07949040479558074	-0.3489003649230224	0.09446129420907706	-0.035078639782734206	-0.40758629637016436	-0.4479763259957387
Bcl6	0.3328633190706525	0.049755374271621855	-0.06965398962459238	0.32341628161444	0.32836679230242116	0.42982907104350676	0.3105850869151988	-0.538122146218291	-0.6460864982351465	-0.24258343971363444	-0.1811795318998112	0.08495193034716625	0.15072106919712702
Six6	0.3313015713989441	0.15210385097995904	-0.20651029638322665	-0.33876365575466383	-0.6717652849458229	0.34716876750990827	0.01412248004310088	0.3197950814161081	-0.15231829351832038	0.29632520043338495	-0.26446939686049226	0.5298283948597441	-0.02551684777966683
Atoh1_Bhlhe23	0.3305936120629161	0.1621776010934291	0.3617899639864144	-0.1980706202119878	-0.12050899177016403	-0.5904425045420014	-0.32734361395167355	0.3167642729869247	0.4045518669815443	0.14269787674826415	0.4179455944504865	-0.393266577557632	-0.1762948682135964
Foxo3	0.3304186759651525	-0.24901887238537287	-0.09159165655086551	0.333217749634249	0.42613932946157135	0.08986409313330103	-0.1185229587820119	-0.5778911648242699	-0.5381235233851919	0.13002235253180328	-0.13332735716292404	0.3853495623722374	0.3438824459574831
Nr1h4	0.3303858805772811	0.33809614831766877	0.2220243356814433	0.5140806793638686	0.4224651870085728	-0.06008812055811289	-0.43409806028441184	0.15271654893132341	-0.10494910313481451	0.10862169350873879	-0.353040748325465	-0.3134890957129953	-0.4923394647958031
Sox4	0.3276091245839321	0.5408858047291787	-0.08895235914494198	0.25236376598848836	-0.4646055177931649	0.09202285426246404	-0.3684053552813985	0.305698087811012	-0.31361789525446315	0.39099118850545717	-0.21327253068163793	0.22041353286435944	-0.3535215760053325
Barhl1	0.32679487056866313	-0.41023342033222376	-0.17848267270951457	-0.3433803503643349	-0.02419376293985581	-0.42906481614049274	0.020064837592870786	0.3019827125789892	0.7168438023634309	-0.06644372453784232	0.2613567587503989	-0.13533127967239833	0.2868819154109734
E2f7	0.3260515008090288	-0.06500306752055547	-0.046200718568573336	-0.5084136693335892	-0.40229071428727375	-0.2123292126457084	-0.3089751878126006	0.575748013573284	0.5603508908355845	0.06851687356302179	0.02053745161487843	0.09858418725090956	0.2194751533306142
Nkx2-4	0.3258897834755813	0.23994889202620048	-0.1787489376020026	-0.16812200840148542	-0.5251490681211526	-0.13335245657619735	-0.31127557347869467	0.7277812452833684	0.3864977437990335	-0.02247489952375242	-0.22419656819345604	0.18976999081022192	0.01932163997791493
Hoxa9_Hoxb9	0.3252188100398539	0.11960694075380118	-0.10740835696568182	0.32101161391344424	-0.030437995303160922	-0.27916498096804904	-0.7280069268017165	0.5267247482602556	0.2510754459412998	0.2719146604334631	-0.18030730088528457	0.10580815351413911	-0.27081600189251304
Tfcp2	0.32514399047249376	-0.38911428819867255	-0.5344613504080283	-0.31566734299637783	-0.30161556380614957	0.0003666566196780013	0.02199426320231417	0.20211957820405954	0.29309981827307285	-0.00042014385464957045	0.014279790898711935	0.5496311959604474	0.4597873861056133
Foxq1	0.3231433869273164	0.1974960802856389	-0.18483807229999702	0.58121906886281	0.15449635931105465	0.27654587212747916	-0.28271725752719395	0.2377127748503294	-0.28865747473592845	0.25564065773122485	-0.12268998978279727	-0.18637888934037442	-0.6378291294822425
Mafa	0.3222943938701524	-0.27569291927332173	0.30111685369534036	-0.33491479031180166	0.24833710477599824	-0.5654575469866574	-0.0038854952527355106	-0.1071211356716904	0.5373608012694816	-0.28238659713243847	0.29496263359440184	-0.13157106863810236	0.3192521599315224
Msx3	0.3213571260012453	0.4302482178113767	-0.22979241545258625	0.2547125722283889	-0.24952630864121536	0.3856381605483636	-0.18650687808246597	0.18515598775229183	-0.5325935943793589	0.20233213726710994	-0.46625625313791186	0.31901625865827776	-0.11242788457228016
Pou3f4	0.31751291084987737	0.39261314052383084	-0.18235553708522098	0.45783733050924225	0.011881358732730767	0.45503064599686005	-0.1742882036214565	0.11181020628923626	-0.22219060686896225	0.18226228053490898	-0.28889987567143355	-0.12680848741256867	-0.6168922519271777
Nkx1-1_Nkx1-2	0.3154345518665855	0.24365901878549975	-0.29883023693877264	0.1143461432529024	-0.49684690637777085	0.5619241813630405	0.024615859160938246	0.3395530632374126	-0.203485449039572	-0.054074529800274995	-0.43166254353987005	0.3272286271538463	-0.12642722725738387
Ptf1a	0.31435619784067226	0.2936582590873199	-0.19442007543991258	-0.10190925477899555	-0.5310397673672193	0.1811980630552536	-0.4236900447696914	0.5460894176709501	0.0047168483846137844	0.3542468277167225	-0.14364036493386884	0.24467138692363352	-0.22988129554880954
Creb3l2	0.3139600152215281	0.15537964739095164	0.11936079869551328	0.17747897636312085	0.02961268617606988	0.36680254780149346	0.1341460512972435	0.36402561536266476	0.28896091603450275	-0.18632531970298072	-0.4107548432111988	-0.5011674320737617	-0.5375196441336236
Hoxc13_Hoxd13	0.313938065311112	0.15354435691581805	0.05850732580632387	0.545445822508375	0.4115291800093985	0.33264037367045673	0.13414606760810502	-0.2311107752023213	-0.4740742524332472	-0.1130060049009068	-0.4341691862981734	-0.13162554018207703	-0.2518273675017449
Zfp410	0.3130624040940406	-0.03583697426118238	-0.039164841016525606	-0.0900687258761408	-0.0301108903134526	-0.31646557820232385	-0.19569424393695437	0.5569887681103348	0.6618155528281272	0.03577943241030573	0.15994208760865003	-0.37175735855899583	-0.33542722879185527
Klf7	0.30993873821308104	0.39294780376629446	0.24025857695329242	-0.2743657420444563	-0.2486484426285376	0.559442543447107	0.4243473446637035	-0.024519732191895665	-0.10497537336738678	-0.3321305145964376	-0.37935345970029055	-0.04707597791477946	-0.20592702638660088
Sox11	0.3099040218087992	-0.5541826092788388	-0.13015463114222747	-0.14255944656598643	0.1962688184173696	-0.1411603103976456	0.3655931275582304	-0.4387638045882093	-0.008522607880009156	-0.1468515604367052	0.41235729860604053	0.12230462730411013	0.4656710984038772
Pknox2_Pknox1	0.3096078207888679	0.4638399213067633	-0.28346619590366323	0.4964969000781067	0.02003997447054509	0.15944051967651526	-0.2567328453570374	0.2192562082765134	-0.3043289541234725	0.28394029044693936	-0.19788256894362624	-0.10573988513096935	-0.49486336479661036
Neurod1	0.3090199821113026	0.14564717534192992	-0.20183247665510376	0.6285612251896531	0.31330878052407074	-0.17540033940186017	-0.4604458082699086	0.17063709556243997	-0.1915173554118952	0.3149865755588547	0.030433537983872345	-0.3795189908385935	-0.19485941958345412
Six4	0.30680582004913565	0.39157453706512113	0.26277012668385114	0.12020814822418986	-0.08234350358135513	0.45768532234421927	0.2766938149733017	-0.31019391115437206	-0.5687322494178597	-0.19783601175256568	-0.3461105898868573	0.10133624443502641	-0.10505192793270089
Foxm1	0.30631548343431203	0.074224912779809	0.017252622029679473	0.2984992954654476	0.2571564329650284	0.29497911810560506	0.1688256645277712	-0.2649834489237937	-0.5064015422728694	0.40874121615387876	0.07691934955136817	-0.34454951611218676	-0.4806641042697355
Foxn1	0.3044427111260398	-0.24312871994216423	0.24680562365794934	-0.3836970572466325	0.18969391622971377	-0.21743280362578718	0.21814683015667116	0.07694204598983155	0.5366354947188143	-0.1901673966210326	0.3282737187747899	-0.5242849040682249	-0.037786748023929104
Olig2_Olig3	0.3027599974266522	0.02113091707071074	0.33798642794901046	-0.38206060886977317	-0.18591288070253242	-0.2701469065269514	0.2640282518413283	-0.04613780084117485	0.5022306808367211	-0.4252336207848656	0.07011008189968816	-0.27121659007993165	0.38522204820776
Zfp105	0.3026209378594865	-0.0050302462911905495	0.42370850611532085	-0.4712736698024967	-0.051363379272205426	-0.4443173207468847	-0.04707409270474851	0.022242700147242955	0.5423197993739739	-0.19950122796289022	0.2951577576625511	-0.2213785000195345	0.1565096735008555
Tead1	0.30154239931713434	-0.11149062407108622	0.0554722344230759	0.17407986351768065	0.5267971722304124	0.007230673852473509	0.46750582328974827	-0.5556665495544189	-0.27308826794689967	-0.10975282035789423	0.10674339851320476	-0.36862392116058024	0.08079301726428388
Nr3c2	0.3014249037768613	-0.17585281596185828	0.05813371916652733	0.23899555485100718	0.5127638695113729	0.3138335137577471	0.46431319673277294	-0.4150305292667101	-0.2456589871234609	-0.354263445529389	-0.16858346881788877	-0.18212591573469133	-0.04652469158542663
Mef2c	0.29973663472385925	-0.3807597083139048	-0.3481604429071714	-0.11024484232886615	-0.024278196046066507	-0.16005252199507364	-0.11412645662047528	0.5428721771316567	0.42949272151138995	-0.27781074678216033	-0.15317289199503345	0.25965368859438187	0.33658721975132927
Hoxa7_Hoxc8	0.29947483469981045	0.29689611158870244	-0.08434923421117618	0.03425112981432714	-0.39673020875074183	0.12037921019414674	-0.44181945673621625	0.5334513609032034	0.0981358904366216	0.33777845011606455	-0.2849707238381101	0.117657799473097	-0.3306803289899148
Onecut1_Cux2	0.29855051954023537	0.23051442332363709	0.02592146522503953	0.31392566758677715	0.2195253387588201	0.48911655399591775	0.2705361717111324	-0.34469596795127583	-0.461137474713587	-0.18930748957156532	-0.34897066428110074	0.049656163166532354	-0.2550841872503331
Nfe2l1_Mafg	0.2984197292214938	-0.1638430399021881	-0.009957685387538016	0.30979102429297556	0.2677405166340514	0.45244365779733464	0.49648401171604006	-0.10156932341629073	-0.019285387032584724	-0.329161392471154	-0.21466355008277785	-0.44664872521961696	-0.24133010692826054
Maff	0.2907044217616043	0.07486132140247684	-0.3287189950036325	0.572946939926141	0.12009208856621573	0.18915507296014	-0.3619060606080667	0.28541183812434445	-0.11253103473542268	0.20473821089891317	-0.22231932963653517	0.030596670845979723	-0.45232672274054936
Nr4a3	0.29003468841645463	-0.20957684698972154	0.15534527143855756	-0.5479035537623669	-0.03182293722731509	-0.1824830580071667	0.2744657441845261	-0.15407077911959632	0.24839347071554282	-0.3070130727887138	0.21060490932976594	-0.010365255053760238	0.5544261072802582
Sox15	0.28952114348263724	0.27630467184978513	-0.29458898621981106	0.4295271221868757	-0.10566950644387413	0.3729570512533093	-0.11666732434225008	0.25744624287164547	-0.37130409182417373	0.2092606162793188	-0.25781927549831973	0.02409620483202004	-0.4235427249445229
Sox30	0.2892559400406147	-0.5732304215473905	-0.25315406763590576	0.008160435435394305	0.23221742509342813	0.09332257885667815	0.34795051241975944	-0.4353867140562665	-0.17745350270657595	-0.005613212455450684	0.1782200840386542	0.24982590827927403	0.3351409742784015
Stat1	0.2890321148610213	-0.10336588039628468	0.32530001898363664	0.03668849036163427	0.5096034424336575	-0.48464513331975045	-0.11057326380047004	-0.17422616251374418	0.2306887588819703	0.09496634029429929	0.28511436884821423	-0.4000750725868956	-0.20947590718628703
Clock	0.2872403348342373	0.2641838631757415	0.03964877600959271	0.3305589239470667	0.14424246192321177	0.0064880779520136754	-0.08516119357401553	0.3398953241932405	0.3838311409917263	-0.30088893945253065	-0.30815808419984847	-0.3830386934409877	-0.43160165752522067
Irx5	0.2868660500991128	0.07489755455877997	-0.3751140725807787	0.08636711620675173	-0.3331589020482044	0.00527300529551869	-0.4426360868877579	0.4562874763048812	-0.08458801828941889	0.49684308315017883	0.06839051743321813	0.19513650654651174	-0.14769817968967697
Foxf2	0.2865322324208613	-0.26637416891438254	-0.2807134723409466	-0.3463467090955626	-0.4090465219497716	-0.02620167419677564	-0.10235829398656544	0.08960612747649511	0.051722074750301425	0.34059886543235635	0.05391621121114138	0.5055048679342816	0.38969269367942544
Nfil3_Tef	0.28519521746903753	0.42812419978655875	-0.0684834640798304	0.12594720069943216	-0.5416094774357257	0.16063969521716195	-0.23921223510313414	0.3772738311903558	0.033779424973902	0.27633982527447853	-0.15541835105305246	-0.007806257065050425	-0.3895743924050971
Gzf1	0.2843863376480038	0.03009327624752266	0.3113575526520144	0.10661978713912167	0.38760514840387983	0.16304114895379035	0.3874167487449374	-0.45867911777910947	-0.1999656666302996	-0.45427957567814115	-0.16046675036183433	-0.20725285330620236	0.09451030161433421
Batf3	0.281985376144255	0.15876537165627325	-0.15336113011947178	0.49952827061793376	0.12733350544920585	0.174868444838128	-0.2881056984738682	-0.09079108539751486	-0.5660758874978997	0.33813296693584005	0.05154980947164849	0.030198994002384724	-0.2820435614826781
Zic4	0.2815791201908448	-0.16826574936803806	-0.323556468660415	-0.08759048463243305	-0.10851212905311142	0.48138521005397156	-0.008561363092404269	-0.09990617872398838	-0.5389920162337366	0.3770992740247278	0.03200527651376429	0.33312706413829707	0.11176756503337121
Nr2f1_Nr4a1	0.2797085574379278	-0.39666188813633957	0.024522196518256194	-0.2882354857436189	0.16144019323648065	-0.14683513217217328	0.2924410330721567	-0.2893430166568362	0.12013400229680421	-0.35148432834209364	0.2798517200173766	0.08714917624387017	0.5070215296661492
Hoxd10	0.27868190692876865	-0.3383061238292932	-0.23549252305169951	-0.3795903455472153	-0.3283761351617581	-0.2120921954884063	-0.13247242581358074	0.24437170314521764	0.2876150863497318	0.24679891068890067	0.2260306332369199	0.3072380348855497	0.31427538058563287
Cebpb	0.27679064393703645	0.021447171915335045	0.20858934396837162	0.03495341849327724	0.3028730902205879	-0.07520858010909266	0.033114828131073346	0.27921814296484404	0.5070512541729385	-0.40894259825803736	-0.26987522047565526	-0.32234220284816706	-0.31087864817546834
Egr4	0.2747614423652855	0.3160458539399003	-0.019216455731834246	0.43999570942526817	-0.06190261100658266	0.31590903539763526	-0.0607667404214896	-0.15317987343723663	-0.5521883034374832	0.1283949005636839	-0.1775858138639774	0.14989561040267124	-0.3254013118305509
E2f3	0.27323493427220963	-0.3962797290275324	-0.6102511681389806	0.2162941578356376	0.17841207819623456	0.2886634460116072	0.345654764623232	0.06288540427656354	0.15035957758982305	-0.08303824392946982	-0.1754132419421284	-0.08998535739352793	0.11269831189853426
Twist1	0.27152368993364	-0.2788594845404442	-0.032150462574576336	-0.32496992242618	0.002513611126757225	-0.10559161220257704	0.34739505365676004	-0.42464698764819825	0.002710902285713108	-0.11394417126615367	0.42623009782328064	0.0665161989947104	0.43479677677090256
Tfap2e	0.27025910904391226	0.2630444586871958	0.22316993529150342	0.23755464315583405	0.3423681598547951	0.20340634485190506	0.3018721238043092	-0.2610580887794697	-0.1834907000074513	-0.1827470516568469	-0.20941116783571714	-0.4017450901804403	-0.3329635671856216
Gata6	0.2702288397100893	0.24169284107238373	-0.21233763402463565	0.5746920600220521	0.2686602478132052	0.1779611588077286	-0.10739824344694392	-0.17955787301714327	-0.4738166128290025	0.08153135994808057	-0.16740976089751736	-0.01569892852666892	-0.18831861492154678
Hmx3	0.2699511395229134	0.46568909288668603	0.3589042501026229	0.07076414430413429	-0.019677217349071484	0.29091318907357633	0.17164427862537	-0.3359487505361777	-0.46390531950561986	-0.1967958377398713	-0.14800854481901274	-0.0661586739161271	-0.12742061112650288
Rxra	0.26891446311516004	0.14777607855215066	-0.337069186344454	0.1677025548977233	-0.27868375853230665	0.4805427193611906	0.2743190867892848	0.09825013634842526	-0.29958723487217487	0.020004905826891954	-0.3081042829717279	0.26744862273595155	-0.23259964179095044
Foxl1	0.2688212773949457	-0.10280546696578548	0.07058463595752859	0.23401029649491925	0.4271376923844186	0.24622898030648432	0.3840404461176954	-0.42945808325614065	-0.19458596928916633	-0.35888534820951007	-0.21853209432296603	-0.0826476932844226	0.024912604066946863
Hoxa10	0.2671466535656477	-0.22957251182435123	0.1763650774497098	-0.24502701123722556	0.056916062432290096	-0.11491996242374575	0.3303236979908056	-0.2678981903778007	0.1929091324466185	-0.41468827034301237	-0.0244632996400465	-0.012482343564506077	0.5525376190912602
Mtf1	0.2651299345445826	0.21265346493423476	-0.09056850317239228	-0.16829637607847867	-0.5271386466069214	-0.01038766243313936	-0.2471355538159208	0.06592263874979919	-0.21522952701021403	0.21668453424123163	-0.02883810131844911	0.46817377232984736	0.32415996018041887
Homez	0.2640226247823588	0.08864455072805318	0.06378971435003654	-0.5310527405358062	-0.38044907188219185	-0.08919519324682497	0.21694579124836263	0.011081584801261835	-0.06617502380993508	-0.2014117887989243	0.15391302285225855	0.4155314153565728	0.3183777389371571
Pitx1	0.26198793892180305	-0.1931062609218419	-0.3390170180810167	0.0688307637284685	-0.14411763426108049	0.21281096852723363	-0.30812134307181255	0.008020003293605193	-0.3297199958806499	0.25964032557707556	-0.04165938885200475	0.43923479155126505	0.36720478839075765
Hoxa1	0.26122775329048314	-0.14630893227528355	-0.2521550037722409	0.1689321396176833	-0.0401982078732517	0.14716571948928459	0.16367279935050122	-0.41008727101785497	-0.45932171943717137	0.16237223045614185	-0.02852866868733828	0.40979234747627685	0.2846645666732492
Pou3f2	0.2585079716721781	-0.17359434461786402	-0.49923540315455733	0.19442519554886073	-0.20677256424402887	0.3863339281619758	-0.02811841216531332	0.3327266455290662	-0.07977873449275776	0.15461691719274012	-0.21919424524370512	0.2853012531273543	-0.14671023564177657
Zfp128	0.2552645812183529	-0.1420372021586608	-0.29510678054955014	0.23052368174449925	0.0841149376355008	0.3336241107323182	0.08767610401435194	-0.3507629948109818	-0.48649257486168157	0.15086002162116866	-0.04206115446358269	0.31205905267598644	0.11760279842062865
Spib	0.25522120026884604	-0.2273823044855533	-0.29779694739562146	0.41131996882940475	0.05965930744928805	0.2500556272013573	-0.24203622639894667	0.23946669913913277	-0.056508416982543504	0.34879871576922744	-0.2566661430336431	0.07677820532898667	-0.305688485421094
Spdef	0.2541989564211751	-0.3102320987335189	-0.17781790897799202	-0.02321361302737883	-0.08922943958439998	-0.32929548968795486	-0.41539865505357	0.24111035916392698	0.0818897591524221	0.3423122530083929	0.23452081005080425	0.327228177732701	0.11812584595657982
Tfap4	0.25337410796339865	-0.3008778088916506	-0.10280229605608213	0.12033322391185165	0.3701463071462993	-0.23233154638504858	-0.038689403274102786	-0.06772634935712742	0.43519231008362713	0.016114475616409874	0.2769569824183775	-0.4355659472298672	-0.04074994798269555
Nkx6-3_Dbx2_Barx2	0.2528360102751366	0.1779603435506162	0.4249665625067912	-0.12115658860932854	0.0964411030676424	-0.3303506190604406	-0.27313930767619643	0.04047574985404707	0.41390215311025064	-0.08736890865900823	0.1496356462497079	-0.35392336754379433	-0.13744276679029518
Nkx3-1	0.25068841766930433	-0.4344533231496273	-0.3908713294924247	0.3877792374943674	0.05379895618869021	0.07831352219064554	-0.33735137577633223	0.041787966364252103	-0.07233335052268651	0.18032795904709234	0.10316078845359292	0.27638651647164075	0.11345443273079828
Irf5_Irf6	0.2479796434191609	-0.3778700661873582	-0.014401801282724162	-0.020194886678652803	0.25794781075939094	-0.00970913030286263	0.3441233239836958	-0.45496706266814896	0.04764440455032337	-0.1821224434580301	0.1999262802216611	-0.12442441127640969	0.3340479823391242
Foxd2	0.2479752093243193	-0.11107855922083411	-0.4122731060525168	0.3274093060791381	-0.24833411973285555	0.1353096667550558	-0.20153434929575484	0.4223764442417311	-0.02196248008492277	0.3205037926475204	-0.004327331336159393	0.008623165368941782	-0.21471242936934284
Hmbox1	0.24456269747634746	-0.3382706683070765	-0.47248548210397107	0.17589677146897867	-0.1123671526503034	0.07508651566676933	-0.07520882511225112	0.40621668911383246	0.22567374921041677	0.0019361514767980408	-0.20258304192325702	0.2535916997798804	0.06251359338018553
Hoxc10	0.2433663453303837	0.1138800020952089	-0.0078000192600846995	0.5312320548322269	0.3807026610657403	0.09127160784179382	0.005423692845922616	-0.14735737599383872	-0.29367157645526976	-0.034440347598816104	-0.23104297995174503	-0.11366150582816774	-0.29453621359296495
Nkx2-5	0.2418699005306899	0.10547192019514456	-0.18590293422907617	0.06903856696413543	-0.25464796474293466	0.14141478250724132	-0.16414443145874957	-0.26931462792020205	-0.35359758149456577	0.1849322374228364	-0.027887245989639715	0.48337747471269926	0.2712598040331072
Nfatc4	0.2405300997059204	-0.29856602683130734	-0.44647418584560544	0.028989363861193232	-0.1209847441373406	0.2216248941823321	-0.11911064013084417	0.46437536379307426	0.15389813773638591	0.21533359294101445	-0.043079845867223424	0.10960403970089505	-0.16560994940257662
Egr3	0.2404006179267031	-0.0006553669561543002	-0.04454407274041411	0.19755653087620528	0.1729158197706007	0.351177722407473	0.23739001416040378	-0.4383383976333489	-0.48464902377383484	0.002458396246528055	-0.0707923807478751	0.10147848637913692	-0.0239977279887104
Zfp691	0.2399266943545985	0.34967392395829916	0.36451069164570765	-0.27427447979506175	-0.18759771476480008	-0.11292734057748745	-0.01032150437607752	-0.051549991531050776	0.14365752299278392	-0.4252826367609691	-0.08158546918233392	-0.031409403202370095	0.3171064015933602
Nkx2-9	0.23974163127233794	0.13866333348628354	0.12680341998824027	-0.013038699510788196	-0.23397194206273422	0.36675991015271914	0.18410289810043765	-0.28863476855771475	-0.41638854058613506	-0.17889567665170947	-0.15831778226145682	0.28891418382237527	0.18400366408047705
Foxo6	0.23911832847186096	-0.24625573615826093	-0.42583555272556206	-0.19846866615538644	-0.3177012968136371	0.07695056803452978	0.10743639527076376	0.16434874503346084	0.08679740450705717	0.10639853996807028	-0.02880771451193755	0.4142666716313571	0.2608706419195458
Bsx	0.23839457843618714	-0.23147087365786423	-0.14712891951098675	-0.20923022602922905	-0.23684064323828305	-0.177890445295361	-0.14617936979612553	-0.0855109875215615	-0.03527807306761822	0.23808510177751294	0.19325404374759841	0.4204987477689194	0.4176916448230071
Ppard	0.23782406932227898	0.2384291505140138	-0.20387519140212818	0.2875719812229515	-0.16027890968487912	0.3848036441413114	0.048569146255533324	-0.14294505945094757	-0.38400858247906733	-0.003610064927444208	-0.2671458363741703	0.2769054235733286	-0.0744157013884861
Zkscan3	0.2362788252421227	-0.13680980190611808	-0.31232615263921737	0.36166004323681256	0.10236257345629554	0.16935977398346258	-0.19591857308956848	-0.04077617996127319	-0.4391368314400327	0.14148809268929036	-0.09352244734169812	0.330567358353419	0.11305214465862937
Pax6	0.2352248717074667	-0.02950370920402166	-0.035672726669550923	0.0508391519048899	0.040626611498185375	0.25390699186703025	0.23416411558477726	-0.47996163098360517	-0.4784259676117475	-0.0065711081744541525	0.07452226654179216	0.15115145872254396	0.2249245465241568
Nfix	0.23429798290255915	0.2108408082566086	0.10609623468362672	0.3612706064425903	0.3608109021969539	-0.07868756179727804	-0.11788455902736619	0.012358720630777847	-0.05352559147727086	0.02434365855245276	-0.028730085744185382	-0.4105240094034029	-0.38636912331350276
Mnx1_Lhx6_Lmx1a	0.2321997304311672	-0.023555648558157897	-0.2893082225929821	0.3212066146172219	0.216646806505189	0.07023839236131911	-0.26425838156632186	0.3466990530811951	-0.02823717920298203	0.24284185174375827	-0.259090356553422	-0.03379834085642715	-0.2993845889783977
Trp73	0.2316572859113863	0.1476892793063353	0.20846683471014546	-0.24691505581782286	-0.1956492425086676	-0.277854997892304	-0.23615025884178262	0.3678842432877124	0.3797211333377938	0.070564097589415	0.10133925094899408	-0.17964523043987077	-0.13945005367994948
Gcm1	0.231132904021666	0.05568967946157179	-0.011848508798998379	0.3288642991144321	0.29993237352600455	0.2911539731881627	0.22040375165392054	-0.21719656649080318	-0.40106549645055106	-0.05384061532190849	-0.22820041347335995	-0.10277923714223595	-0.18111323926624007
Smad2	0.2283076514904283	-0.17939194375237322	0.09634226215959069	-0.06963414180255474	0.2600664479461177	-0.21961235920585068	-0.030548345020350306	0.2479412225235251	0.48031892090106737	-0.20613410179450603	0.05244569164550361	-0.3418675164361349	-0.08992613716403754
Foxa3	0.22757714025404774	0.09112610536219132	-0.28925785211518673	0.17187147770319483	-0.1652980941249661	0.2486195075661396	-0.2651119335619981	-0.04097993193652362	-0.2509385722833128	0.2906071389773349	-0.13407825753522387	0.4109985532479163	-0.06755814129957402
Rbpj	0.2253232765771912	0.07823174462795991	0.14944340715801482	0.4613727381359203	0.16861435203441405	0.21323021720421073	-0.06078243640479943	-0.23950830320663627	-0.3039134996709223	0.10937113046401628	-0.16311536696951986	-0.11487914240650102	-0.2980648409661645
Sox8	0.22503560355775354	0.03434375997645693	-0.3180951381318757	0.10376003971708447	-0.35132689129242983	0.22592883239356035	-0.16062271611903048	0.1953458592813508	-0.185468830531372	0.2906404309020612	-0.13886191670093528	0.34146430456810545	-0.037107734062969876
Nr0b1	0.2247760516736679	0.006987145096463114	0.046208705794713846	0.18565112853939628	0.25477514882334573	0.2873447536478158	0.3718820168561502	-0.36634499979959223	-0.28116766526714876	-0.1255250640275357	-0.08207238237656501	-0.19238221383932844	-0.10535657344770955
Gmeb1	0.21996825504794296	-0.1518366138709823	0.13266670404793043	0.016414066409722435	0.11717380376295497	-0.3704817826745445	-0.18955528497994809	0.16372141481162947	0.3986116489924719	0.06389309486241966	0.25085792297564885	-0.27489971770318544	-0.15656525663412937
Gbx2	0.21853074688955068	-0.3857695700271652	-0.01724999202008016	-0.15558182998850034	-0.05118359043623216	-0.27502893394293243	0.00991337734347961	-0.008997813534700552	0.36338619761943636	-0.010656857078700175	0.34563450684567665	-0.06920353616613485	0.25473804138585604
Gli2	0.21715021764995188	-0.29297686713023074	-0.1256247092986531	0.045282123998661244	0.2980736775526897	0.2029052569579959	0.19893362879912127	0.05062816427413325	0.3012901056689802	-0.10678833368550407	0.03528507367897494	-0.33794908383098216	-0.2690590369851909
Rfx5	0.21567254866108368	-0.08803926544514651	-0.34115391591999283	0.01592754062207787	-0.2347476908793638	-0.04417355813197967	-0.25304126328878823	0.19872698009463063	-0.14021059947504308	0.33973690426501374	0.11236452209870462	0.3419167134982739	0.0926936325616182
Hoxd9	0.21413233003591586	-0.12296489526445126	-0.3763151897714633	0.3756726828334109	0.2367268345760127	0.10668209331152531	-0.021433438266354472	-0.17754249221502288	-0.299878756941132	0.1698767372450167	0.17658753864503915	-0.014648402114636513	-0.05276271203794367
Arnt2	0.21284528165679628	0.11894916445793162	0.2271527495321481	0.008508684379518277	0.13243480619093476	-0.39621896255802613	-0.293635724284026	0.1378132195835029	0.29954696601784364	0.038339779986041767	0.12739110949315785	-0.2727193112260611	-0.12756248157296862
Trp63	0.21185319225802174	-0.19894046615280567	0.13553197264745706	-0.2596244447036554	0.07115039565560108	-0.25960977839543814	0.07110723818605554	-0.19631048931767398	0.1396149987654402	0.11803302386616125	0.46157378231326096	-0.19504343346234884	0.11251720059794802
Fubp1	0.21184552133222528	-0.2038707950832776	-0.40833521134089734	0.22485392421562697	0.023877851385259677	0.2381096478416507	0.060560209886623424	0.22830821143522492	0.2526078867664358	-0.16487051713195672	-0.2626656148705309	0.0630359136311609	-0.05161150673532224
Klf8	0.20977370861642752	0.06300707741030898	0.23882811651811742	0.07678293693763277	0.20795673754002847	-0.06734216645190574	-0.010830897029779556	-0.3581984264675388	-0.42854546058277354	0.25663234334906054	0.16007006739111726	-0.05809539623425765	-0.08026493238000464
Foxf1	0.2084131185197526	-0.10778222881569652	0.29176344368622026	-0.054691950002446234	0.28869898920219683	-0.31107058533006154	0.06944104259947546	-0.4153955962121041	-0.08919451927324613	-0.008660596943179846	0.15903047116731503	0.0026987689147200743	0.17516276100681383
Otx1	0.20614982373763635	-0.2519092244447857	-0.22939191343434126	0.01653994089110235	0.10752205037772175	0.06014422307379464	0.032394743579171825	-0.38008287588769624	-0.15048695266808393	0.053621906750315994	0.16799399137315263	0.20125060399017997	0.3724035063994657
Nr4a2	0.20004453432076694	-0.038724536775411836	-0.35323230805602224	0.06911979607331836	-0.13643152803961067	0.21043318005443143	-0.02003768125246588	0.41994296167894674	0.22329131917667308	0.027167118482183977	-0.11847030208575715	-0.0924316312503002	-0.1906263880059821
Fosb	0.19930976956939253	0.26738145491762944	0.4116731602309592	-0.042022406021865084	-0.0017086385323405427	-0.18434142746726823	0.005261729191129558	-0.10846197757876928	0.18708983304592056	-0.03361389011903643	0.027297875001997374	-0.3404995180774299	-0.18805619459092093
Mga	0.19728673978537994	-0.4082169539372477	-0.12500916303001766	-0.07822055094260243	0.03675924250104657	-0.15713817367688634	0.05398576788378384	-0.06628157335835154	0.0647327250609851	-0.06267275661704695	0.05904505784439108	0.32623890089832713	0.3567774773736156
Cebpd	0.19527914310217104	-0.16412930914160412	0.013244674045059154	0.1788236020710386	0.3118717583768742	0.1346342259100418	0.2492002160819735	-0.38724682867083604	-0.18271134885991538	-0.17858860589000614	-0.025053004459020353	-0.019247444597479773	0.0692020651338741
Mecom	0.19493142069985875	-0.14104117575006747	-0.3508703424374125	0.01635879967965965	0.051384933236369994	-0.013387129466837516	-0.27839310596941574	0.11740136193389451	-0.051721686731892876	0.3675725255590391	0.2567962396729047	0.09821132727072164	-0.07231174699696635
Hoxb4	0.1918248625018023	0.14093000322440824	-0.14429692412589948	0.14217327497842638	-0.08127116274503986	0.3726701277012864	0.07376836562394172	-0.09811491646268666	-0.33619562015234583	-0.05139748716264703	-0.23713452940397683	0.2195596337768851	-0.0006907652523488879
Relb	0.19177259481718592	0.06698105176495613	-0.061987977623109564	-0.14906891903117966	-0.27406860311617914	0.07930065919827184	-0.13028337344738508	-0.0875050460266703	-0.25665587076815155	0.1188109330629182	0.03371751361089787	0.3819082040944097	0.27885142828122483
Tbx21	0.18936117376762715	0.0054633626588086156	0.1382587443554746	0.1246070658782338	0.2103509726448442	-0.08539431893666624	-0.003904137843435041	-0.4482338136090118	-0.3200173313750075	0.07291045673825977	0.1435525969186385	0.05266559747342135	0.10974080509644818
Tal1	0.18705680474981695	-0.22835454330594415	0.03666109300411252	0.037133831034245515	0.371485410397266	-0.16202281686373873	0.20326234847562147	-0.004908939751404466	0.24802675505812993	-0.1117030036728718	-0.020881033788399242	-0.27660294402409036	-0.09209615656293349
Tfap2d	0.1860769713905969	0.029114561607483005	0.2740755025158127	0.03525979071189175	0.2685430726972877	0.0852748664305772	0.16379708413080765	-0.19976481921467548	0.088105487204474	-0.13210430832557896	-0.03970298337625462	-0.25946729201791024	-0.3131309623639064
Nkx3-2	0.1844894587578101	0.14066252896654824	-0.03446388925995103	0.2321692084311257	-0.006267999180636084	0.04968771195551212	-0.15483156360913555	0.0488675397694545	-0.438926279549473	0.25842464158932293	-0.11047195872155845	0.13589626832093485	-0.12074620871214514
Hoxb1	0.18398151527616186	0.14403126664148602	0.1513416700193269	-0.04582580394969951	0.10170277461468279	-0.1496170617104055	-0.13072263652540864	-0.09219780382933913	-0.006520248221915216	0.2576418218651696	0.30411027230160365	-0.2852804668615746	-0.24866378434393044
Pou4f3	0.1823443206184516	-0.11208259883730214	-0.0418454022948731	0.22193881781855776	0.25158917198590036	0.15866350563856996	0.29857767005427366	-0.27313126932191395	-0.13774574633865633	-0.22518731920957874	-0.08496105832857116	-0.07660693002019457	0.02079115885378988
Nkx2-1	0.1818663716391609	0.00641629076434292	-0.1455569432070979	0.31244530458797365	-0.03120676847664577	0.14298598257830744	-0.08745041869072566	0.06449679037210022	-0.19520993737446832	-0.01444287468697183	-0.319140373008265	0.31921791978756725	-0.05255497264610972
Prrx1_Isx_Prrxl1	0.18040779976082527	-0.04834869489400402	0.21084805478047375	-0.3440503991709507	-0.20154551100096252	-0.07456624135973339	0.0328599085684232	-0.15781357144108718	0.06959072151213845	-0.10567062945515188	0.260751441644793	0.22981610645160175	0.12812881436444123
Tead3_Tead4	0.18035885974221624	0.1221897453009675	-0.09667865677915506	0.2788773925011404	0.0483075229105038	0.11455569839386227	-0.11078981864303704	0.07629628797770302	-0.2991142355212087	0.21860624328482622	-0.016649593849371484	0.006700265378243242	-0.3423008509544773
Ikzf2	0.17901163994133726	0.06321280788325863	0.051397032700264335	0.211094472339543	0.06110235309057564	-0.11590430447652349	-0.310064426825056	0.14216770527842654	0.2277648495029481	0.11063667944354764	0.05156562631161692	-0.170534761029485	-0.322438034219122
Runx3	0.1782150458277647	-0.009937717240259648	0.10267879514809905	0.08290456005082196	0.22965429950393787	0.013393442236340376	0.1175375221155041	-0.39570484844402737	-0.3099255494777112	-0.11077930145956484	0.031213158172225388	0.125575472918274	0.12339016647636684
Cdc5l	0.1776884041405926	0.07479767968415357	-0.12529772215900295	0.19990346797349834	0.013186215988896853	0.3551879950453449	0.21481004400958242	-0.06573092318408653	-0.22157274602163843	-0.11089760714836996	-0.24870956889425136	0.040548184605099305	-0.12622501989923054
Zfp423	0.17705692133463408	0.050441958954845344	0.11402622818572841	-0.2822120172588478	-0.24254627139988466	-0.2393477255136003	-0.13046079280643105	-0.08348778608585271	0.11644066381914996	0.1995637092833773	0.2013279654380347	0.1087995523214546	0.1874545150620258
Sox7	0.17608953650548226	-0.07265653575427501	-0.26341464694073397	-0.016517904870799578	-0.23516502638008613	-0.022287838344692525	-0.2459185159582774	0.17829893577486214	0.07104982411821686	0.21659482500830232	0.021346500296882304	0.30414639712952835	0.06452398592106988
Bcl6b	0.17606586564989318	-0.10464218103350421	-0.30759921614243274	0.03912908239336184	-0.32092851625062	0.042341036960232295	-0.12452626445243946	0.09409913253218603	0.02091504719907242	0.2524920788495729	0.048143724715095135	0.22626382522481908	0.134312250004647
Vsx2_Dlx3	0.17590969764621087	0.25740171527192973	0.158299687644659	-0.07143751586556588	-0.015498266792573323	-0.18181894944937133	-0.27888550088407477	0.3004229746068379	0.1847605695094433	-0.12988066735497894	-0.012492580200986399	-0.09572525099323373	-0.1151462154920932
Arid5b	0.1739386415268519	0.2461042270584809	-0.01474668118217429	0.16901740679261007	0.06841726390322711	0.040204622554746584	-0.1618534312811646	0.21367702081787085	0.0017700680559278935	0.0651102674430554	-0.05709093570912877	-0.17293767272733163	-0.39767215572612225
Gata5	0.17377599608792801	0.16058583150733993	-0.11151311602217014	0.2289138564891678	-0.2250024757168299	0.021579481430232313	-0.18877312776945038	0.0448300734199798	-0.21077746897045332	-0.0010271009080298277	-0.15748340842051858	0.3130674410495028	0.1256000139112328
Phox2a	0.17337978220319586	0.11894416036542009	0.08046973513301646	0.10694646239406089	0.07314073262339084	0.32561772786629084	0.1739443297568399	-0.16262986902637944	-0.28932362715580323	-0.15923104681616607	-0.20181550501644532	0.03258103012458394	-0.09864413024881301
Prdm14	0.1698768183746419	0.1268384106107643	0.08686588718723097	0.00015539646778026174	-0.0929986123378042	0.06317459043803023	-0.09217896815775153	0.3423956319441541	0.20152800644638555	-0.12561993819943604	-0.28544317041537765	-0.009470855314181214	-0.2152463786697873
Gsx1_Alx1_Mixl1_Lbx2	0.16962064189555226	0.20819840509916387	0.0004549654738554457	-0.00138989613555682	-0.2784770406064809	0.10259850378095682	-0.15951575436953433	-0.04075069024576073	-0.1236152036922584	0.10708102293970902	-0.2431859556698509	0.28133537980429485	0.14726626362145492
Foxg1	0.16827171884078498	-0.15242193550684732	-0.2768588332800115	-0.10665013573005598	-0.2594213040315828	0.05651836170460355	-0.049346809139107335	0.11271198759621498	-0.046101725907369315	0.24705996500295674	0.14496308583222636	0.21175818780057268	0.1177891556584034
Gata4	0.1678949778575938	0.08750703556003854	-0.20162176719551583	0.22902310367479986	0.06616876817145499	0.030854706191188252	-0.058267980201691286	-0.12417261898866314	-0.3223868542075664	0.27508609827868363	0.14148646939788267	-0.006666451076559155	-0.11701050960405712
Rarb	0.16776460061307175	-0.04441094143419706	-0.30273706823468277	0.07222945144724453	-0.15219767243916305	0.19863150053169631	-0.16635600430766972	0.12018790406299698	-0.14806374680355042	0.2810602194574695	0.1278906718002606	0.09851752184563362	-0.08475183592603731
Hoxc9	0.16591344609881592	-0.055556437176548644	0.0619904388697348	-0.11556817969606176	-0.07697879495921651	0.16282939772001226	0.1725692836637752	-0.2816403011884343	-0.29565644561262433	-0.05088516499205252	0.1482258595423367	0.1348640315295422	0.19580631229952877
Klf3	0.16014907617751994	0.17252020778250332	-0.11035608754695772	0.07000114061482014	-0.1563400573321576	0.004409276710139313	-0.28662488453197965	0.20094641038856823	-0.10108259063917109	0.14362857384754796	-0.09175252918494128	0.25440174089271006	-0.09975120100108535
Nkx2-6	0.15649885167184907	0.20271260200018099	0.03477472799938327	0.14536285676987265	0.02766061007664092	0.2620082242004229	0.12199304335952404	-0.12543284197058258	-0.24702523363078235	-0.020545275976106375	-0.1589076994239726	-0.03668765462145499	-0.20591335878312736
Tbx20	0.1542390557889945	0.09438714456689568	-0.1491538404942357	-0.024350212829716368	-0.21340575490190528	0.04940386860684756	-0.19976779496335093	0.2837849423452127	0.04224576608341504	0.24170415096918565	-0.06656907273121491	0.0682472664753895	-0.12652646312651827
Msx2_Hoxd4	0.15417326228117442	0.1509433287387545	-0.03952266276590308	0.16453283370173913	0.09947761255452316	-0.032646174485826136	-0.08407130505775523	0.24135111942742304	0.14192273125669583	-0.017413648414664577	-0.16141174916702294	-0.18812283776641156	-0.27503924802155755
Nfkb2	0.15130690425332852	0.18868850759652847	0.006989274648319858	-0.035875741615475576	-0.12381484674110954	-0.08498530357953561	-0.27764298878736315	0.018036799841680867	-0.09933265745464899	0.11781396046445787	-0.12474386861451571	0.2863546261522924	0.12851223808936915
Sox13	0.15122107647247438	-0.08302060039466938	0.09430768933913741	0.15376602783131124	0.23061882300474232	0.04414838353740722	0.1831560180857672	-0.06016609413012371	0.12860651061620823	-0.2256748918049682	-0.14226530302200038	-0.19818315490266192	-0.1252934081601522
Hoxa3	0.14991749954940675	0.07159788459554163	0.010512460932005556	0.13816134205471767	0.02583365750836303	0.30113403760739327	0.17436287123518165	0.017277186782778394	-0.14948048031599093	-0.1122655579748235	-0.24999998645952698	-0.1070475389128288	-0.12008587705281389
Arid5a	0.14761575018643985	-0.023519203982161944	0.19965668298495418	-0.2691990460386667	-0.016102166887866514	-0.14334132650817408	0.1321058728657949	-0.02115389269784997	0.18930472969153175	-0.15728033540921257	0.09186407483828127	-0.13386837674585084	0.151532987889217
Six3_Six1_Six2	0.14524117508880569	0.13779990406554143	0.12643549982073235	-0.15596250949564378	-0.18902403506735374	-0.144116642469928	-0.22521518043988178	0.134308478837209	0.0384877717722737	0.24216329959887412	0.04881611345810289	0.047832101350740126	-0.06152480143066207
Pax8	0.1435123543097079	0.11929441232516241	0.022704993647041115	0.03802111773646966	-0.12167231639203514	0.04238641356977436	-0.18275587382824612	0.271580967678708	0.2026465219103769	-0.056751550773070536	-0.1391275213447465	0.012030752337960153	-0.208357916867397
Rhox11	0.14340923732854344	0.05403398546346747	-0.04341479279160033	-0.06136800772089831	-0.21442987680122363	-0.08875365351678213	-0.29419776389229674	0.14889937167459694	0.13936654984094593	0.2047867913302189	0.026525630386574777	0.11583255727835416	0.012719208748645528
Foxc1	0.14298219796801395	0.043650574141125435	0.050655350373738126	0.052067256781817756	0.1436239241612211	-0.12155713956996074	-0.0852942556480902	-0.1303464135337434	0.06726865073010177	-0.27563070383813726	-0.06957454962948324	0.02065284099268972	0.3044844650387135
Neurog2	0.1426886274890003	0.03716503423674162	-0.1382536529369045	0.1549715202318897	0.07169015498176953	-0.11314376142449958	0.1468657359411865	-0.2573426764625962	-0.18603864900998413	-0.0717874670623595	0.20840348646566076	0.07237711574542233	0.07509315929367774
Zbtb3	0.132502820453025	-0.08168177299065232	0.08085397620094324	-0.19224412734491111	0.0025011808264433777	0.044542488703744436	0.19869245019829918	-0.19065344488445424	0.027524675931259877	-0.13390851602826537	0.040479910843630146	-0.04224986760752484	0.2461430461514925
Bbx	0.1323668455962006	0.11094555689413596	0.0847251280195418	0.22608009807917337	0.17271787175731473	0.03785682993922936	-0.09104247063745716	0.02136829734398856	-0.03851186393758352	-0.2144057332917338	-0.2089149464897768	-0.008805779719061418	-0.09201298795777298
Pax1_Pax9	0.12603376506776293	-0.06723227561467227	-0.13070415112724607	0.12952653057269212	0.03635487709493674	0.17585606564787018	0.1321644849497432	-0.14416649537227674	-0.17291663432827736	-0.031866834346926935	-0.15105284485531395	0.15013563233011235	0.07390164504935946
Cxxc1	0.12387090667826188	0.05487388502762597	-0.17366018712629502	0.14592921377357226	-0.08813961262359149	0.1585428039253403	-0.10769186607255811	0.1210939498746233	-0.019964713601633363	0.14267525761605737	-0.10555560513925073	0.05922855350443676	-0.18733167915833107
Ovol1	0.12204929017903085	-0.04406186817377852	-0.1619483251161976	-0.04344909347669103	-0.2197806452793816	0.1070708422644102	5.128727689746632e-05	0.021570645631623562	-0.11197863081471322	0.15557575138926286	0.0063790657092424406	0.21407269711569907	0.07649827347363036
Irx4	0.11231818534575946	0.16652646965252832	-0.058077286868379416	0.12569099326638156	-0.15935735700700854	0.06935828264511729	-0.17227672924478038	0.05281726419305492	-0.12349878411294865	0.1329353678252071	-0.028462677279449473	0.060646960687805944	-0.06630250375752678
Hoxb6	0.1107837998162071	-0.05507026069819254	-0.1839966910766575	0.16516625138625332	-0.01361003619902626	0.16919186626281635	-0.06078166937976062	0.0672809717070191	0.005268838131069881	0.08627671473028396	-0.14168654163385552	0.07533844719182574	-0.1133778904217737
Rxrb	0.10921947023588208	0.055291012749261036	-0.023880646207718327	-0.016946378856551616	0.169429217840336	-0.23550509602330874	-0.09249453894630297	0.061041349130662385	0.12730445521582423	-0.037821334627591324	0.10585080290855503	-0.1179346568712255	0.005665813688066887
Pou3f3	0.1008245146606002	-0.14958341150524115	-0.14514377612715282	-0.13864445782637017	-0.1198086483190825	0.037451568482198785	0.04590956664883685	0.1030393560878617	0.08735031978901375	0.05668235922947342	0.027070689846690595	0.09006514073501845	0.1056112929587527
Rorc_Nr1d1	0.091843776997186	-0.23642617500106888	-0.043922900906913434	0.01638573995484287	0.07876965756669194	0.15894461043294708	0.054682471924156074	0.037168457908786666	0.03557069134858676	-0.04238375953563305	-0.0645892059631216	0.007278695727823396	-0.001478283457087507
Prdm4	0.09151056511827214	-0.05071459165768647	0.12131083794666622	-0.021635998189763913	0.14070108584250582	-0.08870582590496653	0.08886687536299276	-0.1322915270238267	-0.04255626141497874	-0.0782482875918026	0.09767654249525386	-0.0933709498600757	0.05896809999568627
Thrb	0.08955701734232308	0.06740617026847501	0.03553101449198734	-0.18991110386756452	-0.142517276611934	0.017896160956981298	-0.05209023312719643	0.033629867780854174	0.014154472306077795	0.1287345722764841	0.1075442836415961	-0.03618022123276245	0.015802293117010074
Hlx	0.08853199538460722	-0.04847645939172342	-0.06913873133641986	-0.09260409807320837	-0.12215191608773354	0.004135535247104448	-0.08280188646706828	0.17927051448741987	0.13155209419848443	0.04649243364293033	-0.011707299603939082	0.0692660093762609	-0.0038361959921071756
Zfp282	0.08508386200886939	0.005381400297312398	0.05415382515890698	-0.07936379280892014	0.03319031111901305	0.10956754334489907	0.1035667127660147	0.05085725551399218	0.09331099913690853	-0.06588952109702412	-0.07559449003115046	-0.17011982924648938	-0.05906041415346391
Nr2e1	0.08412625737979207	-0.11945806065916573	-0.09956532002220365	-0.049702746380755995	-0.0017423738496454093	0.04132771454022329	0.15708097183314781	-0.0855722276592467	0.06230895945553271	-0.002578228883820668	0.0970766190797298	-0.07459286863089616	0.07541756117710122
Tbx3	0.0813911339518535	0.06759069030324893	0.12842110611824858	-0.10063531391008224	-0.09751857937804563	0.06483414334276316	0.12618651081894142	-0.008918687513682522	-0.025287639600847088	-0.012447032417020146	-0.132619772687081	-0.013797277881104105	0.004191852804659763
Zbtb49	0.08135293129383067	-0.14621460737817973	-0.0617371298570771	-0.031056375366000078	0.04856719051667139	-0.12594659753450133	-0.06574915783611707	0.04812350162012421	0.039471001694797295	0.012322776883816238	0.09730941247774369	0.08439317777010899	0.10051680700860491
Ehf	0.06915704048631979	-0.001847901289633999	0.012143739107748252	-0.0230296549214751	-0.16247333316205148	0.07804483360333606	0.004121053333659122	0.014460493390561692	-0.036618763386192875	0.02735394929905128	-0.02394697043800569	0.14274389800131856	-0.030951343538315964
Glis1	0.05606834239099375	-0.018393518891519193	0.02314679079296531	-0.062231276718185735	-0.055915739430767344	-0.09648422237758392	-0.0727109853482448	0.04666830985914387	0.07356736375025237	0.019630030814866337	0.043219094915438454	0.03457703333118154	0.06492711930245297
