mES_2i_LIF_r3	mES_2i_LIF_r2	mES_2i_LIF_r1	mES_2i_r1	mES_2i_r2	mES_2i_r3
0	1	0	5	0	0
0	0	2	0	0	2
2	6	25	17	10	1
3185	3354	3063	3633	3835	3032
623	797	679	943	954	813
817	999	1017	1061	967	777
1	2	2	4	5	7
591	808	822	855	806	554
0	1	1	0	1	0
550	910	1013	1204	949	554
0	0	0	0	1	0
0	0	0	6	0	0
1111	1409	1347	1575	1660	1199
0	0	2	1	1	1
3530	3447	3327	3326	3174	2697
27	27	27	16	25	20
314	516	537	589	529	306
546	806	877	847	851	453
332	381	235	354	511	467
13	28	4	4	12	10
36	56	30	26	49	27
2	0	0	1	0	0
1321	1579	1639	1604	1461	1192
1057	1338	1324	1333	1222	935
761	1128	1023	1057	1118	684
0	3	1	0	0	0
678	852	881	774	840	559
93	137	90	162	157	91
612	909	827	1870	1706	1157
38	77	63	83	102	60
576	565	301	194	362	391
798	1010	860	1014	1097	766
692	951	913	882	931	743
1741	2236	1826	1286	1811	1352
0	2	0	0	2	0
246	301	274	96	115	100
142	205	106	37	59	78
46	36	20	12	29	20
0	1	1	0	0	0
3404	4019	4129	3557	3901	3334
0	0	0	0	1	0
0	0	1	0	0	0
12115	14085	15856	13554	13739	10908
51	68	85	79	62	55
53	74	61	83	116	81
204	303	253	185	238	171
569	664	679	583	740	570
284	278	221	234	255	205
4	1	6	1	2	4
15	18	22	79	41	33
4	3	3	1	2	1
0	0	0	0	0	1
14	30	28	32	40	21
0	0	0	2	0	0
15	9	10	21	19	14
7	4	4	5	1	2
11202	12476	11185	10672	10976	8915
112	191	148	140	116	57
28	36	21	27	35	34
216	319	210	221	302	207
56	49	27	44	51	39
221	197	180	125	219	215
1	0	0	0	0	0
0	0	0	0	1	0
0	1	0	0	0	0
2	3	1	0	1	6
93	84	52	30	50	62
177	171	159	284	290	191
1	0	1	0	3	0
793	998	859	950	919	668
48	57	47	37	69	72
231	427	326	484	375	243
0	0	0	0	0	2
104	159	146	139	145	118
3	1	2	5	1	1
5359	7336	7414	7454	6488	4448
28	24	21	29	33	17
17	17	22	11	17	8
4	10	17	16	16	5
4	6	20	13	20	4
0	0	1	0	0	0
1018	1029	1072	1007	1108	831
687	900	1034	1086	1074	643
44	56	43	49	57	47
1238	1520	1623	1531	1566	1038
10	15	18	12	12	19
11816	16707	16487	14145	14812	8979
419	480	483	540	504	368
1003	1069	1121	1054	1096	910
6	2	1	6	6	1
1	1	1	0	1	1
0	0	0	0	0	1
30	47	54	58	57	42
1657	1861	1806	1785	1777	1321
400	565	400	356	358	319
2428	2772	1962	1889	1858	1510
3321	4055	3541	2823	2713	1987
0	0	0	0	2	0
63	98	78	53	68	53
938	1200	1063	1091	1042	813
174	185	227	268	209	174
43	51	64	59	52	44
304	475	426	431	471	271
2	1	3	1	2	0
43	56	45	53	48	39
40	56	54	108	66	48
196	251	236	205	265	179
4694	5031	5830	4946	5179	3844
1368	1634	1597	1407	1338	1101
1	0	2	2	2	1
41	36	35	51	53	34
3135	4380	3785	3802	3707	2563
310	346	322	430	527	368
110	83	111	106	85	74
79	118	117	148	125	78
868	1124	1027	990	1018	757
213	233	269	225	219	180
119	144	166	187	180	73
15	35	24	26	26	19
31	55	66	81	54	30
56	58	51	66	75	29
251	294	424	313	287	195
536	609	598	535	670	514
0	0	0	1	0	0
0	2	0	0	0	0
843	1018	1066	975	961	731
7989	10448	11201	10580	8342	6478
1196	1584	1952	2471	2370	1711
19	36	41	154	111	50
74	76	77	100	130	100
40	69	79	120	114	76
727	917	885	811	854	602
13	20	10	11	6	2
5150	6109	6935	5218	6887	5083
584	779	507	276	373	360
1660	1856	1467	1159	1371	1181
688	652	538	656	740	579
11	11	7	13	12	14
1	0	0	1	0	1
6954	8143	8028	10799	8535	6197
0	0	0	0	2	1
7	8	6	14	4	9
3	3	4	4	5	6
0	0	0	0	0	1
1	0	1	0	0	0
0	0	1	0	0	0
7	8	7	4	7	6
17	16	18	6	9	4
22	37	31	19	25	13
1400	1672	1719	1619	1567	1181
1	2	3	4	2	4
178	233	194	230	215	138
350	465	489	489	433	274
0	5	2	1	1	0
268	317	311	341	320	255
2	2	0	3	1	0
429	513	481	547	470	379
2001	2730	2599	2615	2562	1866
1	1	13	4	5	4
66	86	119	98	112	63
193	217	165	230	211	205
110	163	123	151	166	104
748	832	853	1046	897	768
0	0	0	1	3	3
29	45	31	26	42	25
0	0	1	2	1	3
65	85	52	31	48	59
1833	2104	1986	2108	2006	1597
2	2	1	0	0	2
3	7	11	6	11	12
0	1	1	1	1	3
0	2	0	1	1	0
899	1155	1081	1299	1250	876
2	2	2	6	3	5
705	823	909	623	516	429
1822	2411	1973	1941	2085	1529
26	36	22	55	42	34
50	70	76	69	62	32
560	753	743	719	785	492
103	155	153	156	151	97
85	95	115	142	119	84
25	50	44	63	41	34
32	29	45	44	50	34
301	340	329	342	319	261
493	694	750	1048	1102	722
4	1	3	4	3	1
409	567	549	537	504	353
231	245	232	284	257	207
101	98	89	133	96	89
13	6	14	9	13	7
4	0	6	24	32	10
120	131	205	301	268	140
26	24	20	89	80	62
11	9	10	16	7	12
769	984	937	1017	1087	701
0	2	0	1	0	0
290	432	358	799	830	517
22	41	23	30	35	16
6830	8271	8094	8063	7556	5755
113	162	147	125	125	95
10879	13492	13979	13034	12885	9510
13886	14903	16711	13838	12983	10419
434	582	669	694	585	476
20	19	15	7	23	27
198	256	241	271	313	183
13	11	10	10	16	18
0	1	1	1	0	1
109	155	145	149	124	92
73	130	127	129	136	99
176	219	215	190	193	157
451	497	430	365	462	357
451	471	282	157	236	201
309	237	265	275	248	237
1941	2975	2857	2726	2365	1650
32	22	39	61	55	60
74	113	102	35	69	64
7	11	9	23	20	22
3	3	2	3	0	2
5642	6988	6737	6635	6756	5126
1924	2898	2478	2558	2831	1698
344	347	458	382	399	315
438	499	473	451	490	422
1766	2138	2057	2191	2188	1594
173	236	278	234	252	143
288	303	373	325	300	257
2	0	2	2	3	1
80	89	79	119	100	68
33	67	31	35	32	14
835	1172	1020	1140	1045	688
68	75	81	73	73	72
8	4	3	1	1	2
161	187	192	207	205	165
0	0	0	1	1	0
1318	1447	1534	1574	1514	1106
2	2	1	3	1	0
453	607	817	1475	1170	708
24	26	12	27	16	15
2013	2347	2308	2128	2586	1899
8757	9905	10430	11080	10547	8835
322	552	363	427	482	286
427	598	535	536	586	375
12	14	8	24	34	20
1844	2035	1878	2109	2026	1616
71	82	108	116	113	68
354	578	560	658	614	316
190	259	258	286	263	206
395	546	508	712	599	412
639	1003	987	1228	1036	686
1	0	0	0	0	0
11	11	12	19	15	15
527	484	639	643	665	712
1333	1617	1505	1481	1429	960
1813	2133	2002	2025	1974	1584
19483	20070	22224	22256	21952	17609
0	0	1	1	1	1
1709	2178	2423	2790	2936	1667
885	662	1226	2182	2549	1793
0	0	2	1	0	0
440	447	508	513	503	427
121	93	124	158	123	119
556	794	908	1089	910	601
111	116	123	132	132	108
372	520	499	509	472	375
2577	2447	2614	1370	1159	835
193	239	184	233	185	188
10	10	3	4	6	3
2	3	6	2	0	0
11	30	15	1	9	7
0	4	1	0	0	2
0	0	1	0	0	0
0	0	0	0	1	1
28	38	54	101	74	42
3055	3612	3003	2430	2673	2120
952	1222	1140	1077	1143	737
0	0	3	0	2	0
26	35	30	36	25	33
5	2	2	3	6	2
670	806	732	792	869	645
29	69	82	89	74	41
200	216	288	443	346	235
332	361	364	367	395	346
5	6	5	15	17	11
6	14	9	18	10	9
6	11	17	23	18	20
561	769	697	618	680	454
5	5	9	4	15	5
3680	4195	3906	3882	4462	3525
32751	42502	31653	22306	30007	21702
3375	3898	2979	3079	2974	2418
233	276	213	224	228	212
4	1	1	2	0	3
1872	2146	1854	1969	2167	1797
651	718	648	597	585	519
1	0	0	0	0	1
1150	1244	1596	1277	1602	1160
3163	3777	3437	4163	4099	2842
19	32	23	33	27	9
0	0	0	1	0	1
683	637	478	275	295	330
10	2	7	0	3	3
0	0	0	0	1	0
2503	2905	2535	2566	2834	2238
0	0	0	1	0	0
4790	5463	5544	5121	4519	3502
455	458	560	450	429	318
375	529	400	211	264	202
145	133	128	150	92	121
122	114	92	56	50	39
486	480	496	486	465	393
16	8	8	7	4	9
1453	1817	1677	1522	1648	1195
1379	1594	1441	1558	1512	1229
14	21	29	49	36	26
651	949	853	868	872	579
166	197	166	131	188	129
317	362	366	364	333	295
95	67	74	71	61	62
1069	1265	1141	1287	1395	1035
6	7	2	9	10	6
0	0	2	0	0	0
7	8	20	23	16	13
0	1	1	4	0	0
60	102	106	246	118	65
0	0	0	1	1	0
1	0	1	0	0	1
2	1	7	9	1	0
47	36	40	60	51	52
0	1	0	0	0	0
114	131	142	129	123	104
211	258	246	240	243	222
195	218	222	258	177	132
5	5	2	6	10	7
81	94	110	86	75	64
422	554	485	473	518	376
79	117	108	64	96	65
373	451	519	500	489	378
2806	3172	2909	2401	2375	1705
6	6	0	0	3	4
210	288	282	306	230	163
31	16	52	71	48	38
880	1108	939	852	869	690
180	158	128	132	113	147
38	37	44	84	42	38
262	345	326	241	283	228
0	1	0	0	0	0
361	381	358	397	356	235
426	450	572	1236	778	533
12	9	15	6	19	3
4	3	3	8	11	2
497	569	601	687	566	503
34	55	49	80	68	37
1897	2482	2381	1274	1231	994
2	1	1	2	1	2
4	1	2	3	1	4
1292	1348	1325	1224	1272	1112
2	0	0	0	2	1
1	0	0	0	0	0
1475	1884	1630	1925	1927	1420
913	1031	966	1249	1231	957
13	4	16	14	7	6
490	574	600	702	606	409
357	377	421	453	451	367
72	55	94	139	103	83
12	11	1	1	0	3
2334	3144	3042	3270	2880	2156
11	19	40	32	24	24
0	1	0	0	0	0
5	12	15	14	17	4
91	89	102	90	73	63
0	0	0	0	2	0
0	0	0	1	0	0
829	934	978	961	947	706
1379	1715	1473	1355	1611	1148
0	1	0	0	0	2
11	14	12	10	25	5
0	0	0	1	2	0
394	421	440	373	517	440
27	56	23	20	16	10
14164	17928	15508	16254	15424	10725
45	30	22	11	16	24
13	33	22	15	18	21
0	0	1	0	0	0
1	0	0	0	0	0
1	7	5	0	1	2
0	1	4	0	2	1
25	25	10	3	2	8
8	12	6	7	7	8
1195	1589	1538	1552	1421	1082
243	317	294	330	399	315
1	1	1	2	0	3
0	0	0	1	0	0
2	7	3	3	1	2
4307	5479	4946	5093	4606	3497
174	160	188	198	218	181
675	534	615	1102	1048	1031
92642	116800	115619	121661	103590	74334
0	1	0	0	1	0
36952	41478	43266	44877	41730	33552
141	155	175	221	199	143
390	486	511	519	460	365
2	1	1	2	2	1
330	399	318	342	383	309
1	0	0	0	3	3
0	0	0	0	1	0
12	19	16	15	9	11
0	7	3	2	1	3
5	5	3	2	5	3
4547	5049	4717	4775	5548	4235
17	15	11	80	17	8
3672	5487	4929	4617	4079	2610
0	0	0	1	0	0
0	0	0	1	0	0
1	8	1	4	3	1
0	0	2	2	1	0
1769	2319	2215	2510	2129	1436
957	1217	1100	1055	1119	829
1	1	2	1	0	2
719	885	803	957	889	705
243	261	304	319	320	226
0	0	0	0	1	0
3	8	3	8	7	6
2640	3063	2715	3061	3372	2463
32	43	44	71	79	51
496	539	478	481	486	415
656	687	742	797	806	608
542	858	894	371	418	306
0	0	3	0	0	0
23	23	13	20	11	15
43	107	64	62	47	27
689	711	671	635	684	597
3	3	1	0	1	0
0	0	0	0	4	0
5	4	12	1	4	2
164	235	243	325	288	196
43	19	21	32	21	29
0	1	1	0	0	0
193	276	297	303	306	211
207	274	236	233	265	191
0	0	2	0	0	2
1	0	0	3	0	0
3	10	4	5	11	8
1084	1258	1164	1268	1218	978
81	93	103	194	89	84
5	3	6	4	5	3
569	838	925	923	745	421
116	181	223	283	264	168
400	443	562	570	468	398
1808	2055	2139	2102	2112	1717
0	0	0	0	1	0
0	0	1	0	0	0
58	69	100	72	89	54
0	0	0	0	0	1
304	375	359	398	495	297
4	6	4	4	4	3
41	39	57	59	48	32
285	386	358	341	343	234
240	299	359	322	261	215
1	1	1	3	1	0
0	0	1	0	0	0
15	31	45	68	34	20
9	5	37	181	75	35
74	68	139	585	469	269
275	312	336	317	350	258
659	707	638	700	745	634
1584	1898	1790	1971	1940	1503
6	6	2	2	7	8
7983	9368	8680	9214	8474	6433
19	36	28	27	33	14
31	37	53	33	33	27
520	662	707	650	620	480
57	59	47	52	72	41
529	617	529	463	524	368
407	478	406	348	391	289
2049	2135	2354	2182	2351	1959
1394	1574	1594	1721	1630	1265
34	46	43	17	43	18
1	0	3	1	1	2
65	60	69	80	73	48
2	2	6	3	5	9
165	270	266	280	276	164
64	72	64	50	72	42
1123	1562	1523	1824	1688	1083
202	243	247	221	201	154
146	147	137	285	362	237
3	7	1	5	0	0
6	5	12	5	15	6
199	229	183	214	228	150
634	738	713	764	729	527
7	2	1	7	4	2
517	832	790	816	784	432
374	489	388	458	448	312
8	20	30	18	21	12
339	472	437	385	472	354
1314	1628	1661	1554	1515	1094
5	0	1	0	1	0
1	0	0	0	1	2
0	0	1	0	1	1
3	1	0	1	0	2
84	104	79	90	77	74
0	0	1	0	0	0
2	0	1	2	1	0
1435	1523	1429	1527	1604	1370
2234	2225	2415	2708	2422	2017
1208	1488	1308	1444	1400	1010
11824	15284	11841	4061	6841	5067
1471	1981	1616	1691	1673	1209
292	336	310	134	84	54
1054	1224	1098	936	878	704
98	147	137	95	121	98
230	372	304	311	338	243
302	423	430	541	487	329
73	109	78	86	81	63
0	0	0	0	1	0
14	21	12	8	7	5
1104	1060	1206	1113	1064	890
29	28	35	29	35	26
185	254	135	156	108	88
1	2	1	0	0	2
8	19	20	23	5	1
119	176	163	174	135	100
500	712	691	613	636	402
0	0	0	0	0	1
1530	1624	1491	1559	1417	1289
3017	3532	3420	3183	3365	2668
82	98	114	85	106	60
1	4	2	0	1	2
3	1	5	13	12	10
8	12	10	16	7	13
824	877	573	504	597	461
9	13	1	2	1	1
1	1	0	1	2	0
1765	2280	2372	2277	2104	1469
4	1	1	0	1	1
1090	1352	1362	1478	1285	885
668	698	694	838	792	665
1399	1976	1835	2068	1819	1235
2384	2782	2877	2934	2430	1824
2	1	3	6	5	2
7092	7927	6448	6753	7919	6491
3572	4157	4107	3867	3873	3111
1	19	9	9	14	5
1	3	3	0	1	0
0	2	0	1	0	0
370	530	477	543	593	396
0	0	0	0	2	1
2	0	0	0	0	0
63	79	84	49	56	30
112	115	106	76	124	96
33	52	49	18	26	21
0	0	1	0	0	0
0	3	1	0	4	0
0	4	4	5	1	1
398	443	369	376	374	299
732	824	858	709	771	617
1860	2049	1893	1925	2019	1484
6	15	10	5	4	5
23	26	21	9	20	32
1415	1681	1730	1971	1896	1376
120	135	123	142	120	111
3	1	1	0	0	2
0	0	0	1	2	0
1	0	1	0	0	0
19	19	7	2	8	4
113	95	95	138	130	146
476	730	556	519	605	375
86	130	93	85	88	81
7421	7586	7970	8935	8557	7083
5	45	27	16	34	19
180	239	238	215	260	155
1	2	0	4	0	1
221	315	230	112	135	115
3	2	4	3	2	2
18	35	40	31	24	9
1	1	1	1	4	6
61	96	109	76	79	55
86	117	81	139	139	79
227	346	255	260	300	216
2275	2576	2371	2433	2456	1908
66	64	76	45	72	67
39	61	79	64	52	33
9	24	20	36	30	14
124	142	152	213	275	179
3248	5009	5882	5515	5495	2913
145	194	162	111	138	96
2187	2743	2678	2696	2446	1867
67	71	62	126	92	63
0	0	0	1	0	1
2	4	1	0	2	3
114	111	105	88	141	128
663	767	548	464	561	427
2381	2461	3147	2390	2722	2144
90	127	138	110	120	111
1306	1869	1626	1661	1516	873
43	32	36	43	75	50
391	485	348	227	241	272
2	0	0	0	0	0
467	686	896	778	606	429
3	6	0	2	0	1
5	16	2	0	2	0
10	8	8	0	0	0
1	1	0	0	0	2
0	0	0	2	1	4
506	755	691	634	686	461
1896	2218	1938	1811	1963	1488
1	1	1	2	2	1
1609	1839	1880	1902	1742	1321
1410	1713	1642	1956	1807	1310
752	843	951	974	932	675
372	515	453	411	497	349
5	5	10	6	12	11
9507	11571	9165	9622	10322	7426
5	2	1	2	7	2
168	197	213	217	178	148
153	193	197	206	211	145
5	4	5	13	11	8
199	263	321	284	324	201
16	20	26	25	17	13
563	852	750	832	787	475
0	1	2	4	0	0
1281	2933	1461	1073	1517	858
386	414	330	314	385	319
929	1071	989	1091	1047	836
9	12	11	13	7	3
8	20	15	9	20	10
2618	3048	2631	2773	2904	2404
1275	1473	1328	1576	1615	1282
1332	1620	1300	1044	1512	1229
1022	1180	1152	1157	1220	870
17	34	15	4	7	8
110	138	43	3	8	29
16	18	14	10	4	5
0	2	0	0	0	0
230	290	256	245	244	204
16	39	58	46	47	15
102	158	137	106	94	72
0	0	1	0	0	0
92	174	207	236	213	123
0	0	1	0	0	0
609	1123	1016	1080	993	578
313	367	314	326	355	254
789	1201	1227	1242	964	671
1344	1467	1635	2261	2321	1505
1356	1759	1589	1501	1590	1240
0	0	0	0	0	1
392	519	566	786	572	414
1	3	2	0	1	0
112	113	98	117	104	88
599	659	615	656	578	480
1	0	0	4	0	0
301	381	406	442	447	252
1879	2527	2747	2875	2720	1713
1	0	0	1	0	0
0	0	1	0	0	0
19	41	18	16	42	36
14	10	12	13	12	17
1776	2091	2068	2261	2209	1681
332	473	497	498	481	306
392	596	619	818	728	441
1460	1673	2058	1818	1736	1301
1	1	2	3	0	0
29	38	19	6	9	12
9	11	7	5	3	8
8	18	26	31	15	18
0	3	0	0	0	0
335	412	437	420	409	291
8910	13532	13513	12777	11774	7795
0	3	5	0	2	3
8	9	7	1	12	10
0	0	0	1	0	0
3	0	0	3	5	0
2462	2653	2602	2295	2694	2210
403	631	522	552	491	302
402	451	456	475	435	377
1402	1679	1667	1863	1814	1264
914	1085	1015	801	741	549
782	1080	1159	1379	1198	696
114	120	130	203	218	122
222	216	229	283	259	209
1	0	1	2	6	2
27	25	45	32	66	54
798	1133	973	906	916	733
137	185	101	68	140	116
3231	3727	3439	3168	2987	2531
319	282	280	232	273	254
388	492	380	177	222	207
11086	13856	11547	8319	9327	6434
11	6	4	3	8	2
12362	15701	14287	14684	14447	10035
47	60	57	32	32	30
2	1	0	1	1	0
5	3	5	11	8	3
2	0	0	0	1	0
0	0	1	0	0	0
3	1	3	11	6	2
1024	941	1193	1905	1920	1594
0	0	1	1	0	0
2	2	4	10	3	9
84	107	118	141	134	94
0	1	0	0	1	0
308	374	419	455	420	297
30	46	46	52	42	37
232	298	285	318	340	258
433	483	490	488	491	415
1	1	5	2	0	0
84	131	90	113	106	89
573	1104	1036	1172	1027	462
314	321	279	283	301	246
1991	2501	2316	1986	2036	1538
0	3	0	0	1	2
29	23	28	16	33	30
0	2	1	5	2	0
111	48	73	124	113	76
154	251	224	316	316	157
979	1307	1311	1705	1593	934
126	83	107	205	204	255
361	500	415	501	462	342
683	904	765	789	883	613
1	0	1	2	0	1
327	397	420	466	398	311
73	84	68	70	72	82
1	1	0	1	0	1
5	5	10	37	28	17
8	5	5	20	35	32
0	0	0	3	0	1
265	322	381	368	359	275
0	0	0	0	0	1
0	0	0	4	4	0
486	554	618	572	632	482
7097	8283	9116	9938	8884	6897
139	188	149	192	269	149
384	585	615	651	568	315
1	1	5	3	2	4
339	404	425	534	516	306
405	472	475	419	447	364
158	227	276	203	242	149
340	496	518	450	478	277
198	284	301	200	201	163
2121	2549	2168	3100	2820	2028
0	0	0	1	0	0
2	0	3	1	0	0
715	927	955	971	886	583
0	0	0	0	0	1
82	78	94	82	65	57
1	0	1	3	3	0
289	293	306	284	329	300
100	153	164	153	207	140
13520	18863	16455	15943	15569	9580
8	8	2	0	0	1
0	0	0	1	0	0
233	237	233	265	212	184
827	906	1014	981	928	817
351	435	392	450	421	282
609	736	689	758	823	608
176	201	159	214	195	160
0	0	0	1	0	0
0	0	2	0	0	1
2	0	0	0	1	0
1	4	3	3	3	5
935	1197	1251	1379	1335	915
119	109	119	121	80	117
472	515	574	548	548	422
694	683	754	664	599	616
3635	5108	3709	2646	2793	1796
173	273	270	366	298	192
478	573	536	568	522	432
76	90	78	60	59	43
382	518	448	597	564	349
123	150	136	121	129	109
0	1	0	3	0	0
783	940	768	895	951	742
3	14	4	13	6	5
150	172	124	76	105	112
1	0	0	0	0	0
1549	2235	2323	2672	2611	1538
2717	2717	3130	5527	4030	3091
1129	1301	1269	1439	1440	1034
58	24	34	76	60	58
5	7	5	3	3	5
77	114	112	115	93	79
5	8	14	15	6	7
0	0	0	1	0	0
5	12	8	10	8	3
4052	4614	4121	4136	4302	3423
961	1067	946	998	958	839
638	628	649	843	809	683
31	47	67	76	51	76
0	1	5	3	8	4
3	15	15	6	6	0
209	217	211	757	513	381
1036	1151	1287	1114	1127	962
5	8	3	7	2	6
0	1	0	1	1	3
16	23	24	0	0	3
121	151	117	133	163	111
350	460	222	113	81	55
376	514	498	625	453	328
624	1021	968	1037	993	538
0	1	3	2	1	1
1	3	5	10	6	2
0	1	2	1	2	0
473	615	528	547	511	335
299	271	277	291	282	265
11	6	2	3	4	4
0	0	1	0	0	0
43	47	86	9	7	4
0	0	2	0	0	1
6	10	7	8	4	10
863	999	959	982	1083	778
2	2	1	3	3	2
13	26	12	14	7	2
7	4	2	0	2	1
269	330	343	228	229	185
0	1	1	1	1	0
1	0	2	1	2	1
2953	3350	3688	3445	3172	2471
23	36	38	18	20	19
270	422	322	298	363	208
161	219	229	182	218	139
519	639	685	636	557	474
578	637	625	576	618	480
283	320	310	302	380	244
320	305	295	276	317	287
1752	1833	2303	1829	1849	1528
5	3	4	5	4	6
28	50	72	59	38	20
774	1038	860	818	744	592
1154	1444	1668	1792	1543	1070
4	6	4	7	4	4
518	626	584	518	450	356
71	61	66	63	72	41
0	0	1	0	1	0
5	8	2	1	6	5
1	1	6	0	1	2
0	0	1	0	0	0
4	7	4	0	1	4
616	926	815	786	817	508
3	2	1	0	0	1
684	866	664	610	713	518
3618	4308	3625	3452	3570	2826
703	826	648	764	707	562
1915	2544	1999	2186	2247	1664
70	110	129	229	153	96
1	5	3	17	10	10
0	0	1	28	4	4
230	302	274	360	293	252
3	5	5	9	4	2
1	2	1	11	5	5
6	13	9	11	11	5
379	503	522	483	517	340
2	1	0	5	2	2
47	40	92	157	99	78
935	1133	1064	890	986	685
72	78	69	51	36	44
0	1	0	0	0	0
2	1	4	2	4	2
0	0	1	1	0	0
4	4	2	14	10	14
1004	1332	1232	1440	1553	1115
0	0	1	0	0	0
1	0	0	0	0	0
0	0	0	0	1	0
470	470	579	1255	611	468
1	0	0	0	0	0
287	262	309	153	161	134
0	0	1	4	0	0
2	3	0	0	5	2
1233	1384	1257	1152	1373	1120
4	1	0	1	2	1
221	341	284	330	340	205
29	42	32	62	28	29
1275	1550	1321	1297	1390	1200
0	0	0	2	0	0
0	0	1	0	1	0
20	7	9	12	8	13
362	674	575	692	707	307
82	72	84	67	64	68
80	97	93	154	135	66
159	265	283	388	342	143
3546	4532	3891	4099	4490	3401
0	2	1	0	0	0
0	2	0	1	3	2
307	369	487	513	456	297
153	192	220	166	164	107
41059	48419	47512	53765	49310	38342
64	94	98	172	122	91
9	13	16	15	14	12
437	524	423	385	444	391
161	171	178	161	184	128
278	371	360	368	340	250
454	572	602	432	720	564
5	0	3	6	5	1
3673	4617	4279	4396	4522	3182
962	1258	1184	1257	1215	853
68	76	89	102	81	86
126	120	129	103	85	87
30	44	30	30	29	21
0	0	0	1	0	0
15230	15970	16120	14316	16066	12944
425	529	496	451	481	345
2	4	3	4	1	2
892	1152	1092	1049	1008	647
1101	1330	1434	1381	1642	1152
2145	2401	2400	2260	2089	1657
720	899	1120	1650	2022	1121
726	783	849	966	854	660
60	81	168	712	582	332
78	97	101	128	120	100
255	244	347	227	247	209
1	0	0	0	0	0
1891	2345	2275	2066	2231	1673
465	587	612	560	542	399
2094	2815	2600	3224	2681	1883
0	0	2	8	7	2
2225	2853	2796	3503	3046	2092
7575	9116	8433	12255	9307	6669
1123	1212	1370	1278	1185	987
0	0	0	1	0	0
870	977	874	959	1178	854
557	656	663	733	738	444
577	760	690	721	714	516
62	57	52	44	57	60
24	20	20	31	31	40
2	1	0	3	5	8
210	240	236	222	227	159
450	533	567	625	566	414
469	554	527	509	538	457
1514	2003	1933	2278	1829	1246
258	328	356	411	385	276
2	0	5	4	3	0
76	96	69	123	102	93
2	1	1	1	2	1
3	6	6	3	2	0
2	1	0	1	0	0
996	1055	848	643	698	616
575	740	416	181	378	258
120	230	199	175	215	101
795	842	999	1025	873	732
1624	2040	1909	1950	2125	1530
1233	1703	1423	1574	1493	1076
8958	11525	11027	11361	10820	8103
45	62	51	29	62	50
145	156	176	229	193	144
30	27	18	35	45	39
1740	2006	2195	2260	2064	1616
1169	1203	1240	1414	992	954
2	1	2	2	0	3
558	642	574	616	519	414
0	0	0	0	0	1
0	0	0	2	0	0
1155	1335	1531	1939	1489	1222
15	8	12	11	5	9
4910	6976	8383	7211	5793	3830
667	710	871	951	1118	817
537	570	449	369	498	405
4	24	15	11	16	3
296	343	343	315	314	256
455	514	512	550	516	429
24	25	27	30	22	18
225	259	278	280	231	179
6	2	5	13	4	6
89	89	89	68	83	84
426	355	407	435	448	395
1	2	0	0	1	2
0	0	2	0	0	0
30	40	78	102	27	28
52	41	51	58	53	39
32	63	54	75	53	39
1044	1254	1291	1378	1262	894
1537	1497	1290	1260	1485	1345
1355	1306	1362	1344	1414	1174
529	830	649	725	724	439
2396	2646	2316	2259	2205	1813
554	703	572	537	544	361
1	0	0	0	0	0
9	16	12	3	9	11
117	104	119	123	132	86
8	7	5	2	1	0
19	37	19	19	25	19
13	25	17	24	13	16
188	285	288	354	313	222
426	526	584	679	680	419
61	68	81	79	74	57
113	160	162	178	149	114
0	1	0	0	0	0
6	4	17	12	10	9
10	19	33	70	43	30
1	1	2	1	1	3
167	238	203	170	142	55
13	9	11	21	18	14
2	0	2	2	0	3
264	280	302	331	315	245
0	1	0	0	2	1
85	95	97	105	111	88
1292	1757	1444	1447	1466	1077
143	181	187	223	150	122
4	7	15	7	10	5
0	0	1	0	0	1
0	0	0	0	0	1
155	215	195	183	179	175
398	590	606	617	703	453
1076	1352	1369	1292	1341	1019
116	136	128	115	147	83
8	9	13	9	12	13
223	329	322	260	245	176
777	1058	1049	848	888	658
697	912	894	808	766	563
18	27	27	28	24	16
1144	1355	1317	1471	1392	1126
538	807	601	491	714	418
2	3	13	72	55	19
4562	4717	4086	4570	4764	3876
227	233	270	383	426	355
67	68	76	111	141	89
811	880	809	799	1007	754
784	844	945	824	844	790
642	591	729	767	766	674
0	1	2	2	3	1
391	520	495	465	549	367
299	430	409	437	455	309
1630	2323	2806	2751	2435	1518
16	18	18	41	45	43
1	0	10	5	8	1
389	563	487	594	590	374
57	93	44	44	72	38
10	10	12	13	13	13
0	0	1	0	0	0
937	1177	1388	1498	1186	835
5445	5944	5878	5233	5745	4613
500	660	753	741	639	473
2	1	0	0	3	1
291	382	422	389	319	232
2	1	0	3	1	3
98	105	118	143	160	124
5100	5522	5726	6191	5339	4485
0	0	0	3	4	0
769	874	864	958	1014	789
406	619	538	574	605	416
6	17	14	40	17	14
337	335	353	427	381	311
82	76	55	31	43	60
5	5	4	3	2	2
471	542	532	546	637	458
4	0	4	3	3	3
73	97	87	122	106	80
6471	7942	10809	6852	5655	3770
373	444	312	152	407	264
29	35	49	45	26	33
441	614	639	519	586	379
0	1	0	1	2	0
10	14	15	27	17	19
0	2	0	1	2	1
109	115	120	130	127	65
539	671	720	689	732	530
80	104	133	193	191	103
6	15	17	60	51	16
127	149	125	200	165	149
247	253	123	124	142	110
1730	2287	2232	2283	2164	1497
210	241	293	264	270	192
527	495	516	440	497	456
585	723	745	792	714	522
1	0	1	0	1	0
178	197	209	297	244	188
205	186	305	405	443	361
227	209	176	203	183	149
3017	3886	3727	4115	3976	2750
1775	2391	2175	2364	2287	1710
1	0	3	3	0	0
82	67	86	97	94	58
0	1	0	1	0	0
1	0	0	0	0	2
7	11	9	9	9	8
0	1	0	1	0	0
527	505	488	402	552	447
739	909	923	821	885	659
378	571	592	569	528	322
650	907	769	780	1004	630
2899	3511	3813	3864	3530	2689
1	1	1	0	1	0
137	164	221	232	219	130
1	0	0	2	1	0
0	0	2	0	0	0
0	0	0	1	0	0
19	15	18	19	14	17
5	1	9	72	34	18
7	11	9	39	13	16
1044	1261	1553	1724	1438	1076
59	70	69	70	55	47
1626	1479	1267	1731	1804	1343
197	193	209	168	202	179
292	298	320	309	302	218
108	100	96	191	153	127
4	7	8	12	6	0
33	42	47	26	35	18
90	182	142	153	154	96
752	824	805	746	786	598
2	0	1	5	0	2
1	1	0	0	1	0
12861	13565	12992	13015	12329	10550
10	12	13	11	7	1
3	2	1	2	3	5
0	1	0	0	2	1
32	56	51	51	20	26
248	233	240	212	254	166
31	36	32	29	41	23
588	594	605	399	461	252
394	404	445	356	407	351
1861	2015	1894	1619	1766	1509
473	348	144	14	11	34
903	1054	1026	883	976	748
360	476	581	463	472	286
692	954	952	628	704	465
294	298	312	256	273	208
3	1	5	0	0	0
118	126	156	130	102	107
213	291	245	219	203	169
19	23	18	15	17	11
0	1	1	0	0	0
1	0	0	0	0	0
2	9	9	5	5	5
280	295	326	309	299	222
163	194	197	190	197	123
1961	2052	2183	2102	2102	1742
10	29	21	18	22	17
0	0	0	1	2	0
3	3	2	3	7	2
1242	1292	1219	1289	1233	1016
13	15	15	21	3	16
76	73	56	67	46	48
0	0	0	0	1	0
0	0	5	0	0	0
0	1	2	5	5	2
1074	1523	1613	1875	1720	986
1114	1281	1342	1492	1272	970
179	250	214	210	178	128
363	409	406	398	368	340
0	0	2	1	0	0
271	294	283	386	288	200
0	3	3	16	3	2
24	34	37	69	55	23
206	204	237	239	214	199
14	23	9	7	11	11
874	1094	1145	1007	1079	695
602	757	672	762	755	528
2317	2595	2515	2456	2564	2015
90	169	150	134	174	101
1695	2139	2230	2416	2112	1598
857	1363	1513	1457	1071	632
67	76	91	102	118	89
359	379	333	234	288	189
15	8	6	8	18	13
5	2	4	3	3	1
1379	1503	1523	1561	1476	1276
361	451	497	386	460	346
9480	11276	12672	10730	11591	8845
202	229	309	301	294	196
693	861	894	1067	940	633
1507	1799	1698	1758	1590	1267
1	0	0	0	0	0
1030	1356	1566	1373	1280	926
225	284	282	300	278	179
1	1	2	1	0	1
0	0	1	0	1	0
0	0	0	0	0	1
1	2	1	6	0	4
0	1	0	0	0	0
437	481	457	383	406	252
18	28	17	16	24	8
3056	3943	3500	3326	2931	2250
6339	7091	5976	4254	4961	4036
309	391	375	359	402	280
373	426	422	420	384	317
55	96	56	63	49	57
142	194	170	129	157	112
419	382	416	322	343	370
1869	1932	1711	1455	1573	1248
31	60	30	9	10	10
228	357	255	189	193	109
0	0	0	1	0	1
667	682	734	726	715	638
646	907	940	936	841	556
1	4	0	2	1	3
5	4	5	7	14	14
788	1060	1050	990	1082	655
300	410	354	360	368	246
4	2	0	1	0	1
34	38	15	29	40	34
938	1199	1164	1161	1020	795
5603	6987	7227	9023	8842	5683
2	0	0	1	4	2
254	272	264	222	279	194
2714	2878	2890	2997	2745	2161
3	4	1	0	1	2
608	634	620	541	607	563
176	157	171	203	165	156
347	374	382	408	430	295
612	683	840	899	888	630
200	236	184	222	277	193
6470	8189	8557	8786	7670	5390
987	1006	1117	1086	1015	871
8632	10054	10145	11540	11126	8296
264	259	232	266	297	246
18859	22691	22630	22411	20917	16065
138	178	151	180	172	151
436	658	591	575	606	385
189	223	224	286	271	197
2309	2946	2470	2016	2479	1746
79	86	93	93	88	52
810	841	967	868	810	689
34	51	39	37	51	37
34	74	72	81	59	56
0	2	0	2	0	0
89	105	81	98	119	75
2453	3023	2646	2704	2899	1951
401	486	489	519	517	429
161	248	254	244	268	172
244	274	287	314	342	224
166	224	219	203	176	123
1423	1642	1570	1661	1781	1337
580	872	776	542	662	407
1	0	0	1	0	0
15	20	8	18	23	12
240	255	249	315	361	283
383	437	439	432	399	357
12	22	22	17	7	4
283	343	142	40	58	71
755	937	900	1005	1024	756
479	555	576	571	559	416
1321	1327	1548	1500	1352	1100
146	134	149	151	145	124
1907	2567	2106	2496	2496	1772
1087	1414	1181	1135	1285	981
122	132	110	124	113	71
197	224	255	222	212	176
3388	4200	4382	2740	3200	2272
3792	4480	4096	4353	4259	3204
0	2	1	2	1	0
1601	1724	1835	1864	1671	1248
1277	1708	1479	1502	1485	1100
0	1	0	0	0	1
0	3	1	1	1	1
19	22	18	32	32	20
2160	2540	2291	2064	2394	1761
116	191	183	207	153	104
6	7	5	12	7	12
8314	11761	9807	8507	9489	5798
258	308	271	294	244	235
178	219	200	210	199	144
2003	2149	2293	2137	2198	1779
1435	2111	2031	1850	1654	1007
35	61	57	43	38	36
492	655	556	504	505	330
85	83	99	96	74	51
250	287	297	212	232	164
226	376	244	280	253	186
124	167	137	137	131	104
805	1286	986	502	637	454
200	210	276	186	198	184
10	10	9	10	5	2
131	170	140	136	167	89
152	234	225	211	162	106
1626	1668	2067	1988	1939	1584
946	1108	1109	1188	1246	855
839	934	938	866	838	620
1287	1473	1450	1295	1504	1153
25	47	41	40	32	13
5	1	7	2	10	2
171	177	237	231	157	157
43	56	78	40	56	39
6	2	5	2	1	2
184	208	230	268	227	179
1368	1532	2012	1922	1693	1289
302	378	349	348	340	232
7554	8236	9281	8024	8524	6953
106	88	131	124	103	77
217	291	195	160	252	236
94	175	152	193	115	106
7	11	13	8	12	6
376	636	555	496	671	312
980	1227	1144	919	934	577
34	39	18	73	30	30
109	87	81	66	97	91
84	138	118	216	219	129
529	534	540	683	575	532
1098	1475	1423	1459	1541	1022
9214	10962	12562	12779	9088	6573
232	288	265	195	243	191
736	747	737	599	715	591
13	8	1	5	8	23
1538	1742	1814	1815	1585	1148
1	0	2	2	6	1
22	28	38	91	45	38
5	6	9	4	3	4
10	5	14	11	12	8
7	3	7	5	3	4
1377	1767	1471	1830	1782	1396
953	1384	1330	1291	1203	904
9	11	14	10	9	11
28	39	39	75	83	53
384	511	555	607	595	372
1394	1981	2187	2108	2016	1443
6	0	9	3	5	3
627	655	804	733	810	609
38	32	29	38	29	47
295	306	278	264	275	250
234	216	288	299	264	262
21	5	17	9	59	61
1	0	0	0	0	1
815	943	978	1140	836	715
761	942	1083	1096	1005	623
241	274	275	289	289	190
111	193	186	219	203	118
1083	1592	1591	1653	1596	1019
1460	1723	1786	2025	1874	1367
1	3	0	0	3	3
14	19	38	23	19	13
319	238	194	258	278	224
20	34	33	37	27	19
287	273	280	192	242	191
2266	2423	2774	2698	2617	2078
1	1	0	0	0	0
865	1218	1118	1521	1392	960
1	0	0	2	2	1
1	5	2	1	2	2
5161	5519	6760	5410	5312	4097
579	663	735	700	642	477
156	225	210	221	218	142
182	240	230	269	285	178
564	742	698	606	617	420
2	4	5	7	0	3
104	137	102	115	166	110
6	10	14	59	33	5
181	207	202	267	272	167
614	869	935	895	972	631
147	214	184	198	195	136
935	1114	1180	1344	1280	976
260	345	332	353	369	264
0	0	1	0	2	0
10	13	8	9	15	8
439	524	543	534	525	430
646	873	644	458	368	253
89	88	100	93	80	87
55	71	49	41	35	32
10	11	14	9	10	14
8610	12387	12671	13619	12123	7688
62	55	87	82	77	50
621	740	730	772	806	580
1	1	0	5	2	2
557	685	613	615	665	495
619	822	746	451	457	295
5688	7553	7271	7318	6641	4752
328	446	417	384	442	339
32	27	51	87	71	52
3	0	3	3	5	2
5	10	7	16	16	15
7	11	9	13	13	7
1564	1849	1577	2195	2166	1689
191	262	206	176	220	149
1	1	0	3	0	0
0	2	2	1	3	0
2149	2342	2389	2027	1822	1398
2410	2787	2938	3687	3544	2531
93	135	139	161	157	148
2097	2366	1732	1706	2149	1800
1606	1972	1907	1771	1930	1459
20	33	19	15	22	21
4650	6296	4787	2306	3788	2734
4	0	1	1	2	5
602	806	667	856	918	616
133	134	132	135	137	97
2089	2222	2433	2491	2223	1877
1	1	1	3	1	1
1	0	0	1	1	0
535	676	349	576	731	488
2	5	2	0	0	1
347	405	259	276	240	203
18	24	17	41	40	18
7	16	13	11	31	14
16	34	17	27	23	19
1	0	0	0	0	1
137	141	75	24	97	91
7	8	1	6	4	11
118	125	190	131	334	195
8	6	10	11	8	7
51	53	75	118	85	78
2	0	1	1	0	0
0	2	2	3	1	1
28	23	26	38	14	14
2	2	4	12	10	4
32	41	35	50	77	32
285	383	342	348	434	343
2	0	0	5	4	4
1691	2159	2085	1911	1769	1313
0	1	1	2	0	0
12	11	8	2	2	2
182	280	298	1049	451	282
66	99	107	123	97	66
4	3	6	5	2	2
297	350	350	315	302	252
5601	7635	8880	7920	6092	4623
48	47	52	60	51	52
158	191	229	235	206	124
47	61	49	93	78	52
7205	9381	9909	9258	7793	5618
393	396	299	299	313	267
3033	3949	3023	2565	2586	1674
2	4	1	1	0	1
216	456	274	29	196	132
2	4	5	3	1	1
12	17	18	16	27	20
1092	1160	1053	956	1171	903
1674	1988	2197	2511	2202	1570
168	204	232	286	242	175
503	673	624	680	711	526
11	12	3	13	9	8
1527	1743	2006	2207	1921	1480
378	507	527	541	499	349
6517	7520	7472	7270	6966	5272
230	260	288	266	310	226
3	9	9	3	12	11
3	3	13	8	0	2
1762	2064	1962	2061	2081	1482
769	575	968	1441	1546	1361
1	1	9	26	8	8
419	513	582	689	705	462
2127	2448	2222	2654	2905	2272
1345	1789	1671	1770	1677	1259
1923	2479	2538	2516	2625	1930
5	17	11	12	24	8
339	413	418	413	373	283
482	518	529	494	465	392
5	9	8	2	5	6
62	80	58	86	85	55
1	0	0	0	0	1
443	526	440	463	406	314
894	1219	1248	1200	1174	777
2560	2904	3284	2866	2860	2171
265	294	314	301	284	224
0	0	0	1	0	0
24	49	44	25	23	15
0	0	0	1	2	0
3	5	2	0	7	1
1	6	2	0	1	1
23	34	23	12	16	9
6	18	3	10	6	8
0	2	0	0	0	0
4	1	2	5	3	2
471	525	515	552	596	491
21633	28846	29470	26111	24557	18037
1465	2301	2035	1616	1741	1176
1574	1989	1738	1852	1994	1389
35	43	56	35	47	31
4	1	5	2	0	1
96	88	105	99	100	60
3	15	3	1	5	3
68	53	36	66	62	60
676	859	873	885	925	727
18	18	15	29	18	21
63	56	62	65	83	50
1	0	1	0	0	0
29	36	24	34	31	26
434	506	427	493	540	359
1226	2124	1883	2711	2747	1265
520	586	663	557	659	484
165	255	197	298	262	155
3	3	5	10	10	14
1662	2303	2536	2226	1926	1352
802	721	687	893	945	741
0	4	2	10	2	7
26	28	32	19	28	18
25	34	83	127	50	27
573	714	718	680	744	497
0	0	0	0	0	2
0	0	5	0	0	0
1279	1478	1415	1501	1391	1126
1	3	1	0	0	0
2680	3350	3023	3249	3292	2259
4	8	18	27	22	14
117	154	162	172	161	127
0	0	0	0	1	0
0	0	1	0	0	0
3136	3603	3965	3984	3505	2813
886	1230	962	1204	1252	774
10	16	27	78	54	25
0	0	2	0	1	0
800	625	756	640	689	610
340	443	360	328	420	290
35	46	46	48	43	27
1760	1587	2074	2027	2001	1741
302	399	427	384	390	308
973	1142	883	921	911	745
1695	1944	1874	1865	1884	1348
475	612	699	540	606	380
22	20	33	34	19	16
93	144	79	12	9	10
60	75	58	23	23	22
64	91	67	59	80	52
260	257	294	273	292	208
81	122	75	99	119	65
3	0	0	0	2	1
20	29	7	13	15	11
0	0	0	1	0	0
2	1	2	2	5	4
9610	10560	10399	10331	9322	7595
1017	1476	1408	1201	994	645
0	0	0	1	0	0
42	38	25	5	4	5
63	68	38	4	8	16
4	3	2	1	2	2
0	0	2	0	0	0
0	0	1	0	0	0
0	0	1	0	0	0
1	0	2	0	0	0
0	0	0	1	0	0
0	2	0	1	0	1
0	0	0	2	0	0
0	1	0	0	0	0
363	449	467	574	581	404
1759	2257	2081	2023	2173	1613
3195	3920	3591	3432	3281	2686
8	4	11	7	8	7
1528	1778	1666	1513	1646	1369
16	13	5	12	11	7
480	462	480	584	611	482
244	305	314	243	284	190
297	272	255	240	282	237
4868	6182	5873	6506	6113	4289
53	109	101	30	58	21
6407	6822	6749	6313	5988	4901
133	163	132	110	110	88
26	37	27	17	10	16
57	97	149	111	95	74
350	544	589	531	443	237
9	11	17	8	2	6
252	301	263	268	350	242
157	194	207	212	201	149
220	385	345	343	309	208
602	635	590	578	595	515
70	42	53	37	50	59
111	161	146	110	111	67
3108	4216	4479	4533	4052	2580
25	30	16	22	33	17
447	548	531	433	462	380
1238	1462	1196	1126	1215	1079
724	843	747	523	534	503
115	174	162	152	162	115
877	984	866	910	883	770
4	12	11	13	7	3
1757	2245	1972	2684	2066	1390
909	1088	1060	1338	1195	876
58	60	93	155	150	99
323	357	408	691	582	472
115	157	136	136	118	91
86	105	97	78	72	74
2	1	1	2	2	3
185	173	222	275	206	161
415	500	529	667	630	414
101	122	107	146	147	92
0	1	0	1	1	0
1	0	8	18	9	4
40	48	63	91	44	44
167	257	250	142	88	65
3	11	7	2	5	10
1	7	7	4	6	5
741	850	757	743	798	619
72	91	69	69	101	64
372	601	460	349	531	332
10	19	17	15	10	4
104	100	94	90	101	89
1357	1449	1478	1537	1647	1321
273	381	340	352	376	241
2128	2510	2906	2882	2457	1875
1	0	1	0	0	2
98	91	130	137	116	124
329	445	329	310	334	242
28	50	10	7	7	6
128	142	164	141	145	120
207	349	326	654	632	430
1322	1274	1521	1899	2114	1835
89	72	69	88	141	140
2	0	0	1	4	3
1	2	0	2	1	0
4	4	2	3	5	2
625	730	721	814	739	467
235	214	207	214	256	200
11	7	16	8	10	12
1	0	0	0	2	1
2293	2835	2627	2770	2713	2023
30	42	43	62	89	74
2539	2667	2720	2918	2646	2171
14622	18049	16751	17583	17349	12515
7	7	10	21	12	14
0	0	1	1	0	0
672	866	804	873	856	604
6	8	18	18	9	13
51	80	83	120	112	62
35	36	28	21	36	24
222	250	251	238	219	161
1587	1596	1754	1785	1539	1354
81	58	84	122	93	64
0	0	2	2	0	2
396	433	520	575	511	378
1258	1590	1579	2619	2366	1552
155	234	349	538	426	219
17	14	18	38	27	30
1141	1303	1330	1210	1465	1173
7	16	19	56	30	18
2	0	0	0	1	1
2909	3589	3138	1579	1905	1346
86	49	65	336	122	79
210	217	201	213	231	188
77	76	79	86	73	54
304	378	366	395	354	309
84	100	99	153	170	165
626	817	827	994	906	605
23	43	39	34	36	22
479	628	683	700	564	388
17	14	22	16	10	8
1456	1864	1850	2288	2012	1364
919	830	1032	1723	1494	1050
1046	1127	1280	1124	969	806
0	0	0	1	0	0
0	0	1	0	0	0
35	30	55	118	112	80
0	0	0	2	0	0
103	122	154	142	133	117
2	2	0	0	0	4
466	557	560	517	564	427
262	361	273	311	349	236
593	593	637	589	603	487
164	244	264	321	272	183
321	272	343	365	323	259
1348	1130	1137	1141	1059	968
61	61	80	347	232	184
236	270	166	124	145	136
0	4	2	0	2	0
0	0	2	0	1	1
1888	2640	2572	2886	2524	1692
0	0	0	0	1	0
2637	3255	3011	3194	3300	2278
258	295	278	329	347	275
434	520	497	457	469	349
627	569	546	470	483	475
510	502	367	559	702	643
477	526	594	620	774	662
733	852	898	926	939	731
150	258	207	224	286	190
9	5	5	18	18	9
8	4	8	10	9	10
0	0	1	0	0	0
598	706	585	641	623	521
1693	1702	1779	1882	1651	1380
52	75	103	306	166	85
5624	6651	6767	6829	5962	4498
28	32	65	220	69	54
0	0	1	0	0	0
1	0	0	0	2	0
30	66	77	87	81	31
20	25	31	72	33	35
3	1	2	1	0	1
1005	1088	1157	1262	1189	937
463	577	563	527	583	470
339	612	638	540	482	274
18	39	29	24	24	19
99	136	142	109	125	88
304	382	404	443	406	234
945	1385	1537	1603	1377	768
1907	1961	2094	2035	2197	1842
642	680	831	838	758	583
0	0	1	6	0	0
349	411	375	346	381	296
139	236	242	195	203	130
197	192	210	34	70	54
1233	1108	1171	515	639	471
135	148	136	100	110	112
415	484	524	467	436	365
1	2	0	0	3	0
30	102	69	102	82	52
1863	1866	1940	2148	1852	1564
36	38	35	27	38	28
235	360	325	315	361	241
298	326	326	354	338	229
1879	2389	2462	2229	1810	1315
262	283	342	313	292	260
2578	3177	3218	3310	2844	2159
330	439	320	246	257	158
30	56	26	22	32	16
1973	2055	1798	1668	1935	1465
1018	1228	1315	1219	1178	760
4874	6939	7467	8797	7762	4641
335	454	387	372	388	256
1	2	1	1	1	0
2	2	4	1	6	0
19	17	19	6	5	8
687	798	779	828	756	654
236	275	190	122	231	192
0	1	0	0	0	0
29	22	17	12	29	19
378	509	438	419	404	294
781	909	919	1065	1065	796
60	60	77	79	88	70
4	7	8	50	24	16
9318	12254	10795	10921	11493	8054
906	1154	1067	1109	939	751
236	231	200	226	279	193
617	670	650	617	685	617
229	358	291	258	298	174
438	549	549	530	553	404
172	235	241	244	224	172
1185	1403	1336	1459	1303	914
14	19	5	7	5	1
335	392	352	350	401	301
0	0	2	2	1	0
178	134	107	137	125	157
282	420	351	342	337	248
171	241	264	211	256	164
543	662	529	524	557	458
1149	1277	1065	1733	1090	882
989	1242	1693	1502	670	371
512	577	469	342	369	264
1154	1154	704	255	385	479
28	24	30	32	21	20
7380	8204	8897	9007	7872	6585
3	1	0	1	0	2
9	5	4	3	2	4
2558	3013	3193	2916	3395	2543
70	82	68	50	51	75
423	526	452	441	384	285
243	322	306	266	279	201
1427	2057	1647	1248	1219	932
52	57	56	129	95	63
733	927	872	1016	949	706
0	1	0	0	0	3
744	1022	910	921	965	669
382	476	494	519	474	329
948	1205	913	892	957	718
152	277	273	216	189	122
169	210	175	92	123	98
16	9	12	8	19	14
273	441	486	518	482	341
2	1	0	0	0	0
1	0	0	0	0	0
3	4	0	1	2	2
35	48	27	16	26	30
278	327	291	269	384	360
0	0	2	0	0	0
0	3	5	6	6	5
10	18	7	3	6	3
50	58	57	57	53	42
279	216	201	279	223	268
1	0	3	0	0	0
4	3	0	7	2	3
26	43	9	6	12	4
2370	3010	2869	4006	3068	2145
1	0	0	0	2	2
4856	5273	3856	4091	5013	4512
62	109	116	113	97	51
515	649	667	712	676	439
5	2	8	10	9	11
474	466	434	577	655	600
584	893	796	914	787	497
1995	2616	2763	2809	2636	1995
494	501	511	499	537	394
0	0	1	0	0	0
2	5	1	4	4	5
119	90	134	118	132	103
72	140	216	600	234	117
4	4	8	9	8	3
601	708	677	717	710	514
2268	2848	2737	2783	2302	1682
9	7	15	14	14	10
2009	2755	2633	2763	3116	2060
163	191	171	162	171	146
280	392	292	340	372	248
75	90	72	51	72	89
1335	1532	1351	1310	1442	1148
105	128	119	106	101	79
10	22	30	20	18	20
8901	10016	8926	8638	9138	7045
695	772	855	849	783	549
407	582	560	536	604	347
776	909	879	891	930	724
4	2	0	3	0	1
0	0	2	2	0	0
2	6	3	4	2	0
248	242	154	183	177	211
56	69	64	55	53	59
26	19	16	15	14	14
1	0	0	0	1	0
81	130	141	97	124	64
2767	2959	2907	2841	2678	2018
52	68	31	2	6	5
8	25	13	7	11	2
249	243	276	255	232	194
60	72	84	48	66	45
1513	1868	1813	1982	1832	1386
18	26	14	12	18	11
139	175	187	303	236	152
2579	3180	2703	2870	3070	2103
28	31	45	42	48	33
275	387	348	385	369	234
1	6	6	3	1	6
247	315	323	317	345	263
21	18	9	23	26	23
0	1	0	0	0	1
496	701	648	670	634	388
1211	1324	1304	1256	1282	957
287	330	345	419	375	325
2428	2383	2717	3710	2944	2344
869	1140	1246	1286	1086	717
262	389	256	334	372	247
1	8	4	15	20	12
1325	1416	1226	1098	1111	932
84	50	131	163	174	186
2758	2885	3312	3183	3053	2469
0	0	0	2	0	0
8236	8368	8127	7535	8240	6753
1731	2199	1959	1990	1994	1482
3	4	2	3	7	5
204	234	216	215	176	128
118	137	127	116	103	115
1020	1084	1106	1053	1098	898
375	438	430	501	491	340
662	762	782	799	684	562
190	175	143	138	160	156
50	50	70	76	88	39
107	127	107	136	102	64
542	648	696	769	688	543
631	668	822	795	734	612
238	243	287	242	233	180
270	328	259	261	250	221
312	368	341	372	377	246
6	14	7	13	6	4
3	0	1	1	0	1
9	7	10	3	0	4
5	6	6	3	4	2
304	368	288	267	292	223
39	42	40	30	45	29
2305	2360	2013	2113	2191	1767
443	568	574	590	500	390
45	91	78	67	62	27
825	1287	1126	855	884	539
691	871	885	839	771	584
52	99	59	85	80	62
432	484	351	287	342	283
1	1	1	1	0	0
95	82	102	130	144	93
73	114	84	122	124	52
957	1102	1102	998	1130	846
154	178	234	237	171	133
3238	3563	3372	3204	4019	3195
1691	2094	2385	2748	2455	1757
0	0	2	0	0	0
307	394	317	375	378	286
32	26	38	37	41	33
11	12	6	14	2	11
1463	1469	1387	1432	1351	1222
426	354	439	445	374	329
447	426	471	509	436	373
43	47	70	147	98	56
0	6	8	6	7	2
3	2	4	3	4	5
86	113	105	185	136	87
6	6	13	16	19	7
1056	1258	1199	1572	1531	1108
0	1	0	3	1	1
0	2	1	0	0	0
0	0	0	2	1	0
80	134	184	163	115	89
200	217	225	220	195	177
287	423	583	634	575	336
248	402	395	500	443	267
1	2	1	1	1	2
3	4	2	3	3	3
110	146	182	189	186	133
2689	3830	4335	3742	3060	2116
262	297	310	221	201	140
0	0	0	0	1	1
142	189	237	208	184	118
89	77	84	48	71	97
717	828	778	688	569	440
1594	1698	1651	1630	1628	1281
1	1	0	0	0	0
3	0	2	3	0	1
17	20	11	5	6	6
3225	3699	4148	3902	4759	3729
3682	4649	4673	5036	4394	3076
7334	7529	6922	7103	7797	6550
918	969	962	1104	1118	925
43	61	81	59	73	59
974	1178	1079	1201	1215	1028
17	24	32	23	16	25
680	747	664	716	675	608
266	364	338	344	361	229
1443	1637	1518	1504	1439	1101
32	32	52	53	32	34
156	192	149	260	243	180
0	0	1	0	1	0
73	91	94	110	111	75
462	503	610	557	561	422
1788	2145	2261	2155	1990	1545
1	3	3	2	2	3
0	1	2	35	9	3
396	466	357	437	458	330
118	124	148	184	153	142
3899	4629	3946	3839	4245	3079
3	4	8	6	8	9
1	1	6	11	10	8
1	2	4	12	11	13
1	5	9	12	6	3
5	1	2	3	1	0
463	511	545	462	571	459
369	574	514	606	558	372
92	100	108	147	126	85
0	0	1	0	0	0
0	1	0	0	0	0
1465	1506	1373	1074	1261	1169
57	77	60	80	89	81
132	207	220	236	200	134
257	352	414	398	377	226
31	33	37	42	50	38
0	0	0	0	1	0
111	179	218	244	206	128
11	9	22	20	12	7
359	386	392	417	492	382
31	48	57	46	56	25
116	210	234	239	248	154
0	0	1	0	0	0
264	322	342	297	294	255
391	486	581	572	506	342
6	8	1	2	0	1
153	143	190	139	169	136
356	428	366	362	347	309
406	507	467	432	489	385
758	793	827	646	787	556
1355	1638	1084	904	1011	1012
2	1	3	1	1	0
0	0	0	0	0	1
0	1	0	0	0	0
1	1	0	0	0	1
2645	2780	2920	2724	2570	2128
1511	1873	1841	1842	2000	1586
19	16	20	22	18	29
0	2	1	0	3	1
0	1	0	1	0	0
0	3	2	1	1	0
301	330	302	329	312	289
0	0	0	0	0	3
96	141	150	115	122	86
194	227	173	43	32	51
0	0	0	0	0	1
651	1048	807	811	742	455
184	230	280	526	332	186
1531	1875	1835	1920	1906	1307
380	515	452	466	419	344
1214	1370	1460	1388	1506	1058
332	445	532	402	253	208
2	3	1	3	2	1
628	756	905	1591	1328	807
549	730	616	905	868	568
0	1	1	4	1	2
1	0	0	0	0	0
0	0	0	0	0	1
372	371	416	382	386	298
267	303	322	271	310	265
50	67	145	59	42	27
2	4	6	1	1	0
676	929	805	775	788	645
5126	5989	5961	6101	5403	4221
0	1	0	0	0	1
0	3	2	4	0	2
2	2	6	11	10	9
300	347	414	424	399	297
1	1	5	9	1	1
2	0	2	0	6	0
84	97	104	235	125	88
1077	1120	1127	1196	1119	917
34	40	33	26	47	35
248	328	292	294	341	212
442	460	414	455	442	360
534	619	585	623	566	419
3545	3292	3465	4475	3901	3310
239	485	367	294	339	159
224	227	308	293	270	209
2398	2393	2841	7034	4782	3556
1	1	1	0	1	2
3087	3508	3607	3552	3196	2567
14	7	6	6	3	15
3	0	2	2	0	1
0	0	0	1	0	0
14	14	7	9	19	12
288	248	255	296	278	238
99	170	130	163	165	100
1215	1495	1375	1283	1130	785
49	65	57	81	65	40
0	0	1	0	2	2
0	0	1	2	0	0
1485	1633	1575	1657	1430	1125
101	118	101	108	90	87
133	155	152	137	141	126
3289	3495	3449	3303	3014	2497
1	2	0	1	6	1
3032	3159	3170	3120	3044	2657
1	1	0	0	1	1
12546	15046	12562	7742	8757	8235
750	857	837	689	826	724
856	1245	1155	1205	1396	827
635	695	698	722	629	514
279	280	227	284	281	233
230	278	218	247	239	193
182	251	219	250	219	161
1586	2218	1793	1252	1372	983
15	16	9	13	2	14
183	249	214	295	297	240
2370	3183	2736	1951	2285	1725
1813	2073	2094	1465	1716	1650
872	1002	964	999	926	709
161	196	212	180	163	127
5	9	11	15	8	11
1	11	14	16	16	15
60	97	96	96	93	72
1887	2062	2065	2028	2232	1753
0	2	3	2	0	1
405	442	472	462	444	390
0	0	0	0	1	2
2304	3269	3140	3071	3002	1893
1	4	1	2	5	5
742	818	914	829	792	664
8	7	9	10	10	7
8	3	10	1	3	2
4	1	3	1	2	0
467	560	526	526	527	405
313	342	324	308	346	241
372	410	518	549	502	347
8415	9477	10794	10557	8846	6963
2558	3249	3120	3143	3120	2258
149	154	216	239	209	124
18	13	32	28	22	11
979	1192	966	690	922	739
386	336	323	362	336	328
678	939	768	866	703	557
1	2	2	2	0	1
410	492	472	591	514	333
709	686	665	707	830	610
0	1	0	1	3	2
275	414	374	318	306	193
315	428	468	501	494	353
307	426	434	537	499	318
995	1142	983	921	1025	875
706	838	698	665	800	569
4	5	10	5	3	9
2634	2984	2721	2770	2958	2302
403	411	415	304	346	279
1163	1515	1330	902	1248	861
193	264	258	248	273	152
3	13	35	41	38	7
1271	1343	1370	1269	1205	966
6	9	7	3	10	3
534	507	524	497	464	407
703	855	826	727	821	537
115	127	75	22	8	14
5	6	4	4	3	4
0	0	0	0	0	1
1	3	1	3	0	3
491	839	771	1197	969	508
589	873	892	915	872	568
0	1	1	4	2	1
0	1	0	0	0	2
124	190	169	187	168	130
6	10	8	13	13	12
528	545	594	544	524	416
493	565	565	598	560	467
0	0	1	0	0	0
2	4	3	7	2	2
4162	6400	5896	4340	3770	2515
1803	2429	2380	2322	2257	1510
16	19	21	41	24	14
90	52	56	64	65	73
3	15	7	10	9	10
1290	1800	1632	1964	1793	1196
5	4	7	8	11	2
6684	7034	7147	7526	7790	6507
5	9	9	9	14	6
12	12	20	10	9	12
761	963	987	1000	976	668
14852	14901	13641	14029	15162	12715
220	285	299	265	238	169
1	0	2	5	0	0
1	4	1	2	3	0
80	136	104	124	132	86
3	3	7	22	4	5
119	186	161	250	190	112
0	0	2	9	6	4
33	15	15	39	50	53
118	122	130	129	147	91
641	718	588	599	650	605
122	160	185	143	144	129
96	98	118	65	55	60
0	0	3	1	0	0
9	2	5	35	17	6
3046	3671	3420	3639	3458	2865
1	0	1	1	1	0
847	918	841	964	955	795
1664	2143	1989	2039	2136	1447
1	3	1	1	2	2
1	1	0	3	2	2
0	0	0	0	0	1
0	2	2	1	2	2
1637	1416	1961	2721	2388	2182
121	130	133	143	168	123
2	5	10	9	11	5
866	945	766	736	801	668
385	390	266	91	119	140
0	0	4	0	0	0
8	11	6	1	1	4
0	0	2	0	0	0
521	585	640	546	550	436
3092	3449	3232	3135	2907	2246
2	7	9	4	0	6
43	53	66	48	42	35
251	259	258	212	218	186
253	357	313	261	261	189
613	797	711	721	714	492
0	0	1	0	1	0
12	9	12	11	4	13
1503	1706	1596	1011	1012	870
495	563	533	532	570	478
421	415	472	426	476	339
488	688	698	630	588	385
5	1	0	3	3	0
10	16	26	28	15	13
1315	1287	1576	1649	1587	1282
5	3	7	13	4	9
5	5	15	14	4	3
287	338	352	314	289	249
486	608	621	443	412	313
0	1	0	0	0	0
54	78	88	103	61	42
2	2	0	0	3	1
0	1	0	0	1	0
122	144	155	194	145	139
3	5	7	0	0	1
2048	2602	2472	2560	2544	1753
4012	5544	5252	6171	5255	3589
3854	3945	3377	3452	3925	3215
247	286	243	147	138	92
111	104	121	127	118	93
1507	1913	1972	1612	1703	1149
2636	3215	3121	3158	3285	2484
1146	1528	1487	1461	1297	976
5302	5934	5836	5794	5266	4212
855	1096	1055	1034	1028	608
51	53	46	86	50	40
77	81	92	85	89	73
757	1044	1001	587	679	397
424	346	366	304	344	389
253	333	341	368	328	215
876	1013	1117	1207	1139	815
41	71	71	38	53	29
3	4	8	3	3	3
125	198	133	153	161	98
71	87	114	125	80	68
728	825	810	893	814	633
1	1	0	0	1	0
268	414	315	377	395	191
41	37	50	77	71	47
50	72	77	58	78	46
235	256	245	202	220	205
5	12	11	9	15	9
54	54	76	101	91	67
514	603	505	466	513	369
4302	5083	4793	4433	4273	3160
1487	1719	1719	1498	1459	1153
2	0	0	0	3	1
1476	1980	1726	1664	1647	984
78	85	66	59	70	64
1	0	0	0	0	0
808	938	1361	1196	977	771
0	2	0	0	0	0
1	0	0	3	2	2
1	0	0	0	0	1
68	88	67	75	91	63
2749	3538	3151	2919	2679	1859
719	858	872	839	879	674
2	2	0	56	43	30
1400	1403	1496	1328	1277	1002
1	1	0	1	0	0
1154	1458	1086	342	343	375
52	113	73	63	63	39
0	1	0	0	0	1
1213	1233	1216	1242	1186	1066
1269	1476	1462	1543	1565	1140
10	12	10	21	9	12
1	0	0	0	0	0
15	31	25	2	3	5
337	423	392	262	222	167
0	0	0	2	0	0
564	794	805	792	724	472
637	814	773	798	863	679
641	855	934	945	880	606
231	280	239	156	188	158
1348	1430	1185	1725	1752	1206
0	3	4	1	2	0
710	777	818	765	754	582
462	548	547	499	428	410
466	547	727	687	591	444
1141	1388	1324	1344	1224	960
1	1	0	1	0	0
36	44	55	47	72	36
30	56	72	59	81	39
30	78	86	57	87	30
125	281	305	325	331	168
0	0	0	1	0	0
0	1	0	0	0	0
0	0	3	0	1	2
1	1	0	0	0	0
0	3	3	2	0	2
0	0	1	0	0	0
4	31	38	37	40	19
27	41	43	48	37	17
0	1	3	0	3	2
0	1	1	0	0	0
278	416	429	483	498	281
18	45	66	51	63	22
51	91	89	113	116	94
125	214	209	282	301	131
22	32	33	33	40	17
42	73	61	59	66	40
58	111	111	114	111	53
19	30	24	16	34	25
30	54	55	47	42	38
51	133	107	81	134	49
3	4	5	2	3	1
12	11	32	16	22	19
13	42	59	40	42	13
37	69	66	58	74	40
19	37	36	34	39	26
9	14	14	15	10	4
1	5	2	16	10	2
0	0	2	3	0	1
4	9	13	25	10	9
0	0	1	0	3	0
43	52	55	103	87	54
784	1112	1081	1430	1252	753
760	909	985	1383	1210	942
2220	2345	2279	2434	2414	1973
63	87	92	122	113	61
221	241	289	218	259	236
2	2	6	7	3	1
336	436	435	429	426	305
2086	2333	2397	2131	2030	1655
2559	3411	3624	2338	2329	1610
4701	4862	6737	6108	5510	4480
174	212	194	169	155	122
64	45	127	193	130	63
3	0	0	0	0	0
334	396	419	468	409	288
489	642	655	614	620	452
23	26	61	38	15	20
127	161	151	259	195	99
7073	4730	5711	5945	4925	5416
1424	1564	1758	1654	1672	1222
295	366	480	359	428	273
1	2	2	2	1	1
1622	1768	1680	2089	1978	1439
15	19	16	5	5	14
54	42	50	34	26	27
602	742	626	587	616	482
25	14	27	26	16	29
31	50	23	13	11	9
48	57	59	59	60	37
5	2	6	16	5	6
174	182	203	238	206	145
1	3	6	6	1	2
18	24	19	40	26	19
458	476	488	450	426	397
117	100	147	94	109	82
1599	1654	1960	1781	1834	1556
396	448	465	470	447	311
385	511	529	541	536	418
1	1	4	2	0	4
48	93	91	160	114	53
0	1	0	0	0	2
919	997	1141	1266	1168	870
1043	1084	1013	1124	1190	914
101	128	68	91	89	92
905	1085	1007	1403	1467	887
3335	3917	3932	3642	3558	2789
111	150	115	167	132	98
5	0	5	9	9	10
1	11	0	4	2	3
24	39	29	32	33	26
130	181	206	221	263	137
0	3	0	1	0	3
1	0	1	0	0	0
136	188	177	256	221	129
214	260	301	283	304	211
14	27	29	27	27	18
28	40	27	34	49	41
5	9	8	11	12	7
2	1	0	0	1	0
32	35	38	117	89	42
4	5	7	7	10	1
0	0	0	0	1	0
229	335	274	307	338	197
59	88	103	130	109	77
12	13	17	11	9	11
3	0	0	0	4	1
0	1	0	1	2	1
13	9	18	17	18	9
122	207	164	82	79	67
632	823	763	698	738	560
2	1	1	2	3	2
377	472	450	421	465	319
95	99	77	38	54	44
136	115	115	97	86	77
204	205	228	208	195	159
1433	1603	1463	1618	1742	1304
537	535	688	691	577	493
67	100	92	83	69	45
1057	1081	1193	1242	1275	961
94	99	128	225	168	153
64	81	93	86	94	66
1085	1215	1182	1186	1055	947
519	524	479	494	516	442
0	0	0	1	0	0
55	36	40	88	32	38
134	82	80	180	122	133
1867	1971	1835	1774	1690	1397
4	5	4	5	1	3
4	10	5	0	3	0
205	200	204	145	179	129
139	158	106	113	121	118
254	356	339	358	341	198
3086	3989	4553	4655	4637	2999
242	243	244	307	311	238
603	679	585	707	845	675
109	99	102	177	245	206
295	332	347	297	306	264
1	5	6	1	1	0
0	1	3	4	2	1
1	0	0	0	0	0
0	4	1	1	0	2
3	6	2	2	2	3
0	0	1	0	0	0
0	5	1	1	3	0
33	50	34	97	80	48
3	3	2	12	12	7
192	215	183	247	208	172
1	0	2	3	0	0
0	0	0	1	0	0
158	165	171	240	191	141
1	4	3	11	10	6
148	251	280	445	382	222
894	1092	1155	1531	1423	1251
510	641	686	637	569	476
338	441	430	373	416	342
371	504	442	634	514	365
7962	10971	9459	9757	10239	6682
14790	18434	17734	18408	17490	12512
0	1	3	5	6	4
355	471	506	394	543	397
1036	1185	1051	1135	1153	927
0	0	0	0	1	0
62	68	71	89	85	81
233	241	236	192	203	164
807	985	927	1130	1041	745
5	7	7	8	12	5
0	4	9	4	10	10
354	454	389	353	473	323
508	675	635	726	788	544
0	1	1	0	1	1
511	580	626	563	719	562
1739	2157	2125	2193	2065	1542
8635	9973	8759	8298	9378	7201
1563	1983	1875	1710	1622	1173
325	359	357	530	477	405
669	760	726	719	751	571
198	260	231	234	253	153
300	311	336	223	264	231
149	158	149	125	119	89
450	514	466	539	514	346
123	118	127	125	141	112
125	199	180	231	165	119
14	13	7	19	13	15
3	0	0	0	2	0
521	561	516	603	684	524
240	309	348	362	316	220
0	0	1	0	0	0
0	1	1	1	0	1
422	651	606	660	747	423
26	55	28	35	36	19
6	1	3	3	2	3
29	43	47	39	40	20
14	9	9	21	15	12
835	930	1125	1752	1548	1149
250	345	367	450	375	218
5	7	4	9	12	5
3176	3474	3576	4021	3880	3183
290	387	348	372	382	295
480	566	535	476	505	421
269	345	370	349	381	249
107	198	192	342	285	154
369	416	497	409	629	452
1515	2161	2552	2743	2234	1527
484	600	597	585	547	455
0	0	0	0	0	1
264	291	402	387	387	260
73	93	99	75	93	74
14	9	5	11	5	3
64	68	51	91	84	51
16	14	10	11	10	9
1	3	0	0	0	2
1	1	0	0	0	1
2	4	1	2	2	2
1	1	0	0	0	0
2	1	3	3	2	3
0	1	1	3	1	0
0	0	1	0	0	0
2	0	1	1	0	0
1	0	3	0	0	1
1	0	0	0	0	0
0	1	0	0	0	0
1	3	0	3	0	1
4	2	2	1	6	2
0	1	0	1	0	3
315	309	469	657	444	343
56	41	43	26	33	26
0	0	0	0	0	3
59	31	45	37	28	32
1	2	3	1	1	1
55	65	63	86	60	48
139	190	195	175	194	136
694	972	1007	737	839	612
4716	6271	5808	5225	4810	3633
169	152	161	128	236	112
76	96	88	121	100	63
9	19	18	32	35	23
2263	3172	3683	3759	3022	1974
1113	1476	1342	1239	1362	911
1189	1688	2019	2517	2096	1356
20	20	23	57	39	15
21	28	24	18	48	29
4	0	0	0	6	2
316	243	153	152	167	197
121	198	223	254	168	114
799	982	717	611	717	555
10	4	3	44	52	21
13	9	4	14	12	9
17	25	5	12	13	6
138	203	152	227	234	179
3046	3049	3427	3362	3291	2628
469	702	589	516	519	277
290	473	338	261	333	220
1902	2332	2203	1997	2139	1569
4	7	16	16	16	10
272	416	386	508	569	340
35	57	64	49	55	29
677	799	822	903	688	542
0	3	0	2	1	0
130	121	152	154	185	170
0	0	0	0	1	0
0	6	9	16	13	4
46	70	49	61	67	47
295	348	378	297	317	254
33	29	51	34	42	44
3	2	6	20	16	8
9	4	10	16	7	6
2	0	1	2	0	1
455	485	467	608	585	495
377	462	422	284	275	243
240	285	221	181	182	161
400	394	513	894	907	703
1777	2074	2113	2034	2175	1659
1	0	0	1	2	1
333	375	430	601	567	392
0	0	0	0	1	0
42	63	60	59	67	34
0	5	11	4	31	14
5	10	3	4	15	5
16	35	25	30	45	30
34	38	42	32	76	46
182	194	101	105	207	203
11	18	18	4	32	25
28	24	12	13	23	29
0	0	1	0	1	1
0	3	1	0	1	1
81	113	123	163	119	89
62	63	67	92	98	81
257	341	323	325	419	260
0	2	2	1	2	2
221	325	261	286	382	261
150	218	194	180	162	149
153	239	238	250	337	215
21	21	53	239	114	67
0	0	0	0	2	1
2024	2434	2533	2577	2128	1775
1	0	0	2	0	0
6	5	13	8	9	8
233	251	252	295	367	262
23	38	34	59	51	33
831	918	1087	2005	2035	1465
17	19	12	17	19	13
17	16	22	26	27	14
1074	1474	1240	1601	1852	1278
337	420	427	386	481	281
50	45	65	204	163	107
4	4	4	7	7	4
127	116	96	55	77	86
10	14	22	16	10	13
0	2	1	1	5	3
0	1	0	1	0	0
0	0	0	1	0	0
0	0	0	1	0	0
2508	3178	3385	3688	3186	2173
771	832	854	874	807	714
1	2	2	4	1	6
1	0	0	4	2	1
0	0	0	0	0	1
106	154	154	192	158	116
130	161	199	162	197	146
139	170	161	133	157	109
5	3	12	10	2	5
328	405	416	189	253	198
119	128	123	132	120	104
137	184	149	150	169	140
843	1124	908	1247	1237	913
0	5	7	4	6	2
167	221	205	178	226	174
4	6	10	4	2	1
60	128	115	133	201	115
0	1	0	1	0	0
15	23	13	25	41	15
13	8	12	6	16	20
0	2	0	2	2	1
0	0	4	1	3	1
1	0	0	0	0	0
478	513	560	552	462	462
397	446	392	459	447	317
158	212	164	236	264	205
878	1088	1121	1338	1101	767
1	8	2	2	5	2
39	51	42	40	36	18
139	170	137	146	135	136
28	31	26	39	25	25
1	1	0	0	1	6
4	4	1	2	2	2
7	7	7	7	9	7
1	2	0	0	1	0
121	126	106	116	118	106
35	43	27	32	38	23
31	18	29	21	30	16
10	7	4	1	5	6
60	54	32	38	37	28
8	5	5	5	5	7
1	0	3	1	0	1
295	433	331	431	464	290
663	785	676	755	862	554
1	5	0	1	0	1
520	593	607	599	558	472
0	0	0	2	0	1
1	0	3	4	7	7
486	672	446	521	534	329
13	27	8	17	11	7
2371	3358	3147	2255	2551	1710
1015	1162	1026	978	1230	1028
131	148	106	128	126	115
2	2	2	0	0	2
0	0	1	0	0	0
1493	1657	1331	1321	1486	1171
798	920	865	840	953	662
461	308	559	1224	798	840
11	8	13	24	12	5
96	107	97	100	78	78
204	223	252	238	293	186
1578	1910	1830	1354	1673	1218
6946	8115	7299	7429	7365	5367
1104	1232	1054	987	1090	981
382	442	474	423	458	327
10	10	11	8	18	18
4584	5493	5718	6008	6163	4399
829	891	717	688	809	675
4143	4878	5177	4597	5376	4068
10	12	16	20	20	14
162	230	205	190	213	142
768	991	814	738	842	541
1068	1466	1288	1267	1328	895
1487	1736	1750	1584	1439	1204
99	156	142	140	135	102
262	328	319	320	347	266
383	358	387	335	376	317
45	44	35	53	43	28
99	122	116	97	133	91
304	374	353	398	413	306
1494	1788	1577	1449	1588	1229
10	4	6	6	4	11
0	0	0	0	0	1
8	15	12	12	8	5
5716	6811	7065	8201	7022	5261
1093	1231	1209	1123	1172	927
21	23	37	26	26	20
325	367	378	429	407	321
9	4	10	11	11	10
16	15	23	35	33	20
371	536	436	471	497	396
1079	1391	1314	1308	1414	1114
3	7	11	22	14	6
405	494	364	644	646	471
1633	2134	1683	1951	2160	1529
205	296	263	313	265	186
2	2	2	7	2	5
3	2	1	0	0	2
119	117	133	141	127	113
130	246	205	321	400	221
0	0	0	1	0	0
856	1075	937	900	904	641
0	1	0	0	0	0
458	674	620	604	650	442
219	275	269	369	341	220
2292	1824	1856	2962	2468	2776
2	1	1	7	1	1
1	0	0	0	0	0
7	10	8	10	4	13
0	2	4	0	1	1
1	0	0	0	0	1
3	11	7	4	4	2
2379	2787	2734	2650	3113	2225
871	1074	967	1598	1486	1014
648	861	743	791	849	591
16	12	10	23	14	12
547	725	761	857	764	520
1191	1542	1437	1332	1338	997
90	133	75	52	72	69
2	0	1	2	0	0
93	119	104	144	165	93
2532	2758	2435	2864	2865	2313
279	367	303	372	355	223
4	8	3	4	15	6
25	40	21	35	34	18
3	5	14	51	29	17
189	299	329	305	345	164
64	86	85	77	102	74
0	0	1	0	2	2
2677	2872	2947	2925	2826	2241
3913	4856	4841	5075	4240	2950
1	1	4	1	3	2
1	1	2	1	2	3
2	0	0	0	0	1
550	628	967	1204	982	594
14	19	14	13	13	9
52	75	78	78	86	73
342	429	459	422	386	271
168	211	213	77	89	83
58	93	90	81	65	29
412	528	527	622	556	413
61	130	75	132	116	55
43	60	59	53	45	59
8	1	4	6	8	5
13	23	16	34	26	36
1510	1585	1792	1796	1650	1358
0	0	2	3	0	0
1	0	0	0	1	0
277	326	295	262	299	258
1409	1714	1632	1627	1640	1221
1	2	2	4	0	1
457	617	513	765	728	433
130	120	103	140	117	134
802	773	915	1380	1282	1092
439	510	490	503	568	412
751	943	1029	1443	1314	882
0	0	0	0	1	0
8	7	8	10	18	9
905	1083	909	999	1173	828
2	1	1	6	1	1
5	8	7	17	16	3
1121	1206	977	1032	1132	891
7888	8852	8080	9622	9828	7421
23	9	10	9	5	7
3627	4547	4069	3802	3973	3005
1889	2632	2452	2552	2889	1974
140	101	95	106	83	125
90	45	49	80	58	80
2	0	1	1	3	3
36	43	37	77	70	37
2	3	6	4	4	4
154	177	311	188	194	147
1277	1565	1568	1402	1380	1004
6744	7845	9006	8314	8568	6672
12	26	25	12	30	23
98	97	82	96	87	84
161	155	98	189	217	151
0	0	3	0	1	0
3	0	1	0	1	1
0	0	2	1	1	0
1	0	0	0	1	2
79	94	110	131	130	74
5	2	2	5	15	7
343	530	463	580	574	366
7	5	5	3	6	5
0	1	2	0	0	0
1810	1798	2150	2864	2025	1795
1385	1749	1567	1918	1947	1403
886	1180	1074	1313	1265	851
22	23	37	39	39	19
155	190	230	260	289	183
26	27	24	21	22	16
1760	1912	1934	1726	1714	1394
49	50	50	50	29	20
8366	11655	12013	11757	11807	7094
510	619	582	539	533	400
2630	3135	3531	2756	3041	2236
223	336	355	258	290	169
1	0	1	0	1	0
858	1163	1144	1224	1261	879
16	25	22	37	25	28
1	0	2	5	6	0
0	0	0	1	2	1
33	25	40	123	138	59
236	212	213	201	281	263
0	0	0	0	0	1
42	30	40	65	55	54
1	0	0	2	0	0
791	1301	1108	1173	1176	677
762	1079	1449	2157	1304	881
80	117	116	179	150	105
0	3	1	2	0	0
735	975	993	1172	1148	845
22	29	31	30	39	38
1	0	3	0	1	0
144	189	182	183	240	148
20	28	27	12	30	10
52	47	37	38	29	27
443	692	580	504	584	417
5	3	7	3	8	8
0	0	0	1	1	0
2	3	2	2	0	2
0	0	1	0	0	0
0	0	1	0	0	1
42	37	40	32	46	27
0	0	1	2	0	0
0	0	2	1	0	0
0	0	0	1	0	0
724	933	862	728	763	481
106	150	128	107	165	98
66	98	75	69	81	93
0	1	2	0	1	0
2022	2330	1988	2131	2229	1727
2	1	0	0	0	0
14	11	22	25	24	14
65	91	73	66	80	58
6	7	4	5	8	6
381	472	492	434	449	329
22	32	20	15	26	15
52	61	123	169	72	66
75	69	91	77	92	85
3	7	3	5	1	1
3953	4728	5830	4488	5076	3883
168	209	238	191	157	105
1177	1393	1542	1346	1253	1059
554	859	993	1806	1729	948
580	725	944	1256	1143	688
11	37	36	58	44	21
19	28	45	52	20	19
184	288	256	473	365	216
3	4	7	7	4	3
8	2	10	14	5	6
3	0	0	0	0	0
0	0	2	1	0	1
0	0	0	0	0	2
1	0	0	0	1	0
4	6	2	1	1	0
0	0	2	0	0	0
3	2	5	2	3	3
0	1	2	1	0	1
1135	1411	1585	2139	1970	1324
169	179	138	194	186	153
491	611	603	681	665	461
173	238	250	272	267	200
75	78	70	67	114	92
52	44	77	58	52	44
1561	1722	1970	2403	2041	1604
82	109	118	170	189	99
1906	2229	2199	2232	2282	1796
2276	2427	2668	2879	2594	2199
18	15	14	30	23	17
6457	7201	7250	7566	7731	6049
5	7	9	25	14	12
3096	3388	3725	3916	3655	2987
5584	5998	6043	6815	6599	5164
1	1	3	6	2	0
21	27	36	33	33	19
7181	7936	8193	7365	6801	5580
24	37	41	28	35	33
11	12	12	7	6	10
6	8	7	4	10	6
0	0	0	2	0	1
36	23	48	48	44	46
8	20	13	17	21	11
146	233	248	216	229	114
14	16	12	15	15	11
36	39	36	36	37	25
1	0	2	2	1	1
0	0	1	0	0	0
39	30	49	53	50	52
5990	6306	6463	7484	6806	5703
0	1	4	1	1	1
22	25	14	36	38	28
32	33	37	37	36	29
14	9	5	13	8	9
9	13	29	107	59	40
0	0	2	5	1	1
31	42	51	69	63	34
97	151	160	211	227	142
232	367	352	256	321	213
0	0	0	0	0	1
5	2	8	5	1	3
1472	1702	1339	1189	1187	984
12	30	17	42	28	26
3	3	3	2	0	0
23	12	12	14	16	22
241	252	245	244	249	200
56	61	62	58	48	35
0	0	0	1	0	1
2	1	2	7	5	4
2	6	9	20	6	7
4	5	1	5	4	1
373	422	410	506	528	345
0	0	1	0	0	0
578	726	742	1216	947	718
241	297	250	309	338	243
283	375	317	399	385	273
0	0	1	4	4	0
9	11	25	47	38	20
20	17	6	2	13	15
0	0	0	0	0	2
1	2	5	9	6	4
8910	10384	9322	8898	8792	6918
39	9	8	8	5	26
30	24	37	40	25	28
272	478	504	814	656	393
0	1	1	0	1	0
0	0	1	0	0	0
0	0	0	1	1	0
0	0	0	0	2	0
6	0	0	2	2	4
141	142	193	200	175	146
245	338	274	290	300	202
0	1	1	0	0	0
109	127	96	139	133	116
129	200	165	306	280	157
237	356	272	312	291	235
1873	2145	1881	2220	2373	1648
2405	2866	2155	2551	2366	1930
1038	1060	1074	1081	1060	888
337	437	408	545	459	297
34	46	47	71	58	41
722	984	859	1015	918	634
12344	15865	14305	14211	14967	9864
522	634	586	523	670	527
121	101	119	104	112	93
5805	6889	6477	6753	6124	4867
65	74	80	51	58	56
3229	3740	3408	3403	3364	2386
52	75	76	90	77	47
1279	1551	1449	1487	1350	914
9	16	6	15	4	5
614	792	668	678	763	602
2	5	6	6	4	2
17	25	42	66	63	16
125	138	152	179	166	119
4	14	22	43	46	14
210	294	375	617	512	304
643	964	910	557	562	398
1225	1382	1218	1381	1376	1023
0	0	0	1	0	1
3	3	0	10	15	9
59	67	81	89	84	71
29	27	36	49	42	32
0	0	0	1	0	1
0	0	0	0	2	0
0	1	0	2	2	5
0	0	0	0	0	1
0	0	2	1	3	3
579	827	965	613	610	424
972	1210	1198	961	834	735
437	419	409	501	499	416
0	0	3	4	2	0
1	4	4	5	3	4
872	954	881	1219	1140	930
396	487	445	538	473	341
0	1	0	0	0	0
60	56	54	28	30	28
24	39	41	20	23	14
438	635	522	552	603	392
1671	2040	2099	2383	2234	1709
291	381	306	324	273	238
1840	2490	2126	2160	2369	1465
42	48	88	99	86	69
35	67	57	69	89	43
5166	5896	6213	5814	6171	5037
22	23	19	1	14	13
483	546	476	397	562	380
4	3	3	1	4	2
109	185	146	182	191	101
0	0	1	2	0	0
28	18	24	25	25	13
0	7	8	7	7	3
0	0	1	0	0	2
29	39	64	84	70	46
24	30	32	61	52	45
5462	6467	5854	5612	6463	5429
1097	1283	1295	1464	1448	916
415	564	496	465	478	370
251	311	230	319	370	307
0	1	1	0	0	0
351	482	402	410	510	360
3129	3484	3390	3072	2901	2349
3	11	7	7	3	6
268	277	265	210	277	245
0	0	0	1	1	0
437	391	448	453	508	363
24	26	25	26	41	25
994	1427	998	569	779	553
4	4	1	1	1	3
2	6	0	2	1	5
150	250	213	228	183	166
140	167	200	175	169	122
0	1	1	0	0	0
100	105	87	84	122	69
0	0	0	1	5	2
920	1108	1006	1072	1023	839
50	61	75	48	64	45
605	793	703	678	842	652
47	76	53	47	66	73
78	79	76	120	179	133
543	565	838	719	829	595
0	3	4	0	1	1
489	775	659	979	1155	682
0	1	1	0	0	0
58	97	93	71	74	69
2	0	0	1	1	0
0	0	1	0	0	0
599	697	608	681	640	468
2418	2927	2902	3102	2984	2390
0	0	0	0	0	1
0	0	0	0	0	1
10	3	5	0	5	7
52	47	55	62	58	53
106	67	57	105	94	74
8	10	10	26	19	17
198	212	266	315	332	233
3	2	4	2	4	3
2169	2518	3608	3860	2963	1855
16	17	21	18	27	11
353	400	455	432	453	377
2439	2763	2494	2954	2893	2377
462	789	630	412	410	276
1989	2538	2368	2310	2827	1841
46	62	49	27	25	25
136	112	64	42	54	58
113	134	127	205	167	112
1	0	0	0	0	0
1	3	0	0	0	0
449	572	513	532	544	369
3	1	0	0	2	0
202	240	257	227	235	172
1449	1755	1599	1279	1237	998
267	295	360	306	283	193
1	0	0	0	0	0
447	663	583	631	640	451
527	561	457	470	508	391
697	776	911	711	825	605
300	372	341	274	324	236
2	2	10	29	16	20
475	492	469	1059	822	723
1155	1589	1636	1771	1706	1104
0	0	0	0	0	1
17	22	13	10	15	15
23	35	23	22	34	27
1261	1399	1392	1612	1562	1202
816	1022	972	935	908	723
374	446	408	636	579	443
0	2	1	1	1	1
1	0	0	0	0	0
0	0	0	3	0	0
0	0	0	0	1	0
209	141	186	371	335	298
792	802	898	1174	980	800
65	71	59	65	77	72
941	1149	1246	1321	1197	873
0	0	3	2	0	1
0	0	1	0	0	0
0	3	0	0	0	0
1777	2587	2681	2725	2419	1513
245	301	261	263	341	220
0	1	0	0	0	0
5	3	4	1	4	4
771	1041	720	483	489	304
44	60	29	79	57	52
120	85	87	170	185	146
1	0	0	2	2	1
169	231	205	196	214	137
447	430	607	423	487	412
0	0	0	2	0	0
17	17	19	19	27	21
1	0	3	0	1	0
387	592	598	559	615	429
718	720	840	373	358	388
103	102	116	58	58	62
173	184	165	110	184	151
17	15	13	12	13	13
1751	2267	2442	2528	2173	1590
67	104	103	82	112	80
341	478	505	527	537	285
4754	5709	4961	4783	4627	3496
514	843	621	1648	1393	659
1	1	0	0	1	0
2	0	2	2	1	1
0	1	1	0	1	2
1171	1463	1590	1929	1852	1305
305	452	467	544	524	318
0	1	0	0	0	0
286	356	336	365	404	293
2434	4230	2480	1892	2423	1805
90	177	114	194	248	157
4159	4463	4231	4702	4367	3646
476	495	643	529	551	409
892	1015	1096	1096	1087	776
204	278	284	420	401	261
0	0	0	1	1	2
1334	1811	1881	2030	1938	1428
51	77	70	95	68	54
7361	9806	9476	8800	8186	5885
652	777	741	614	730	640
6749	6404	5816	6271	6630	5788
1292	1729	1517	1230	1368	900
107	146	195	174	179	127
456	542	516	509	506	448
484	605	541	588	518	440
469	558	578	558	570	372
0	1	0	0	0	0
94	124	110	88	90	77
0	0	1	0	2	2
1	0	1	2	2	3
1515	1762	1911	1833	1665	1268
3025	3229	3135	3194	3125	2623
52	56	79	79	70	62
0	2	0	2	1	1
785	1255	1103	1168	1027	639
0	2	2	0	0	0
18	12	28	21	11	10
18	36	36	44	42	34
5	7	12	7	10	4
14	14	16	19	15	20
864	988	988	994	986	764
53	74	123	121	155	72
1	1	0	0	0	1
337	418	412	590	500	322
1	2	0	2	2	1
149	181	218	224	186	141
13	7	11	12	10	10
53	51	48	75	51	41
781	1035	1173	1246	1079	802
52	59	50	55	49	36
34	42	42	40	43	24
337	385	405	537	422	270
926	1096	1171	1580	1442	1041
9775	11042	10951	11268	9960	7815
314	348	421	518	464	248
62	99	109	133	115	70
0	1	11	3	1	2
30	48	57	52	54	39
12	4	19	19	9	6
360	342	314	246	281	233
681	999	803	713	764	552
64	62	43	43	55	44
503	612	681	592	551	482
3748	4957	5391	5632	5076	3465
40	61	65	75	77	59
117	180	142	228	170	127
0	0	1	0	0	0
2	6	5	6	2	4
259	266	333	511	430	303
310	429	393	509	412	325
11	8	11	17	15	11
187	259	188	234	231	177
503	621	602	598	648	527
78	136	114	84	96	60
625	723	840	723	712	597
1	0	0	3	1	0
1322	1780	1501	1387	1309	1089
1017	1044	1115	1033	1135	814
247	303	262	225	231	208
28	42	39	4	11	9
311	402	403	275	265	220
2	4	9	3	7	5
1	2	5	8	0	3
541	589	505	546	469	432
2	2	7	6	2	3
521	659	501	587	649	499
1	4	8	11	4	6
140	190	217	343	287	163
3	3	5	3	0	7
0	1	0	0	0	0
909	1214	1035	1097	1225	847
265	236	270	241	244	213
1	0	0	0	0	0
231	317	265	221	249	193
73	106	67	103	150	99
395	625	554	664	592	360
2109	2489	2543	2764	2276	1704
1663	2029	2153	2237	2180	1547
1560	1948	2033	2129	1999	1387
79	119	71	86	94	64
2	0	0	0	0	0
69	89	61	49	74	45
1	0	0	0	0	0
8	6	4	9	15	8
0	0	0	0	0	1
172	188	231	228	260	196
9	11	16	39	24	9
622	827	1008	1242	1081	758
0	4	2	1	5	5
286	429	415	516	647	466
1804	2111	1959	2449	2337	1656
0	0	0	0	1	0
1309	1560	1413	988	1498	987
58	86	84	168	152	99
36	43	24	36	41	41
139	151	139	171	166	102
2550	3140	2888	3168	3014	2282
8	0	0	2	3	3
0	1	0	0	0	0
1	2	3	1	2	4
0	0	2	0	0	0
1	0	0	0	0	0
3001	3911	3624	3761	3771	2803
593	489	638	825	799	752
28	23	28	33	32	25
1146	1288	1361	1395	1405	1111
7	2	4	1	2	8
14	21	17	20	8	5
908	1102	986	936	924	685
1	1	2	4	2	13
1986	2224	1907	2006	1957	1634
111	167	122	135	183	134
0	4	3	1	0	0
1090	1382	1266	1193	1093	943
20	23	21	28	15	20
10	11	5	2	9	5
362	376	439	462	428	274
4542	6978	7902	7665	6833	4404
1015	1087	1245	1396	1313	848
1745	2123	2154	2382	2246	1645
0	1	0	0	0	0
188	253	224	217	228	120
59	44	57	106	130	112
2036	2137	1986	1990	2181	1848
0	0	0	0	1	0
0	1	1	2	1	0
1	0	1	1	0	1
34	29	23	31	45	20
30	52	47	70	52	41
0	0	0	1	0	0
247	346	340	320	357	276
39	37	57	92	66	52
191	229	218	234	196	137
1	0	2	5	4	4
586	682	750	780	734	538
0	0	0	2	2	0
588	939	1063	860	866	528
3002	3138	3008	3053	3055	2935
368	429	410	420	423	324
67	125	105	127	123	85
48	72	68	44	61	54
48	83	67	90	131	63
4	3	7	5	6	3
216	317	239	308	408	304
0	0	0	3	0	1
2	0	3	0	0	1
2	5	1	5	3	2
222	401	423	377	302	144
3	1	10	5	1	7
3	0	1	0	1	1
7	12	4	0	1	0
6	2	2	1	6	0
0	0	2	0	0	0
1051	1157	1063	1074	1092	786
1	0	1	0	0	1
90	98	116	204	178	104
127	169	106	102	103	92
456	544	569	783	623	476
307	350	409	462	430	307
470	773	859	883	657	434
0	0	1	3	2	0
14	8	17	16	15	7
20	19	32	26	26	21
0	1	0	0	0	0
1	0	1	16	4	1
801	1142	1195	1350	1149	832
164	156	169	162	156	107
14	8	16	8	8	6
0	1	1	1	2	0
2002	2521	2288	1688	2006	1352
0	0	0	0	1	1
2477	2592	2984	2988	3170	2360
934	1175	913	931	1014	690
3	3	5	4	9	6
980	1328	1123	852	1003	671
13	11	14	13	14	19
78	63	52	76	55	66
971	1043	800	548	508	494
0	0	2	1	2	0
2	0	0	1	0	1
492	739	673	609	579	359
1	0	1	0	0	0
556	714	780	781	727	525
1	1	1	1	1	4
0	1	1	1	0	0
5	6	6	10	8	2
1200	1273	1391	1234	1155	866
13053	13549	13430	14843	14231	11199
953	1015	1137	1191	1177	871
231	350	357	324	311	220
1175	1190	1250	1215	1295	1043
25	31	56	310	81	40
1388	1486	1158	1023	748	713
14	16	16	32	17	11
2383	2373	2928	3104	2267	1700
517	473	525	494	505	441
1055	1182	1040	878	948	697
672	806	727	917	856	589
0	1	1	3	1	2
13	9	19	28	18	24
6586	7352	7102	7138	7566	6213
546	650	590	518	538	430
108	138	115	97	87	62
3451	3659	3544	3589	3463	3013
3	3	3	1	2	1
22	38	65	79	49	31
1132	1242	1267	1325	1259	992
446	554	666	566	510	339
44	58	65	72	61	35
447	487	697	231	151	156
1120	1765	1649	1485	1350	758
9	14	10	4	14	9
965	1008	1168	888	924	808
2800	3280	3203	2936	2873	2108
2097	2167	2300	2558	2397	1899
933	1177	1301	1589	1229	732
941	1287	1555	1541	1464	892
229	232	250	247	211	153
38	47	78	78	55	27
1517	1883	1885	1811	1704	1286
1621	1883	1835	1890	2050	1495
741	823	765	816	795	684
702	1093	1046	1149	1101	595
25	35	34	17	16	7
49	61	57	82	95	61
4	4	5	6	7	7
28	42	36	31	33	20
1411	1608	1358	1379	1476	1174
1001	1280	1121	1010	915	749
63	106	105	98	89	70
465	548	509	432	478	366
665	642	629	626	741	500
40	42	67	95	56	47
56	76	65	7	7	11
3	10	7	18	6	9
243	256	268	231	270	185
37	41	59	52	47	32
99	120	139	101	126	73
12	22	37	11	15	6
182	282	311	165	217	118
152	253	265	208	289	134
306	378	341	290	298	206
0	1	0	1	0	0
1	2	2	2	2	1
534	844	883	577	604	365
268	256	264	220	234	188
634	685	854	920	887	767
1235	1510	1610	1511	1379	1084
529	733	707	624	583	429
374	430	365	349	321	287
610	672	794	594	496	390
6	5	5	2	7	6
1423	1678	1634	1511	1507	1132
14	22	20	18	18	14
1929	2305	2133	2139	2152	1661
475	548	464	216	415	338
315	312	348	127	315	240
1685	2085	1842	1510	1973	1581
838	915	789	804	852	624
5953	7275	6745	6250	6435	4671
24	54	35	38	52	29
12	10	10	21	10	21
7986	8997	7808	7576	7898	6457
20	14	23	20	21	24
3769	4269	6603	4728	4929	3720
116	158	151	134	145	84
296	299	288	332	289	274
24	27	23	25	21	29
715	945	802	480	567	412
407	590	509	479	503	320
248	291	274	187	226	166
1621	1867	1821	1845	1858	1383
387	378	428	232	297	199
2505	2927	2822	2815	2690	1955
143	197	169	165	157	123
3282	3809	3909	3770	3429	2675
314	354	310	339	311	310
3320	4005	3741	3624	3498	2706
122	231	165	50	92	54
417	855	741	94	123	87
8	9	10	1	2	2
7	9	4	5	9	1
25	17	23	3	5	13
0	0	1	0	0	0
4	6	5	4	5	6
0	0	1	5	8	2
4	1	3	11	12	2
2	1	1	0	0	0
40	18	27	57	62	55
0	0	0	4	1	1
2	7	17	11	13	3
0	1	1	0	0	0
30	52	71	68	27	37
63	56	54	51	39	42
533	430	670	798	713	566
0	0	0	2	1	0
0	2	1	0	0	0
3	1	8	5	3	1
4	7	16	12	10	8
0	1	3	1	0	1
0	0	4	1	3	2
4	11	21	9	12	3
48	47	48	63	72	79
18	10	9	11	7	21
0	0	1	5	0	0
17	12	21	34	25	32
457	463	586	602	547	423
2	0	0	1	1	0
1036	1366	1275	1511	1363	995
55	38	38	20	30	23
90	77	94	176	156	85
1074	1369	1357	1343	1261	975
3373	3605	4150	3887	3412	2725
6	8	4	7	5	11
330	405	351	364	362	302
417	590	568	478	517	351
860	1262	835	867	1066	636
5760	6234	5938	5375	5200	4432
701	898	727	747	766	571
1437	1589	1599	1440	1455	1195
5	6	1	3	3	1
473	542	518	394	415	338
6	14	13	8	8	6
8	5	3	2	7	2
235	366	304	181	196	128
1879	2121	2152	2196	1933	1415
95	160	154	176	193	115
960	1312	1155	1086	1126	744
21	22	27	36	24	8
9	29	21	17	18	11
862	1039	783	673	724	549
1098	1226	1216	882	1024	849
7	9	11	13	4	9
760	837	770	572	641	557
3816	3985	3609	2676	3195	2842
3	1	2	7	3	3
1948	2593	2310	2524	2348	1695
4	4	2	2	2	0
507	489	480	454	539	474
172	225	201	201	189	142
1092	1395	1453	1653	1502	1005
5766	6553	5948	6433	6323	4849
27	53	43	42	22	15
32	42	25	23	25	21
1054	1039	1085	996	1005	850
1090	1288	1465	1475	1336	954
2082	2389	2576	2440	2377	1870
360	334	419	350	366	317
72	102	111	162	111	91
26	15	26	56	51	57
114	130	144	134	140	117
1	0	2	16	8	14
5187	6098	5590	6460	5552	4177
39	30	31	44	30	24
135	135	127	101	132	122
964	1313	1106	1145	1105	835
26	23	22	27	26	25
1378	1447	1386	1192	1286	1056
17	18	28	53	39	41
257	256	353	288	245	221
2	3	0	1	5	1
20	19	1	11	11	13
1	3	5	1	5	1
0	0	3	0	1	2
5	5	5	5	5	3
1	3	0	1	1	0
0	1	0	0	0	1
4	3	3	6	7	8
1628	1520	1733	2535	2167	1767
1	0	2	0	3	3
100	123	128	172	99	74
0	4	7	18	6	2
78	129	124	124	110	70
4032	4600	4779	3846	4620	3510
72	66	87	93	89	58
14	9	12	9	13	7
563	733	667	316	296	228
279	559	519	524	411	213
46	53	44	33	32	33
745	807	851	827	836	634
1287	1583	1617	1555	1492	1005
0	0	0	0	0	5
5	13	5	25	8	8
205	231	212	228	252	157
0	0	0	0	1	0
0	0	0	0	1	0
1667	1845	1818	2067	2038	1557
405	698	533	599	596	347
1100	1275	1155	1289	1177	941
7	2	5	4	4	8
293	356	291	337	310	259
0	0	1	0	0	0
430	660	640	616	543	391
493	540	482	409	472	394
477	628	548	726	751	477
0	0	1	0	2	1
1	0	0	0	1	0
374	569	588	617	670	443
8	19	8	19	23	9
1	1	0	2	1	0
83	132	124	106	102	103
47	77	29	42	29	22
0	0	0	1	0	0
2117	2366	2406	2454	2155	1705
185	219	284	261	214	136
21	21	27	26	15	11
988	1240	1111	1199	1133	835
68	82	61	89	71	49
1158	1498	1262	1284	1260	906
2	1	0	0	0	2
3101	3955	2507	1574	2104	1635
69	54	76	31	28	49
531	728	498	346	381	254
7572	8533	7831	7528	7664	6277
47	56	48	53	43	39
1	3	2	5	0	1
1	0	0	0	0	0
12	7	29	37	56	38
1037	911	921	887	1001	880
1	1	1	0	1	1
40	30	29	36	52	41
23	28	54	42	35	19
0	0	0	0	0	1
454	559	402	494	558	446
5828	7248	7410	7356	7555	5313
1089	1197	1151	1447	1315	1025
7	2	6	7	3	4
1338	1547	1504	1578	1679	1200
2622	3001	3102	2868	3073	2425
1476	2098	1838	2075	1974	1309
0	0	0	3	2	0
7	2	5	10	7	11
1	6	3	2	5	4
1125	1425	1432	1527	1503	905
180	193	149	160	187	130
1	0	5	5	2	3
9	5	4	7	11	10
5	8	0	7	8	6
374	488	510	545	548	309
360	365	318	365	404	286
522	733	736	620	631	399
273	339	336	360	381	227
1659	2125	1919	1942	2077	1483
0	1	2	0	5	3
62	92	154	179	130	72
143	131	165	188	153	98
2225	2751	2663	3565	3550	2305
240	297	291	280	264	174
84	112	109	124	107	90
1	1	0	1	0	0
282	427	402	497	458	259
17	16	19	4	14	13
1416	1584	1706	1569	1548	1215
103	142	198	190	203	136
269	294	315	287	278	214
4	5	5	2	2	1
2098	2417	2458	2223	2438	1849
897	1112	1064	1125	1221	965
4	4	11	13	13	9
1	0	1	0	2	0
1	0	0	3	4	1
223	267	297	204	285	161
123	144	119	118	94	93
233	341	370	451	312	210
0	0	2	3	0	2
11	24	20	3	23	10
0	0	0	0	0	1
189	229	228	185	215	177
0	3	4	2	6	4
627	714	932	906	676	564
14	8	13	3	9	9
2	2	5	2	1	0
1	0	1	1	1	0
465	592	542	564	604	412
1373	1782	1811	1984	1653	1219
6	1	5	3	0	4
24	25	9	23	7	14
14	12	13	27	19	19
21	16	19	22	24	28
51	70	32	23	49	62
376	351	288	349	358	334
498	546	490	670	647	556
125	106	106	94	92	109
609	742	690	807	858	640
4	2	2	14	7	6
1148	1422	1542	1723	1628	1243
0	0	0	0	0	1
40	41	49	41	32	27
43	32	38	37	43	39
111	133	172	192	188	123
8	11	8	9	26	10
988	1150	1159	1107	1128	992
125	189	162	313	207	101
2550	2893	3450	3888	3867	2766
114	147	138	141	134	68
3671	4576	4695	4683	3969	3022
5	0	1	6	3	2
385	492	505	502	400	330
189	243	245	336	255	173
136	189	216	357	276	124
222	267	246	281	328	253
459	454	552	500	516	336
187	220	209	234	235	151
6	5	3	1	0	3
4233	5558	5796	5828	4676	3494
3	1	1	4	3	1
16	32	33	49	47	28
9	15	21	24	13	11
3	14	9	10	6	5
360	345	393	395	394	347
0	0	2	1	0	0
309	397	463	399	410	316
65	107	78	33	45	52
0	0	1	1	0	0
77	156	69	15	57	43
332	405	425	421	427	322
244	268	248	247	284	176
60	53	70	64	75	50
0	0	1	2	3	1
113	157	242	229	211	115
704	846	752	740	813	597
532	655	567	712	699	491
3	2	5	2	2	2
205	274	265	258	251	170
276	406	397	461	450	305
1202	1423	1272	1159	1331	1000
172	254	239	290	281	197
316	445	374	383	438	285
1356	1647	1788	1721	1774	1322
0	0	0	1	0	0
120	131	94	153	121	87
0	0	2	0	0	1
563	586	514	680	726	660
34	35	38	58	49	55
9	8	8	10	13	6
153	139	126	174	142	148
5421	7033	6012	5939	6130	4596
10	3	5	5	7	9
53	55	59	65	58	51
985	1133	1091	1049	1092	781
108	134	147	264	180	134
4	1	3	2	6	7
912	1067	1207	1509	1324	945
5576	6450	6912	6661	5849	4621
531	652	654	732	699	512
1436	1910	2068	1980	1957	1232
20	56	54	49	51	45
338	401	410	464	437	388
273	394	415	511	460	311
2	0	0	0	0	0
7	7	11	41	12	17
465	533	484	726	619	406
1051	1157	1332	1380	1161	887
0	0	1	1	1	0
8	9	8	9	5	8
0	1	0	0	0	0
22	30	30	32	24	21
1	2	0	0	2	0
29	60	54	60	53	42
75	100	123	231	214	118
3481	3882	3487	3490	3306	2943
857	996	925	807	910	764
0	0	0	0	2	0
0	0	1	0	1	1
1114	1349	1358	1459	1338	994
10	16	10	22	14	14
28	25	35	55	57	36
0	1	2	3	0	0
3208	3880	3158	3683	4328	3111
14	17	7	17	11	16
3	1	2	2	2	4
2185	2071	2226	2272	2485	2084
0	0	0	0	0	1
142	116	129	196	152	117
41	84	55	71	54	41
856	1057	1059	1116	1052	772
0	0	0	0	2	0
1238	1310	1363	1398	1209	1020
3019	3192	4064	3500	3359	2632
8	18	38	270	246	122
1144	1272	1056	1315	1274	1090
5	5	7	12	18	13
15	15	9	20	18	10
148	159	167	168	159	134
2244	2340	2470	2478	2446	2072
246	259	326	304	217	244
34	25	35	50	59	45
200	257	250	306	275	209
349	370	351	326	355	290
60	84	71	106	83	53
903	1014	818	978	1060	799
5073	6400	4607	3322	3967	2791
0	3	1	15	12	4
0	0	4	0	0	1
2896	4679	5348	5215	4262	2382
24	28	37	47	44	29
12	16	22	21	26	15
325	363	367	421	491	301
304	320	386	407	412	292
3926	4367	4599	4845	4954	3878
913	760	1197	1555	1912	1315
487	503	490	579	574	494
1	1	1	1	3	6
326	491	508	565	555	370
228	251	366	371	365	278
0	0	0	1	1	0
7366	7908	8845	6060	6814	5642
210	308	334	239	243	173
239	344	422	449	462	251
189	211	307	103	73	81
0	1	0	0	0	0
28	49	59	77	46	44
573	584	620	679	530	484
0	0	0	0	1	0
1	1	0	8	5	3
28	13	42	16	19	17
0	2	1	3	1	0
2574	2630	2749	2462	2775	2228
944	1058	1161	1247	1076	826
1215	1511	1525	1434	1462	1097
145	172	139	237	227	151
132	162	146	189	184	122
20	16	16	16	15	15
0	0	1	0	2	1
1	2	1	10	4	3
449	645	586	708	598	441
0	0	0	1	6	3
0	4	2	0	0	1
1	2	0	1	1	4
0	0	0	2	0	0
311	448	296	353	590	390
452	522	414	408	528	374
1554	2029	2124	2149	2105	1378
97	104	129	215	181	144
433	546	561	546	621	478
1622	1806	1824	1594	1958	1543
590	704	645	743	710	501
0	0	1	2	3	0
4	1	2	5	0	2
115	160	117	143	157	85
0	0	0	2	0	0
0	0	0	2	3	1
3	0	1	1	1	0
217	279	292	324	286	263
0	0	0	2	0	0
1106	1178	1144	1119	1089	898
242	195	214	149	121	148
757	808	681	241	458	433
283	350	344	304	360	278
524	601	690	625	655	523
208	285	237	205	234	153
1	0	0	0	0	0
0	1	4	1	0	0
0	1	0	0	0	1
0	1	1	0	0	0
374	548	483	676	537	359
54	69	53	55	65	56
30	38	41	44	51	19
341	393	353	302	432	360
1472	1593	1534	1652	1607	1311
8	7	13	4	13	19
1	0	0	0	0	0
0	2	1	0	0	2
579	732	711	804	764	548
8	9	8	11	8	14
108	106	143	292	408	267
0	0	0	0	0	1
24	23	19	5	28	9
62	62	63	91	71	62
3743	4469	4730	5662	5135	3699
10	17	22	38	12	7
1092	1237	1295	1545	1425	1057
988	1333	1168	1223	1227	827
1477	1943	1994	2135	1992	1420
1	4	2	1	2	1
409	445	443	335	404	295
80	75	78	70	93	76
16	16	9	18	10	9
2376	2339	2556	2773	2620	2249
3494	3874	3615	2639	2713	2309
3	6	12	11	23	21
1	3	0	0	0	0
339	324	277	205	201	225
228	288	177	116	163	119
6	10	5	5	2	4
130	162	151	112	122	104
5	3	6	4	0	3
0	2	2	0	3	1
2373	3131	3414	3381	2820	1941
1	2	0	2	3	4
1162	1152	1033	1281	1392	1261
1009	1331	1198	1289	1316	981
5434	6519	6367	6919	5838	4776
606	752	639	637	720	556
67	88	117	112	86	53
0	0	1	0	0	0
62	97	117	105	92	95
72	76	93	100	82	73
1108	1505	1408	1506	1425	1014
161	240	144	136	234	159
12768	14218	17803	15913	18511	13306
0	0	0	2	3	0
85	142	94	111	128	66
181	230	242	281	233	201
457	145	170	402	481	391
37	37	32	31	26	18
1255	1617	1398	1613	1613	1153
190	229	224	219	212	164
204	244	286	310	234	178
278	318	339	415	381	266
520	653	648	803	965	648
3	2	2	3	4	6
88	121	48	28	65	87
1047	1140	1151	1237	1186	1010
1036	1577	1513	2296	1971	1171
819	980	907	854	968	785
1	0	0	1	0	0
117	159	144	174	163	144
2960	2985	2659	2412	2734	2494
238	204	205	196	223	177
2894	3675	4548	5461	4676	3382
197	276	190	196	213	191
925	1139	1163	1143	1137	783
219	340	319	350	343	199
3	5	11	124	32	22
1061	1312	1283	1329	1189	880
668	807	768	808	791	549
26	48	34	22	44	32
5	15	9	15	13	8
1	1	2	11	1	0
51	63	66	91	113	84
72	76	69	93	97	63
96	99	127	141	128	79
45	84	78	89	69	66
364	423	459	434	466	341
5	5	5	4	9	4
22	19	39	204	147	103
0	0	0	0	2	2
0	0	1	0	0	0
1599	1949	1675	1908	1768	1367
383	470	465	577	578	426
48	76	47	44	54	39
1265	1435	1052	900	1094	1084
2	1	4	3	1	4
170	179	166	175	193	139
695	969	921	830	812	640
179	256	191	213	222	157
115	139	128	140	208	106
6	6	5	9	6	1
630	806	623	514	592	407
21	23	24	17	24	19
851	1187	881	1055	1092	775
0	0	1	0	0	0
0	2	0	0	0	1
113	165	128	245	225	142
160	194	155	176	216	181
0	1	1	2	0	4
6	3	5	5	4	4
533	710	690	655	685	475
314	347	338	267	301	206
698	867	837	759	688	519
3776	5221	5400	5456	4845	3478
291	289	266	271	268	214
11	5	9	19	12	13
73	78	48	56	71	80
13	25	15	16	13	13
930	992	1006	915	1010	785
15	18	17	7	14	19
601	713	728	652	707	567
8	11	6	7	6	10
816	1078	900	978	876	636
279	387	412	435	397	229
148	190	197	245	217	160
72	96	90	121	187	137
1812	1988	1923	2114	2104	1581
142	239	226	122	418	257
0	0	1	0	0	0
1652	2546	2618	2551	2371	1522
8499	10045	9686	9556	9295	6260
110	104	86	110	132	99
214	189	265	738	559	394
675	1036	1191	1113	824	545
362	403	389	405	387	279
2	9	3	9	7	4
36	42	31	100	83	44
24	36	37	55	62	40
584	927	649	860	1095	683
636	773	744	882	781	537
0	0	4	2	2	1
1	1	0	1	0	1
1118	1402	1428	1358	1308	933
659	804	703	761	783	612
433	409	469	482	451	403
312	389	377	414	334	246
29	47	36	29	29	16
110	113	100	113	117	90
2144	3138	3285	2948	2708	1711
0	0	2	0	0	0
126	148	127	111	184	119
188	252	221	243	275	183
0	1	0	0	0	0
843	990	924	890	977	794
611	448	857	941	1092	936
3513	3850	4225	4383	3619	2991
3	3	4	1	4	12
438	444	569	362	423	330
0	0	0	1	0	0
275	276	263	259	249	237
2046	2362	2581	2606	2324	1875
2958	3342	3466	3268	3087	2434
591	724	583	586	514	456
3165	3513	3332	3320	2960	2298
1008	1225	1343	1153	1047	834
1998	2430	2465	2604	2566	1859
2	0	1	0	0	0
4664	6084	3301	506	538	601
3211	3342	2963	2675	2933	2477
1269	1585	1221	1403	1424	1123
5034	6065	5474	5660	5659	4142
828	1055	1044	1108	1190	893
983	1302	1281	1197	1116	832
274	278	259	265	278	240
97	127	104	120	170	93
416	603	393	162	218	174
0	0	1	0	1	0
41	45	66	62	42	42
15	15	15	34	19	18
3	3	1	12	5	6
14	16	37	225	175	95
22	22	25	36	30	10
163	165	163	176	204	136
408	439	493	420	408	336
1	0	2	0	1	1
562	635	678	773	769	562
250	323	336	308	284	234
24	25	32	11	24	22
0	0	0	0	1	0
0	3	1	1	0	2
1	1	0	3	0	0
193	244	333	448	411	237
0	1	0	0	2	1
4099	4759	4374	4498	4407	3628
225	230	243	248	272	185
296	287	353	315	290	249
2308	2492	2393	2252	2497	2069
108	182	173	171	176	85
511	459	470	367	416	363
8	7	4	7	3	9
552	685	468	501	489	349
167	227	223	273	192	115
0	0	1	0	0	0
126	152	142	133	133	110
140	166	189	174	157	133
5	1	4	1	1	1
109	108	90	136	108	75
4417	5342	4737	3936	4231	3316
213	205	273	226	245	187
236	288	342	358	305	200
432	538	530	519	605	415
6	18	17	21	13	6
4	1	6	1	0	1
128	108	140	127	134	92
2	2	1	4	3	0
82	108	105	78	79	63
0	2	1	0	0	0
0	5	2	1	1	3
1	0	0	0	0	0
81	133	127	186	173	99
277	345	294	412	286	213
1	0	1	0	2	0
9322	9884	9859	10123	8910	7385
215	246	280	352	314	232
406	624	565	577	583	365
1262	1423	1372	1384	1360	1105
7	3	7	7	4	5
691	867	856	770	765	536
317	421	340	300	370	320
124	166	163	168	185	109
682	787	693	724	712	591
97	125	106	112	123	80
624	669	840	739	854	640
0	3	1	4	3	5
196	204	212	178	209	182
819	837	997	1039	850	769
190	223	239	276	204	176
354	370	360	399	378	275
132	130	199	257	187	137
59	87	45	77	94	87
13	15	16	25	17	25
7	10	2	0	10	3
0	0	0	0	2	0
4	18	14	13	12	9
0	1	1	1	0	0
331	470	444	433	457	332
1850	2080	1908	2194	2076	1574
176	221	178	296	254	213
8	8	4	8	7	6
146	131	196	157	154	127
0	0	0	1	1	1
17505	18818	19449	21877	16719	13768
1385	1637	1699	1597	1517	1240
2	0	0	7	1	0
5	5	4	4	2	2
141	163	239	163	156	124
1	0	0	3	0	0
12	12	5	5	7	1
71	125	74	53	97	100
0	1	0	2	0	1
369	496	551	598	561	369
460	517	442	449	485	386
496	516	667	528	518	399
0	0	3	2	2	0
107	120	101	140	166	133
911	1078	1175	1142	1012	747
33	38	58	54	63	52
1664	2028	1691	1823	1944	1493
917	1235	1202	1753	1583	1042
2594	3356	2818	4150	3586	2374
49	84	76	86	107	59
2	1	0	4	3	2
1	0	0	0	0	0
0	3	0	1	0	1
463	530	589	552	597	466
89	161	142	97	147	60
8	1	6	3	3	5
1642	1997	2140	2052	1682	1220
1	1	0	0	0	0
4778	6593	6675	6966	6249	4232
2	2	2	2	1	4
375	402	344	321	312	258
676	1053	886	553	508	330
1212	1262	1267	1117	1407	1184
314	438	610	688	507	311
349	520	416	496	502	295
1	1	0	1	0	1
231	268	252	193	208	131
1556	1190	1549	2516	2351	1815
6683	7334	6571	6250	6226	5055
5198	5600	4448	1340	1444	1413
1	2	3	3	1	2
2355	2686	2482	2497	2661	2065
235	235	196	146	209	174
860	868	937	1009	892	798
1259	1615	1585	1352	1718	1216
47	39	31	31	39	20
449	568	428	236	374	317
253	299	314	335	355	213
0	0	0	1	4	1
1	3	1	3	1	2
67	92	102	70	55	30
1521	1777	1929	1727	1817	1481
1	0	1	0	0	0
1	0	0	0	0	0
760	905	798	1148	831	679
0	0	2	0	0	0
815	1069	844	915	1055	772
4	28	20	14	23	5
524	694	742	643	646	511
118	146	166	151	143	130
2	1	2	5	0	0
18	18	11	19	24	23
452	666	591	581	675	471
102	150	86	38	64	70
1711	2161	1729	1254	1704	1290
188	252	267	248	253	184
233	317	268	311	305	237
677	751	708	719	761	625
540	758	802	913	802	515
38	41	44	80	96	64
160	192	161	168	184	140
104	103	168	185	168	107
904	1001	869	696	740	610
498	607	566	576	589	433
527	599	593	596	578	464
1235	1405	1288	1377	1330	1054
0	0	1	0	0	2
95	56	62	69	71	61
75	70	59	60	45	72
3	4	5	5	6	1
262	318	240	203	295	200
1271	1322	1397	1256	1170	1042
14	9	12	13	17	16
88	142	142	92	94	63
5	9	16	27	19	11
0	4	1	1	2	0
60	70	103	68	78	61
132	122	142	167	84	117
90	103	123	169	126	100
717	790	867	710	723	584
99	112	118	88	96	80
0	2	4	2	0	1
0	1	1	1	0	1
0	0	1	0	0	0
0	1	2	1	2	0
187	252	233	281	255	186
1	3	8	7	1	5
2023	2607	2482	2454	2428	1729
37	74	61	51	64	49
0	0	0	2	0	0
457	583	558	646	588	447
4	2	7	11	3	5
1	1	3	0	3	1
0	0	0	1	0	0
0	0	0	0	4	3
0	1	1	1	1	1
1085	1607	1840	2553	2082	1213
373	358	404	502	488	422
37	69	44	64	62	26
1	0	0	0	0	0
46	55	54	45	65	43
42	84	79	95	88	42
497	613	584	527	675	532
353	517	484	480	524	392
3	0	0	3	1	1
1515	2286	1753	1783	2171	1258
379	509	579	618	629	361
6601	8563	8508	11048	8354	6107
61	71	87	104	84	60
145	149	218	589	450	292
29	27	19	44	42	30
965	1198	1021	862	1094	913
48	46	57	29	20	14
10	16	7	9	1	3
1195	1192	1042	1061	1258	1044
1307	1697	1484	1504	1580	1118
356	429	352	255	290	319
489	909	743	736	686	387
7071	8179	8267	7619	7841	6179
385	412	370	400	421	348
0	1	0	0	3	2
144	140	155	126	130	123
217	279	216	243	218	192
5	6	4	4	1	3
0	0	0	1	0	0
340	384	349	335	350	243
0	0	0	0	0	1
1	0	0	0	0	0
1250	1457	1229	1248	1663	1187
590	670	653	709	772	568
64	97	94	187	153	117
4	2	1	5	12	3
3	5	6	9	5	3
370	474	465	508	526	352
242	230	212	260	198	176
28	43	26	35	41	35
395	461	470	487	508	392
3114	3691	3683	3902	3643	2659
635	673	859	808	705	491
0	1	0	0	0	0
152	138	171	159	140	110
1	1	0	0	0	1
587	799	815	800	775	544
80	152	285	444	197	121
36	35	33	48	45	33
811	1031	1056	1455	1284	843
0	1	2	16	2	3
0	0	1	0	0	0
0	0	0	1	0	0
21	31	18	23	34	29
8	2	5	9	5	5
10	11	13	20	17	17
120	121	101	115	168	110
141	166	126	165	205	150
21064	22643	26289	33965	27502	20828
206	250	193	210	231	145
3253	3754	3576	3805	3698	2948
724	910	811	790	1130	788
160	224	217	169	181	134
0	1	1	2	0	0
581	338	240	251	272	424
219	228	205	176	228	141
177	209	238	193	243	196
32	44	51	48	55	36
148	138	108	200	240	144
8	22	42	292	263	148
0	0	0	0	0	1
555	753	654	1105	1245	872
107	139	147	227	231	115
808	1019	888	1022	969	725
3927	4068	2219	828	1402	1931
1076	1171	1082	1209	1241	952
439	615	452	367	432	359
4	9	3	3	5	3
4	2	3	4	4	0
224	198	124	69	85	78
11	22	30	27	14	5
14	37	77	51	36	22
9	18	13	1	3	0
0	1	1	1	4	2
1	0	1	0	0	1
0	0	0	0	0	1
15	11	13	31	13	24
1400	2016	2028	1909	1689	1074
176	190	205	253	248	154
0	0	0	1	0	0
135	121	162	165	146	122
108	94	185	388	428	282
2	2	8	4	5	0
4	1	3	5	7	0
3	2	2	0	1	0
292	519	282	297	435	224
479	764	522	372	445	303
0	3	2	3	6	6
2533	3225	2971	2479	2437	1803
14	18	42	75	37	21
0	0	0	1	0	0
1987	2399	2670	3221	2995	1950
16	26	26	29	19	24
0	1	6	13	7	3
150	167	159	143	155	142
906	976	893	961	960	787
1	5	6	2	6	5
1	2	1	1	1	2
20	34	21	37	29	12
713	702	757	1146	899	664
936	1067	1051	1041	972	779
46	32	41	40	37	43
0	1	0	4	0	0
55	49	55	51	41	37
1196	1560	1347	1333	1493	1012
469	573	557	567	592	455
26	42	22	33	50	37
132	156	144	104	127	100
1063	1286	1093	1188	1175	879
4	5	6	3	6	0
12	20	29	25	30	16
172	224	260	289	197	126
3695	3679	4341	3719	3713	3005
266	297	334	296	363	239
206	217	222	221	211	165
1	0	0	1	0	0
15	23	26	33	29	17
835	947	903	738	795	639
533	617	477	331	589	492
225	273	251	173	256	172
848	1128	840	837	986	689
468	491	449	537	498	432
2	4	5	5	3	3
74	135	110	181	145	77
1093	1720	1669	1895	1823	1076
2823	3125	2987	2787	2798	2351
1193	1568	1273	1070	1122	822
1285	1566	1581	1642	1640	1367
490	633	466	452	587	434
0	2	0	0	1	0
455	526	423	410	474	359
742	824	727	633	676	561
291	323	280	325	294	244
18	18	12	13	15	15
2487	3016	2822	3106	2677	2080
725	811	800	766	781	681
94	150	154	65	75	33
491	712	633	699	701	438
9	20	11	7	24	7
267	344	258	331	313	201
40	69	76	64	37	21
1637	1721	1809	1830	1709	1439
35	35	29	27	32	16
10	13	12	24	22	9
19	20	21	26	25	24
180	196	166	189	184	172
0	1	2	4	0	1
0	0	0	0	2	0
0	1	3	3	3	0
4	1	2	3	2	0
0	0	0	0	2	0
905	1092	1187	1078	989	837
236	376	354	361	408	223
8	4	5	3	1	1
2	1	0	0	0	2
3	0	0	0	0	0
3	0	3	3	1	3
2	0	2	2	0	0
0	0	0	1	0	0
513	626	708	690	572	441
364	477	415	466	444	306
232	255	297	107	88	54
245	291	370	242	193	174
22	36	59	79	47	21
18	45	32	41	48	34
164	221	203	150	187	152
2038	2444	2696	2420	2837	1850
254	259	288	256	255	219
1002	1241	1166	1094	1166	830
568	714	652	579	599	499
41	40	39	31	35	29
38	29	13	3	5	11
195	298	176	120	160	121
1223	1535	1295	1259	1329	1007
125	172	111	102	124	89
118	128	130	170	174	144
1499	2282	2052	2053	2050	1270
3	11	3	7	8	7
23088	28432	26844	28034	24495	18718
2743	3236	3397	3513	3314	2433
5512	5849	6253	6098	6460	5261
428	497	547	496	495	362
110	166	202	183	142	94
289	418	301	353	279	215
825	916	847	983	920	673
214	250	226	241	258	191
91	135	114	74	104	73
76	104	91	122	118	65
686	796	782	715	771	619
437	500	583	523	530	354
685	837	707	723	827	585
194	280	249	386	437	236
786	836	948	746	767	634
0	1	1	0	0	2
330	476	525	908	407	272
12677	14803	17010	14410	15117	11346
2019	2601	2697	2698	2351	1543
0	0	0	0	0	2
7	2	2	4	1	2
3036	3222	2958	3285	3188	2464
485	466	526	438	407	383
474	474	505	478	505	451
0	0	1	0	0	0
1	1	1	5	3	2
48	78	85	78	72	55
1	0	1	2	2	0
29	48	47	75	64	22
358	516	625	476	477	320
236	270	278	282	266	183
343	400	472	596	482	306
1	3	5	3	1	0
237	235	251	332	252	253
1671	2401	2182	2257	2163	1490
2280	2613	2443	1849	2013	1517
16	28	25	44	26	18
801	909	915	930	919	637
959	962	1095	1067	1012	860
61	122	90	89	92	66
2572	2895	3022	2856	2834	2288
2	0	0	0	0	0
0	2	1	1	5	1
1	1	1	2	1	2
2	3	2	7	5	13
2740	2825	3394	3851	3292	2793
0	0	0	0	1	0
0	0	0	1	0	0
1888	2150	2237	2631	2193	1669
86	143	134	165	137	75
2	1	2	0	1	0
119	136	160	141	182	101
495	601	516	525	507	441
0	0	0	0	0	1
748	881	873	724	810	497
11	16	13	8	1	6
34482	34776	34082	36916	35502	28522
502	573	681	611	581	489
81	126	107	166	173	104
420	495	509	515	490	368
0	0	1	0	0	1
29	34	17	42	52	35
5	3	16	9	13	13
940	1003	903	847	933	708
0	1	1	0	0	0
8	8	7	4	7	8
0	1	0	1	0	0
59	70	94	24	28	30
187	288	224	254	265	186
2039	2234	2082	2188	2173	1807
18	16	17	18	21	24
1	3	1	4	0	1
706	766	714	698	735	549
116	143	118	165	151	105
158	229	230	242	257	185
76	127	86	92	86	63
398	393	399	477	403	316
353	528	306	333	226	120
572	594	602	618	651	471
1333	1831	1886	1930	1780	1147
550	622	655	699	787	596
3277	3897	3738	3550	3425	2729
3	3	3	5	1	1
325	430	343	300	427	248
388	460	475	447	439	333
4	6	3	3	1	2
0	3	1	1	3	0
468	443	560	538	536	454
6	1	2	11	12	5
0	0	1	0	1	0
0	0	1	0	0	1
2718	2865	2930	2929	3027	2492
17	22	35	20	22	18
4	2	6	6	7	4
10951	14946	13567	13594	13261	8395
338	445	440	358	323	297
531	691	640	631	737	509
24	29	23	7	12	10
367	418	421	389	436	302
550	825	854	1092	1018	625
20	13	33	95	28	18
1029	1219	1302	1286	1142	800
194	299	278	269	239	116
3213	3645	3407	3339	3340	2715
533	781	633	675	605	391
420	566	542	511	425	319
97	103	130	119	121	83
728	710	665	677	661	562
193	229	187	196	172	133
14	19	21	16	13	7
2395	2568	2460	2314	2288	1845
313	368	388	344	336	302
21	25	26	47	38	20
1984	2313	2235	2363	2186	1731
1	0	2	0	2	1
520	591	660	606	609	445
618	645	591	496	668	612
103	128	114	118	109	75
2071	2274	2226	2031	2646	1890
4	7	3	2	1	1
1309	1345	1224	1138	1221	1000
45	26	42	38	19	22
85	114	100	103	136	87
675	907	891	1050	932	587
166	222	189	244	201	126
100	119	95	60	46	45
6060	6765	6595	6591	5993	4906
1065	1607	1720	2017	1386	824
409	457	465	445	485	392
0	0	0	5	3	0
443	542	496	537	531	457
15	28	14	18	17	5
275	431	466	418	365	255
1341	2266	1941	2251	2417	1220
12	20	14	12	10	6
1655	2250	1880	1938	1925	1287
58	72	75	81	82	58
772	832	912	842	924	757
5	9	7	10	7	6
581	683	570	660	670	564
183	220	251	262	243	202
2020	2733	2312	2481	2665	1840
17070	21875	22718	24727	18737	13333
1279	1798	1553	1530	1752	1282
325	376	391	410	451	325
16	28	39	22	20	12
2036	2320	2098	1807	1681	1318
220	231	274	266	257	175
16	35	27	6	8	11
2215	2488	1910	641	838	809
49	53	54	3	8	1
213	235	234	63	35	46
1	7	9	12	3	6
171	244	272	234	212	100
271	325	366	296	333	216
0	0	0	1	1	0
63	109	93	90	99	61
23	25	18	41	35	22
109	89	146	222	179	147
3318	3740	3713	3328	3421	2597
1119	1255	1171	1021	963	785
3	0	0	0	0	0
9	11	7	9	7	5
3	0	3	10	5	2
715	974	831	904	923	606
2429	2959	2644	2521	2643	1930
1825	2746	2308	1631	1998	1160
82	164	71	47	61	42
5731	6532	5960	6126	6185	4891
363	417	469	385	416	324
898	996	915	1085	811	572
93	143	115	91	103	55
637	764	765	787	729	469
0	0	3	3	0	0
8932	9592	7680	5021	5607	4294
3353	4286	4080	3767	3744	2808
283	206	261	128	139	138
0	1	0	1	0	0
2541	2714	2736	2645	2810	2280
1085	1226	1212	1267	1283	952
1	2	1	3	0	0
123	226	201	201	187	110
120	125	153	149	149	146
3209	3603	3844	3833	3367	2613
1240	1505	1412	1463	1525	1053
149	180	193	171	191	164
3815	4040	4053	4713	5536	4813
2944	3485	3118	3221	3518	2900
100	110	87	194	172	166
7	11	5	9	12	13
179	188	189	216	208	195
1	0	1	0	0	0
59	84	62	22	31	40
15	12	9	11	13	17
945	925	1078	594	452	392
698	762	796	783	666	528
1772	2019	1935	1769	1819	1435
207	214	174	189	199	154
3220	4530	4091	3708	3485	2435
18	33	23	11	17	12
1432	1980	2045	1269	1519	965
23	23	41	25	20	10
18	35	28	24	20	10
160	165	193	224	207	156
3111	3545	3462	3406	3140	2548
4	12	4	2	4	1
1262	1496	1365	1438	1279	936
4	0	0	0	1	2
1388	1639	1625	1541	1569	1132
1002	1127	1035	1112	1104	844
691	792	906	947	782	666
1	5	1	3	4	0
589	647	642	609	702	567
1822	2001	1970	2095	2174	1599
780	1052	950	991	966	589
152	144	175	139	144	128
1821	2233	2453	2953	2602	1860
4539	5020	5311	5858	5443	4203
6299	7040	6090	6485	5820	4850
1	0	2	0	0	0
754	1073	1021	1162	1136	790
55	72	72	66	63	31
78	52	68	78	68	72
1315	1308	1272	1351	1351	1199
17	13	14	20	18	9
1557	1820	1872	1877	1867	1340
975	1318	1220	1202	1184	825
812	1177	948	944	885	638
28	21	24	21	19	14
1154	1818	2118	2511	1865	906
2092	2967	2376	2344	2590	1802
0	0	2	6	1	0
0	6	5	1	1	1
124	114	118	21	23	14
22	14	22	25	31	16
228	267	224	194	243	199
2766	3009	2535	2466	2591	2008
748	1014	831	743	837	578
46	58	57	72	51	38
20	19	19	14	21	10
66	63	52	36	41	51
12436	12056	12056	12008	10758	9782
0	3	0	0	0	0
490	566	639	649	547	405
137	191	180	170	166	135
619	515	669	256	214	189
918	1178	1065	930	986	625
91	136	129	158	129	98
7232	8651	8376	10293	8779	6176
2598	3171	3172	2777	2707	2083
1064	1385	1467	1476	1792	1170
248	321	260	276	289	209
1260	1154	3061	5091	3539	2612
1	0	0	0	0	0
75	103	103	45	56	38
6	1	0	0	1	0
160	165	174	129	145	115
710	780	695	681	679	577
1110	1537	1485	1520	1338	1061
0	0	1	0	0	0
0	0	2	1	0	0
4	3	5	3	4	5
301	278	335	289	317	273
1	5	1	11	4	1
43	46	56	19	28	34
209	297	279	250	277	197
92	154	182	171	127	79
1028	1185	1408	491	933	771
51	74	54	36	37	28
252	206	332	269	282	247
1292	1491	2079	2769	2099	1495
7	11	7	13	20	11
306	359	350	378	406	288
605	775	677	785	800	565
18	24	21	19	34	16
72	82	103	94	101	46
323	398	415	377	439	278
1125	1466	1542	1919	1804	1310
10	12	13	14	24	16
470	524	577	708	621	488
1171	2274	2625	2697	2712	1293
1823	1984	2318	2137	1865	1536
6	28	26	17	12	2
1778	2593	2189	2294	2070	1486
9627	12523	10528	10033	10325	7329
16	15	9	5	10	4
373	586	433	423	572	376
334	459	344	250	352	269
15	20	6	2	11	9
415	569	514	351	352	234
87	134	114	65	57	44
0	4	0	2	3	0
51	72	47	44	46	30
3332	3677	3827	3815	3456	2771
743	944	945	1214	1090	698
466	615	576	471	558	452
333	424	418	334	398	293
159	209	211	169	193	125
487	531	563	544	571	406
778	854	866	840	803	702
1113	1454	1437	1384	1261	891
2846	3191	4182	3452	3726	2809
139	42	79	129	108	200
208	227	288	445	315	211
212	376	449	453	458	251
2045	2077	2605	3620	3192	2617
144	226	199	192	251	157
3355	3809	3928	3883	3992	3129
1965	2574	2580	2920	2677	1706
4666	5286	4537	4967	5276	3994
0	0	0	0	0	1
0	0	0	0	1	0
127	121	141	101	94	86
0	0	0	0	1	1
260	370	467	497	344	233
1	0	2	0	0	0
1713	2033	2039	2141	2098	1630
0	0	0	1	0	1
4915	6381	6991	4082	4286	2715
7324	7873	6720	6021	7251	6306
370	469	543	326	365	286
3620	4457	3378	3157	4186	3319
596	660	1029	1210	825	584
856	996	947	915	620	538
1033	1259	1225	1398	1315	904
15	21	22	15	15	11
12	8	5	12	6	6
1718	1918	1858	1827	1841	1501
177	233	239	181	190	176
0	0	1	0	0	0
1	7	5	5	7	3
428	458	492	441	434	336
303	584	432	483	363	189
2	2	1	2	1	0
36	51	53	45	42	30
1	1	5	2	3	8
2	5	9	2	2	1
0	2	1	0	0	0
31	28	27	31	43	26
0	1	0	1	1	0
168	234	260	262	236	138
120	156	128	124	140	146
1	1	0	2	1	0
2	4	1	7	1	0
809	942	1183	1014	991	781
2445	2574	2625	2524	2643	2107
50	100	90	96	83	61
195	225	205	188	231	199
1113	1135	1303	1401	1320	1065
631	881	907	860	723	555
10544	13092	11560	9845	10505	7103
37	78	71	64	71	33
286	267	340	274	317	257
0	1	3	0	0	1
1	1	2	5	0	1
184	360	249	171	237	106
7	15	11	12	5	1
946	1092	958	178	165	137
10432	9694	9702	10578	10555	8857
4	0	5	2	0	0
106	141	134	40	31	22
35	38	20	9	9	16
1	1	1	0	1	1
185	213	128	19	26	31
1072	1184	1270	1012	1093	901
341	411	427	377	372	330
0	2	3	2	1	2
1242	1378	1648	1400	1392	1111
648	692	627	480	566	373
1	3	1	4	1	1
1312	1505	1584	1561	1569	1157
752	1010	921	937	970	686
4	24	19	9	14	3
62	93	77	69	40	41
1397	1810	2163	2832	2573	1646
19	13	25	20	24	11
18	12	8	6	8	1
15	26	13	20	19	15
7	13	10	0	2	1
22	29	19	2	4	4
608	724	693	587	620	504
5187	5445	5118	4970	5327	3978
2951	3227	3083	1411	954	826
186	177	156	43	33	37
3	5	2	1	3	0
237	332	241	137	124	120
1739	2072	1989	1870	1802	1305
0	1	0	2	1	0
213	323	326	290	293	148
274	318	260	255	279	213
0	0	0	0	1	0
1	1	1	0	0	0
453	593	438	435	402	323
11	25	17	6	7	8
302	369	351	135	189	104
934	1057	952	704	714	580
1285	1391	1353	1372	1401	957
124	137	93	176	105	108
0	0	1	0	0	1
10	15	9	9	10	4
175	196	196	195	152	146
1	4	4	0	3	0
1	2	6	2	6	0
0	2	10	12	7	2
0	2	0	2	3	1
2	13	7	10	3	1
0	1	0	1	0	0
19	10	20	2	14	8
2	1	1	0	0	0
159	174	81	44	105	114
33	70	71	51	51	13
0	1	1	0	1	0
594	707	532	518	774	544
2	1	0	0	0	0
1	0	1	2	0	1
1	1	0	0	2	0
34	51	43	39	46	42
1317	1378	1359	1243	1201	843
235	374	255	150	178	148
259	301	210	114	153	145
2997	4348	6045	6311	5782	3700
88	136	149	175	162	97
471	660	977	1131	948	608
69	76	105	104	100	69
65	81	125	113	99	72
334	487	618	637	713	358
242	374	420	510	446	349
433	631	823	1379	1173	644
3	2	4	0	4	1
469	634	786	1125	980	558
46	66	80	97	106	42
93	165	223	265	263	162
91	156	194	206	186	96
380	533	741	685	673	475
576	796	1003	1333	1233	711
99	126	165	159	207	110
846	1330	1651	1786	1709	1155
1615	1953	2646	2430	2542	1780
420	602	937	973	914	549
465	598	807	872	802	516
84	154	147	164	163	99
115	114	96	98	85	85
5	7	2	5	1	2
410	552	572	555	490	331
193	206	252	205	185	153
605	756	687	704	648	519
6	6	2	3	0	4
752	1000	1049	1054	1028	605
472	778	862	862	686	429
1469	1736	1941	1468	1376	1120
26	44	33	13	13	17
238	319	240	215	216	149
473	496	338	225	263	223
42	49	67	66	79	42
251	256	290	221	153	125
2	1	2	3	2	1
175	194	185	234	222	151
1473	1895	1691	1634	1674	1124
0	0	1	0	0	0
2683	3089	2778	2728	2984	2418
2151	2411	2855	3118	2568	1947
12	15	17	20	14	17
7025	9256	10429	11315	9593	6502
0	1	1	0	1	0
122	150	155	133	104	68
720	744	662	728	730	636
199	266	245	265	241	199
3	4	4	0	6	2
428	398	469	455	420	387
3075	3512	3316	3235	3441	2672
993	1527	1352	1487	1340	765
2881	3506	3474	3971	3378	2618
6	4	0	9	6	6
200	253	260	251	211	181
517	665	692	656	756	462
253	306	306	296	297	221
2650	3274	2899	2718	2898	2196
140	144	153	183	164	155
877	1101	1063	761	828	630
249	270	243	257	275	156
165	241	134	77	99	64
408	469	437	428	411	313
8	18	15	5	6	3
24	28	23	27	29	13
24	50	24	14	44	50
1	3	9	1	0	1
5204	6348	6553	7153	8086	5382
2055	2488	2368	2350	2326	1767
5	3	5	4	8	3
149	219	173	176	235	145
3106	3397	3573	3651	3908	3053
1	1	0	1	1	1
214	342	449	425	377	197
17	16	26	27	29	24
430	619	584	533	541	364
0	0	1	0	0	1
3278	3681	3706	3655	3457	2708
40	53	64	64	68	32
328	679	533	411	443	254
482	676	690	706	591	418
187	235	325	259	232	152
19	34	32	16	38	27
2666	3263	3109	3145	2976	2204
917	1261	1504	1370	1263	805
15	22	27	19	29	10
98	105	90	93	91	105
1	2	3	8	3	1
937	971	886	852	839	665
14	24	33	36	14	19
0	0	4	23	7	2
532	668	745	762	637	441
25	33	41	30	26	13
10038	11136	14227	12499	12135	9363
123	120	120	230	137	125
6	11	9	6	3	11
67	58	70	55	42	44
1	0	0	0	1	0
319	302	298	293	300	270
136	157	155	162	145	124
538	589	715	681	652	462
2439	2684	2744	2911	2646	2047
22	24	18	6	13	22
124	174	271	411	310	228
140	208	196	205	186	135
633	648	672	783	671	528
8	9	16	18	8	17
25	36	39	33	22	30
125	139	99	86	67	56
8	5	4	2	6	1
8	7	7	12	4	11
54	73	79	50	69	45
0	1	0	0	1	1
0	1	3	0	0	0
210	226	228	238	226	189
18	17	22	21	13	17
128	169	178	171	200	126
1145	1163	1156	1172	1143	960
45	42	53	42	39	39
1928	2442	2344	2746	2370	1661
69	77	73	82	90	67
196	240	262	232	247	180
1	0	0	2	0	0
71	89	86	96	91	66
0	0	1	0	1	0
6552	6979	6254	7621	7576	5505
1226	1554	1594	1476	1517	1123
424	481	511	522	480	391
0	0	1	0	0	0
4705	5218	5945	5728	4553	3741
9	18	16	14	22	11
634	661	867	917	772	587
86	108	131	93	108	74
1136	1058	892	1039	1071	950
1	0	0	1	1	0
2021	2119	2304	2257	2226	1710
1	1	8	13	6	1
0	1	0	1	2	1
3	7	8	3	5	3
798	903	1081	957	919	670
1955	2373	2258	2172	2179	1757
2806	2943	2950	2799	2691	2220
35	48	67	102	70	32
412	448	522	516	499	309
0	0	0	1	1	1
92	142	128	95	132	66
1021	1049	1191	1218	1172	908
206	297	306	282	319	231
185	270	384	414	294	146
1272	1402	1437	1478	1279	1118
10	6	14	16	8	8
98	84	84	95	88	65
1558	1487	1516	1492	1382	1220
22	3	8	19	5	12
1	4	1	4	6	3
3	3	1	2	3	2
440	684	688	712	618	403
9	10	5	4	8	3
4111	5218	5313	5153	5616	3873
15	27	9	2	0	2
167	210	266	194	225	175
5467	6012	5641	4976	5050	4243
0	1	0	1	0	3
774	1018	1039	966	1493	939
878	1013	1237	1163	926	775
37	31	39	42	35	30
347	417	408	408	371	283
550	644	596	497	568	462
772	967	858	1031	1067	794
344	444	384	412	411	290
644	868	875	893	850	584
1	0	0	2	1	0
41	30	60	49	60	39
1403	2196	2114	2985	2657	1524
1128	1297	1584	1838	1480	1020
7	15	25	20	18	12
3	7	10	8	17	11
1	5	11	11	19	7
240	323	328	403	392	281
272	241	266	294	285	289
0	0	2	0	0	0
16	14	11	21	21	20
51	58	49	125	96	84
24	17	30	27	22	11
0	0	0	1	0	0
172	242	202	296	300	228
227	270	243	268	277	233
2333	2777	2880	2945	2715	2100
301	351	443	466	423	315
37	43	38	71	76	60
614	616	699	675	632	488
675	712	748	756	747	685
5	2	2	3	7	2
415	553	532	486	528	399
96	101	92	105	124	63
976	1247	1328	1519	1288	933
6	8	8	17	12	10
0	0	2	0	4	2
6	7	5	15	14	11
2	0	0	2	2	6
0	0	0	0	0	1
25	27	28	178	130	57
29	42	49	59	41	32
1	0	0	0	0	0
63	52	65	76	70	63
0	0	0	0	1	0
0	0	1	0	0	0
5	4	5	18	33	12
301	410	312	333	302	267
15	9	12	19	15	19
385	583	526	644	653	425
39	39	67	50	45	39
881	1111	1082	1397	1177	821
525	662	774	813	793	518
15	7	4	10	4	1
0	1	1	2	1	1
13	6	12	2	0	0
148	210	189	256	213	173
0	0	1	0	0	0
0	1	0	1	3	2
836	979	931	1107	1176	832
306	474	380	350	428	299
872	898	895	943	966	776
4998	6191	5818	5743	5180	4175
2987	3239	3030	2901	3348	2890
3	1	4	3	16	5
4	3	9	7	5	1
635	697	758	925	921	654
593	1033	932	946	939	541
897	1046	1054	1309	1207	864
657	840	755	831	947	719
269	336	346	351	309	250
1476	1529	2355	1876	1763	1340
174	215	230	279	238	127
239	241	357	699	540	381
185	186	211	169	193	171
75	91	120	140	97	57
11	15	10	9	10	7
83	87	81	54	90	59
276	252	299	308	280	207
1	1	4	2	1	4
173	228	190	166	198	162
373	512	558	452	430	296
576	760	802	648	697	482
67	99	100	82	78	54
565	853	869	834	764	472
13	10	17	21	17	8
0	1	4	2	1	0
2	5	2	4	1	1
4362	4783	5030	4766	4368	3326
76	130	127	128	131	82
269	416	610	179	204	112
1925	2286	2205	2163	2005	1640
19	18	51	105	98	65
1	0	0	0	0	0
1014	1117	1444	1340	1263	1032
192	228	182	218	241	197
260	370	270	241	288	242
1469	2097	1890	2161	1805	1064
6	1	1	2	1	0
192	283	242	254	312	189
76	121	120	163	138	77
2	0	0	1	0	0
52	53	49	20	50	53
2	2	0	0	1	1
2060	2504	2201	1980	2199	1636
4	17	8	0	14	14
1173	1431	1269	1515	1267	1012
224	298	248	215	214	165
511	751	790	728	1034	683
1757	2034	1965	2130	1940	1475
1	0	2	0	0	3
39	34	57	64	52	35
181	212	211	270	226	142
1402	1675	1679	1699	1552	1122
5	15	8	7	9	5
1124	1284	1256	1646	1467	1041
2171	2532	2182	2690	2312	1743
1291	1519	1672	1472	1659	1217
47	41	34	94	54	46
1696	1835	1787	1642	1673	1344
173	186	206	200	184	162
2	4	1	2	2	1
284	323	238	251	269	212
1	3	9	4	5	2
1	0	2	0	0	0
1	2	2	1	0	0
184	257	264	186	205	126
1343	1598	1605	1529	1556	1191
89	118	130	99	92	69
30	39	25	47	25	18
646	813	807	740	725	498
221	260	266	283	285	192
376	391	492	405	404	306
60	64	71	77	68	46
15	29	48	32	31	20
156	128	209	150	205	131
28	49	39	45	42	25
937	1157	1137	1186	1027	850
0	0	1	0	0	1
252	359	316	231	338	263
130	176	153	125	160	134
7139	8032	7164	6720	8010	5956
56	59	42	41	24	18
23	47	28	33	24	34
73	95	88	85	96	61
220	228	221	219	243	219
15	5	15	11	8	12
391	480	467	468	528	433
1899	2300	2057	1525	1604	1429
610	717	682	680	682	570
632	814	732	778	694	489
6521	6880	7016	7239	6341	5096
1221	1515	1460	1388	1362	1123
8	19	11	10	13	6
599	615	669	610	578	473
13	24	33	70	45	11
0	5	2	3	0	3
801	893	1043	1226	1075	805
2	0	2	6	6	8
1056	1255	1256	1250	1101	873
452	499	465	596	541	404
1029	1190	1233	1217	1079	839
91	73	80	98	89	89
10	8	8	9	8	1
429	458	370	338	433	388
6	9	8	8	5	2
1	6	1	1	1	3
2396	3053	3346	3489	3217	2413
2270	3399	3171	1254	1588	989
118	193	158	187	191	145
868	1329	1109	1303	1230	711
810	848	883	828	871	706
4785	4919	4744	5726	4821	3954
82	70	82	89	138	101
15	9	6	9	7	7
705	788	860	1111	983	757
1253	1614	1627	1724	1764	1214
103	144	154	171	143	122
1	1	6	5	4	3
436	449	514	508	464	427
2451	2588	2402	2254	2416	2087
62	91	97	98	98	55
3170	3508	3372	3203	3062	2536
4	5	11	4	1	0
1299	1539	1611	1709	1436	1141
1057	1737	1338	1160	1978	1307
904	1121	1046	1093	992	739
2	1	5	0	1	1
17	12	10	33	25	7
2	2	6	7	4	1
618	862	1026	980	944	596
30	50	58	138	85	76
121	172	157	126	121	68
1	0	1	1	0	0
3727	4028	3368	3231	3665	3182
1381	1588	1463	1492	1529	1095
497	587	485	210	253	232
49	42	25	37	40	31
3892	4777	3530	3707	4082	3059
551	599	610	653	682	484
4751	5777	5649	5504	4648	3514
3	11	11	3	1	5
1085	1316	1257	1303	1275	889
2	2	6	4	3	3
258	229	212	281	310	228
0	0	1	0	0	0
0	1	1	2	0	0
2458	2992	2768	2089	2344	2109
0	0	1	5	1	0
0	1	0	2	4	0
13	6	5	11	14	15
506	737	761	553	826	566
392	570	617	485	694	471
0	0	0	0	2	0
290	340	314	267	338	246
95	94	69	34	38	47
275	368	417	353	290	169
51	35	59	63	68	43
0	0	2	0	0	0
1874	1970	2024	1767	1991	1590
321	470	405	472	457	277
57	71	70	66	43	27
590	728	725	874	724	494
371	540	561	515	467	298
248	287	287	275	272	224
4633	4898	5057	5131	4427	3885
129	169	128	82	111	116
588	655	449	343	342	282
376	534	364	382	373	212
30	49	60	37	65	34
6	4	2	1	5	2
121	138	405	1073	424	224
88	121	187	236	164	116
210	228	339	402	260	244
0	2	2	1	2	0
3	13	12	9	6	2
263	270	333	275	247	218
5	8	9	11	5	2
92	118	107	102	128	88
3977	4278	4790	4903	4285	3322
102	123	99	119	110	108
3	3	8	12	2	6
0	1	0	1	0	0
1	3	1	6	0	1
2489	3165	2689	2507	2444	1638
1421	1557	1333	1767	1975	1569
5	2	1	11	13	8
4	4	4	4	6	4
235	251	316	335	284	204
0	0	0	1	0	0
3256	4812	5092	5981	5091	3028
0	1	6	0	0	1
33	73	88	121	80	33
293	289	234	338	334	271
827	1159	1009	862	917	661
37	53	42	20	16	30
332	330	410	257	308	246
3	1	4	2	3	2
36	24	95	193	114	158
22	33	35	28	61	48
234	284	270	323	313	196
1381	1393	1541	1622	1525	1291
7990	9321	9498	4685	5140	4024
633	674	727	713	682	527
6	9	13	12	15	8
1838	2246	2469	2205	2184	1475
80	143	182	203	173	110
416	573	412	66	93	92
190	170	167	187	177	153
0	0	0	1	0	0
658	767	712	906	963	674
0	0	1	0	1	2
5517	6255	6096	6460	6098	4483
0	0	0	0	1	0
1	3	2	19	7	3
16	31	17	32	65	28
220	274	219	239	259	214
120	134	117	281	243	126
392	419	461	486	455	356
981	1220	1241	1348	1333	981
1	1	0	2	3	1
0	0	0	1	0	0
136	126	121	122	134	115
1293	1384	1281	1830	1742	1424
0	0	1	0	0	0
124	173	151	174	172	139
275	321	338	379	339	228
1	0	0	0	1	1
314	476	514	588	521	295
1	2	1	2	3	9
13	16	31	16	20	4
1194	1477	1479	906	1005	782
1182	1448	966	671	897	735
1045	1363	1196	1548	1242	912
1118	1767	1688	1381	1267	773
0	1	3	0	0	1
19	32	15	15	11	13
4	7	4	6	7	13
38	39	62	46	46	57
146	187	202	195	185	157
2703	3367	3301	3435	3256	2585
8	6	7	5	12	7
4291	4813	5878	4892	4886	3993
608	610	615	588	572	511
559	581	500	588	557	491
179	233	180	145	173	107
2411	2691	2638	3105	2937	2095
2796	3797	3646	3976	3859	2608
1419	1757	1377	1343	1432	1029
0	0	1	0	1	1
9	6	17	46	44	36
1	0	0	1	2	0
276	206	221	143	166	151
614	702	672	557	592	524
484	506	569	832	660	517
112	75	107	51	25	34
0	0	2	0	0	0
440	498	528	519	529	403
697	905	868	1069	880	631
976	1242	955	1324	1428	1011
1	0	0	3	1	0
167	207	195	309	237	154
1	8	5	8	4	2
5	2	1	6	4	4
364	397	469	474	490	319
143	212	206	219	221	157
2	0	0	0	1	0
17	18	9	9	9	14
0	1	0	0	1	0
0	0	0	0	1	0
626	711	733	746	773	619
212	309	329	514	459	277
0	1	2	3	5	2
603	864	783	859	789	464
0	1	0	0	0	0
0	0	1	0	0	0
7	10	5	2	6	6
0	0	2	0	0	0
50	60	63	88	108	76
1305	1581	1313	1450	1499	1150
0	0	0	1	0	1
1724	2007	1698	1448	1644	1150
1654	1562	1415	1671	1789	1452
107	147	98	89	93	104
17	20	1	1	2	13
169	348	254	337	337	222
0	2	0	0	0	0
50	62	60	65	38	43
2	0	0	0	2	0
471	703	492	475	481	349
39	51	49	68	75	55
187	190	204	204	179	145
3907	4640	4171	4451	3987	3257
37	36	19	28	12	25
663	673	561	603	708	549
3	3	6	2	0	3
14	30	25	22	19	11
3804	5250	3389	1198	1561	1042
61	79	36	10	17	27
199	185	159	139	147	153
1283	1585	1338	1391	1418	966
545	911	742	639	686	393
142	152	170	181	215	152
1	0	0	0	1	1
877	965	1021	1016	945	712
633	806	762	757	663	551
18	37	26	37	24	21
95	122	140	112	100	84
3153	3469	3240	3180	3451	2693
4528	5330	5322	5041	5210	4201
3459	4070	3739	3786	3611	2748
0	0	1	0	0	1
16	14	16	28	26	13
1	0	2	0	3	1
4489	5208	5312	4365	3670	2710
419	539	542	555	552	437
4401	4870	4712	5046	5245	3839
53	51	28	2	8	1
16	16	21	28	20	12
0	0	0	0	1	0
797	1113	1155	1215	1234	774
710	955	1098	1144	1059	642
0	1	0	1	0	0
10	13	7	26	12	16
0	0	0	1	0	0
2719	2921	3278	3463	2786	2298
0	0	1	0	0	0
0	0	0	0	0	1
14	14	9	6	12	6
3	2	4	8	6	4
0	1	0	0	0	0
0	0	0	1	0	0
5475	5860	5395	5310	4866	4178
528	721	632	705	764	554
3618	4358	3231	2789	5242	4562
362	459	480	430	437	346
410	396	372	385	451	376
16	31	32	26	18	12
1	0	0	0	0	0
7	8	13	17	8	4
224	232	203	216	200	182
4063	5471	4753	5234	5094	3261
0	0	1	0	1	0
0	1	1	0	1	0
2	2	5	9	6	4
0	1	0	0	1	0
3	1	1	0	0	1
0	0	0	0	0	1
15	24	31	28	47	27
0	0	0	0	1	1
1	0	0	0	0	0
0	0	0	0	0	1
12	7	5	0	0	2
466	545	161	40	86	121
697	768	773	744	806	628
2	1	2	5	5	7
121	122	130	192	115	124
11664	13616	12253	15817	14921	11073
2616	3355	3231	3473	2934	2093
10	14	12	19	18	12
45	58	59	98	72	41
2037	2361	2484	2392	2403	1784
0	2	8	3	1	0
0	0	1	2	0	1
0	0	1	0	0	1
1019	1264	1255	1228	1191	856
538	707	796	1217	1087	749
1	0	1	1	1	1
7	11	17	24	29	13
1341	1802	1909	1989	1946	1440
85	119	128	111	106	104
4961	5730	6052	5094	4405	3244
735	1023	908	1093	1023	795
0	0	0	0	0	1
58	115	96	104	102	67
0	0	0	0	0	1
0	0	0	2	0	0
0	0	0	1	0	2
220	332	280	266	296	174
458	537	553	513	513	420
4	6	20	29	46	31
9	13	12	11	30	19
107	120	135	105	131	74
74	111	108	85	80	85
149	145	146	172	145	130
1	2	1	0	1	0
2	4	2	5	5	1
5	8	22	72	34	17
0	0	0	0	1	0
0	1	1	2	0	0
21	39	14	6	14	12
14	10	14	15	7	7
25873	27930	25509	28763	27520	21606
9789	10134	8911	9576	9681	8410
1613	1958	1757	1751	1849	1419
0	1	1	1	2	0
3949	4502	3874	3896	4179	3035
533	789	877	880	739	454
1433	1473	1431	1440	1479	1250
0	0	0	0	0	1
235	292	290	235	296	257
1	3	1	0	3	1
425	519	524	556	523	401
29	44	52	41	48	31
234	276	241	302	290	215
12	12	8	5	3	0
0	2	2	5	2	0
96	123	148	254	263	167
1508	1774	1863	2200	1910	1322
1	0	1	6	2	1
3	2	1	9	4	1
270	284	374	831	475	371
1	3	7	8	2	0
5223	6476	5597	3701	4475	3477
236	322	315	630	460	311
0	0	0	1	1	0
450	521	534	1045	757	575
1197	1194	1395	1739	1250	1072
11	13	8	20	9	23
3	1	2	4	1	2
0	0	0	0	0	1
7084	7961	6636	3990	3090	2695
1058	1196	1449	1589	1278	855
606	838	1025	941	763	536
316	404	477	439	432	325
3	3	10	11	11	3
0	0	1	2	1	0
17	19	26	41	25	14
5	4	5	27	22	30
0	0	0	1	0	0
47	58	40	28	51	29
23	18	17	34	23	10
653	933	867	928	916	656
573	821	756	917	884	686
0	0	2	1	2	0
775	1059	1030	1217	1163	738
8	13	11	25	29	8
448	589	578	626	594	408
60	128	64	75	271	178
4	11	8	9	14	6
0	6	0	1	0	0
45	58	50	80	68	47
1	1	1	2	0	1
0	0	1	1	0	1
205	284	216	277	320	252
254	318	289	246	298	261
4	1	1	1	0	0
1247	1709	1395	1544	1459	945
0	0	1	0	0	1
6205	7318	8464	7389	8072	5943
62	67	66	67	85	50
5423	7731	7328	6719	6571	4288
351	556	628	539	535	346
543	724	856	908	793	517
890	1137	1045	998	990	775
107	132	157	213	158	101
1	1	5	2	2	2
0	1	0	0	1	0
1591	1790	2284	1829	2256	1587
5	13	11	8	8	4
1134	1484	1409	1734	1555	1029
9	6	11	10	4	4
1546	1956	1692	1660	1702	1265
60	57	68	79	65	66
173	278	244	225	236	135
35	51	50	53	50	36
3	0	0	1	0	1
79	120	82	99	105	61
1	0	4	0	0	0
4	0	0	0	1	4
0	0	0	0	0	1
88	64	82	79	71	61
38	72	71	73	81	51
75	74	125	126	149	82
73	106	135	119	121	85
142	234	310	289	246	199
13	22	24	47	36	12
102	139	161	175	146	98
16	19	35	90	41	26
408	385	435	510	435	366
144	237	311	277	229	142
1048	1307	1219	1280	1241	966
1264	1539	1533	1686	1313	870
780	1009	851	1214	1076	717
740	850	793	791	781	616
193	195	226	232	223	166
2683	2906	2546	2464	2925	2275
9	6	10	10	8	8
2	7	3	0	1	0
4375	4556	3890	3622	3658	3074
3	2	14	18	8	3
908	970	1032	889	984	713
833	873	832	879	841	638
3520	4467	4051	3505	3705	2450
1079	1313	1229	1129	1193	972
4249	5020	3706	2556	2947	2399
191	243	223	160	222	130
709	945	875	790	902	612
721	834	632	418	725	679
1427	1761	1808	1838	1827	1371
18	29	20	29	14	11
347	421	463	330	349	257
1011	1094	1215	1062	995	793
151	150	151	126	102	93
200	221	272	201	208	147
1	0	0	4	1	2
4	16	1	7	1	2
2	1	0	1	0	4
145	88	76	48	27	65
114	158	64	67	98	73
3	5	2	1	0	1
332	400	415	215	245	196
1	4	8	5	2	0
247	282	219	223	237	190
115	120	95	23	42	29
102	121	103	64	66	40
1	0	0	0	0	0
64	116	87	89	100	64
4050	4472	4593	4773	4246	3405
531	590	609	560	533	475
0	0	2	4	1	1
1	2	3	2	1	1
2944	3403	3583	3424	3187	2077
802	1318	1073	952	1067	709
0	1	0	0	2	0
11	6	11	10	10	12
320	370	369	332	336	250
328	372	326	287	314	253
1794	1838	1478	1425	1869	1553
399	361	237	182	180	170
50	38	41	32	20	26
1	2	0	3	1	1
428	577	505	589	534	354
1434	1793	1575	1581	1653	1289
197	195	227	260	211	173
397	450	483	518	471	396
106	174	201	190	134	76
32	37	20	6	6	13
569	738	556	458	475	391
774	874	1005	945	831	602
857	1224	1276	1098	1000	723
1775	2158	2109	1955	1780	1339
286	389	406	420	421	306
11	9	5	0	0	3
44	60	39	14	17	24
620	745	740	820	673	566
159	203	134	137	157	128
727	823	793	783	736	643
0	4	1	0	0	0
1208	1400	1194	972	1123	872
775	949	864	702	694	515
10587	12651	11429	7998	8325	6633
375	611	611	408	477	298
552	532	640	652	633	507
6548	7871	7412	7191	6878	5242
661	761	776	698	665	522
3870	4430	5197	4977	5074	3648
1860	2037	1744	2199	2103	1607
207	270	241	226	252	197
239	261	302	281	289	239
1889	2052	2127	1950	1890	1526
386	656	500	318	370	182
229	353	294	343	347	240
46	89	77	30	47	30
625	793	746	640	674	488
9191	9842	12421	11221	9751	8043
3783	4323	4113	3628	4080	2895
885	1067	953	1058	1092	838
186	233	353	510	303	219
1602	1969	2156	1815	1663	1168
444	460	409	371	406	365
3	3	1	1	6	1
3	3	1	0	1	5
975	1383	941	354	434	375
22	34	26	5	6	10
3090	2937	3020	3353	2900	2335
285	285	345	336	279	194
503	645	673	644	625	463
190	227	185	211	196	155
752	831	1011	868	731	457
2184	2250	2426	2631	2885	2207
23	16	33	31	39	26
245	286	310	184	127	148
654	832	858	861	808	634
11	8	15	3	3	1
641	741	641	758	666	528
14	19	20	30	26	14
29	64	74	67	67	34
299	333	396	334	295	234
1832	2090	2292	2064	1892	1312
3989	3683	3469	1775	2348	2117
0	0	1	0	0	0
1505	1592	1753	1647	1489	1324
0	4	9	4	2	1
0	0	1	0	0	1
470	599	528	498	476	321
314	377	471	417	319	286
354	417	376	404	409	331
1	5	1	3	1	2
105	143	169	131	132	94
4114	4356	4387	4075	4036	3134
43	55	61	39	21	28
338	413	550	447	286	223
28	32	45	42	42	18
14	6	5	13	9	8
0	0	0	1	0	2
18	26	18	21	15	16
4	5	0	0	1	2
10	7	3	0	0	1
109	128	78	41	50	45
138	173	137	81	90	95
6	4	9	9	6	3
5	1	5	0	1	3
1778	2285	2240	2350	2197	1408
15492	16748	16176	15722	15376	12426
734	995	924	1025	1015	629
168	210	218	276	258	175
1394	1802	1742	1694	1625	1243
2332	2651	2756	2551	2538	1904
15	9	9	6	6	7
3	3	1	1	0	3
11	22	18	22	12	9
16	21	23	29	19	12
3431	4026	4272	4231	4340	3340
17	13	26	34	41	30
59	38	38	44	52	52
667	872	824	902	776	578
1743	2439	2128	2342	2140	1333
178	247	268	259	240	162
62	101	90	84	112	68
68	79	56	34	35	42
1	2	7	6	3	5
18	25	23	32	18	13
1483	1671	1630	1534	1619	1193
287	465	488	506	458	256
224	254	275	263	274	256
413	633	502	671	597	365
111	92	100	144	158	88
540	592	683	604	626	448
430	563	522	534	579	424
778	1002	1005	1082	1186	814
1062	1147	1103	1035	1168	985
1128	1463	1274	1204	1262	1035
7101	8597	7476	6234	5776	4241
128	165	214	192	149	147
171	210	310	403	318	193
84	119	98	72	63	54
236	433	391	235	404	259
5783	6767	6452	6959	6623	4980
587	601	653	663	673	505
2031	2387	2748	5061	4178	2786
159	186	161	130	158	93
3	3	6	3	4	5
79	73	93	116	112	70
10	6	10	46	26	15
733	675	940	1330	1049	847
302	363	379	375	428	305
0	0	2	3	0	0
348	420	397	422	471	293
309	455	441	625	600	410
55	42	51	61	52	31
2	0	2	1	0	0
1	0	1	0	0	0
775	1006	1130	1127	995	665
481	719	545	583	483	363
2130	2676	2356	2364	2443	1947
3432	4671	4579	4727	3955	2659
1406	1878	1565	1395	1637	1143
1	0	0	0	0	0
2867	3024	3223	3077	2601	2193
6	15	10	18	16	12
267	346	360	346	310	231
157	192	210	204	211	132
1	0	2	8	5	4
28	58	48	34	31	33
1048	1221	1274	1329	1206	914
174	210	236	272	294	196
506	722	737	725	703	498
242	292	314	261	278	206
322	256	255	503	421	298
5000	7043	6694	6480	5932	3767
2444	2976	2722	2942	2673	1979
83	120	119	86	67	70
284	295	239	243	248	213
178	218	210	248	198	136
367	382	405	407	333	269
570	576	615	637	585	486
570	664	658	639	596	500
830	868	928	937	889	773
199	248	283	223	202	169
686	912	953	850	832	586
47	59	36	27	52	35
259	304	380	370	340	234
762	919	1032	1099	1075	703
1	0	1	2	0	1
3167	3749	3628	3556	3285	2307
626	797	691	604	698	564
30	32	28	47	52	30
1571	1704	1710	1648	1518	1261
1354	1614	1348	1312	1274	933
641	799	788	844	699	523
3	5	6	7	2	0
16	27	25	14	22	19
162	241	265	259	223	143
378	366	337	399	469	306
25	36	21	5	13	7
494	874	692	495	699	431
28	19	25	19	26	29
30	14	23	15	17	31
134	134	140	204	150	126
10772	11847	11764	11663	11474	9522
25	33	22	20	22	25
2452	2737	2723	2598	2472	2005
208	321	293	170	205	133
84	93	105	107	114	85
1	0	0	4	1	0
574	524	593	658	628	530
438	522	424	536	553	381
586	722	650	619	657	500
12380	13912	13485	13570	12576	10726
580	731	796	668	662	472
91	96	66	65	68	38
1336	1459	1549	1420	1309	1151
210	260	266	228	206	188
4	4	1	2	2	4
648	989	868	797	812	563
241	335	253	233	240	182
251	294	278	263	340	184
539	541	547	590	558	440
608	674	498	624	563	535
22	48	29	27	38	23
466	641	578	464	539	327
1198	1374	1299	1199	1260	955
1368	1604	1737	1633	1696	1164
773	844	931	858	814	689
11	14	16	11	11	9
775	1058	828	1034	1047	695
94	73	76	123	89	70
342	357	387	419	369	252
105	95	119	190	139	122
8	6	1	2	3	2
2944	3220	2921	3884	3989	3022
870	993	982	918	856	735
97	117	150	123	92	72
1	3	0	5	1	1
1133	1109	1017	1054	1167	971
14	21	18	8	5	14
4122	4713	4626	4588	4733	3750
401	498	442	512	497	381
0	1	4	6	1	4
1	0	0	0	0	0
225	195	185	245	193	202
618	773	669	349	440	488
48	116	69	43	71	40
475	515	475	474	438	382
51	100	106	103	84	46
816	849	802	738	810	688
145	167	146	120	143	119
36	57	29	30	44	19
97	167	76	72	96	65
471	769	707	627	705	378
578	594	725	678	612	525
6707	9246	8791	9101	7898	5313
53	45	33	23	40	35
348	325	343	281	322	337
2	3	5	0	1	5
401	416	439	448	451	337
1874	2351	2113	1885	1826	1380
2274	2514	1629	908	910	873
299	376	282	277	332	243
1016	1361	1434	1377	1217	841
315	390	393	293	248	208
0	0	1	0	1	2
4109	4930	4417	4483	4639	3546
29	19	19	15	8	7
2514	2748	2934	2559	2771	2264
8674	10138	8997	8925	8928	7024
48	94	95	76	64	42
74	65	84	58	82	88
285	333	305	377	318	221
1	1	1	3	1	0
0	2	1	1	0	4
188	318	383	222	184	122
422	459	531	534	572	365
1053	1164	1205	1078	1129	838
129	143	183	185	167	121
8	14	29	19	22	23
616	701	675	731	650	584
20	26	37	19	29	12
659	778	699	757	853	625
10	6	11	21	10	11
58	69	85	47	68	50
493	573	608	597	510	394
10	13	6	5	6	2
549	592	618	572	592	425
557	785	753	651	651	447
9	7	13	40	18	13
417	504	510	368	432	341
128	177	165	141	125	109
169	286	231	313	228	138
2	9	9	15	10	3
1	3	1	8	3	2
45	44	33	45	50	17
8658	8838	9568	11516	9808	8406
371	428	510	557	442	363
130	175	193	233	197	113
1231	1739	1373	1322	1294	913
27	48	23	33	47	27
148	139	167	165	144	122
2413	3016	3096	2975	2891	2086
866	1189	1032	1093	1044	808
0	0	1	0	0	0
1	4	3	1	3	2
262	289	337	366	300	205
1471	1812	2035	967	787	490
16	18	27	14	19	10
2	2	0	1	1	0
0	0	0	0	1	0
1	16	4	11	5	0
226	330	273	284	298	165
94	170	168	131	109	66
597	734	631	594	612	415
193	192	279	257	191	154
870	1267	1188	1374	1306	775
294	208	177	280	222	257
10	8	12	18	9	14
0	0	0	0	1	0
399	452	438	399	393	344
619	771	779	758	751	526
91	126	144	171	186	97
3471	4093	3679	3513	3689	2808
8603	9363	7845	7861	8742	7391
923	805	768	643	753	803
768	929	920	919	920	619
583	707	764	666	651	452
37	47	38	41	38	31
1	0	2	0	0	0
271	354	375	404	382	293
246	328	322	325	290	175
24	32	27	23	19	21
1043	967	819	728	975	966
0	0	0	2	2	0
249	360	297	310	318	218
174	303	280	328	266	191
76	132	113	108	97	78
29	49	45	44	26	19
1322	1636	1975	1588	1938	1466
23	27	17	13	9	9
613	777	627	647	693	531
1831	2083	1991	1714	1464	1204
1256	1246	1310	1559	1378	1116
620	669	688	619	694	605
137	138	153	148	118	134
0	1	0	0	0	0
958	952	887	946	924	832
3	13	6	4	2	1
1	0	0	1	0	0
200	249	227	236	217	190
0	1	3	2	1	0
12	18	16	21	16	17
2293	2482	2545	2134	2314	1754
124	112	94	111	78	70
1	1	2	8	5	4
28	37	60	49	50	27
7	12	3	10	4	4
1458	1667	1416	1367	1285	1245
452	376	478	476	533	425
282	326	333	294	322	232
276	334	336	373	350	256
13518	15264	13774	14240	14627	11668
2	4	0	1	0	1
83	143	122	135	110	76
1	1	0	0	0	0
5	11	17	13	1	2
179	236	194	215	155	126
272	312	353	324	309	266
202	295	332	309	272	181
7	5	10	27	3	5
434	450	455	520	467	389
13	19	6	6	9	4
2	6	3	6	4	2
336	450	431	457	438	261
294	332	417	301	335	241
103	162	109	127	109	80
37	51	53	78	70	43
1	4	7	4	4	2
1014	1073	1114	1326	1140	902
122	158	167	215	225	126
4568	5696	4973	3437	4325	3405
496	575	654	675	650	427
28174	32505	31487	34478	33053	26222
4910	5535	4771	3914	3840	3296
1338	1765	1539	1414	1475	1049
382	548	459	397	425	331
0	0	2	2	0	0
253	441	429	418	434	240
40	47	60	38	66	32
1	0	2	7	1	1
345	475	396	425	415	298
298	275	294	271	283	210
33	45	49	21	34	30
655	870	874	774	739	558
36	47	46	30	32	44
1974	1842	1992	2182	2207	1845
3	5	3	7	4	4
171	210	168	154	190	147
438	649	610	606	589	378
1306	1487	1355	1330	1325	1061
0	0	0	1	0	1
876	879	854	823	866	732
292	345	365	320	398	283
1	0	2	0	0	2
1605	1818	1613	1717	1780	1428
1039	1412	1408	1443	1261	822
20	18	16	11	16	12
495	676	623	472	497	433
315	209	203	322	374	257
35	42	40	27	23	44
505	435	402	305	456	388
13	6	10	19	13	15
2839	3486	3420	3193	3235	2317
616	765	664	814	809	548
2	0	0	0	0	2
492	511	528	490	541	448
1021	1293	950	562	748	551
7502	8702	8581	8646	8080	6324
1120	1295	1392	1179	1182	1011
364	452	453	351	340	227
789	927	910	846	955	791
963	1042	1282	1036	1140	845
61	68	86	67	66	73
632	660	641	689	689	600
882	1186	1238	931	942	662
314	342	354	356	369	308
0	0	0	1	0	0
260	337	332	402	347	271
752	781	760	990	901	667
666	780	921	850	1008	625
1	0	2	0	0	1
502	710	575	705	708	430
5993	6771	8124	6856	7261	5399
14	16	21	16	10	14
571	524	684	738	723	640
308	337	395	338	320	261
271	339	313	339	382	252
1026	1107	1081	1168	1263	1067
6	6	3	6	1	4
1	6	4	7	3	3
5	28	18	8	46	37
0	0	0	0	3	1
0	3	3	0	1	0
691	1052	1094	1085	1057	648
6	10	8	21	30	22
1185	1156	1318	1263	1323	1058
3	3	10	24	25	10
269	253	213	256	271	241
1750	2194	2109	1678	1852	1387
1402	1619	1962	2431	1953	1476
26	51	62	48	46	29
2161	2702	2983	2869	2816	2080
1490	2020	1885	1835	1916	1275
29	21	23	14	14	16
1	2	0	0	3	0
6	6	4	9	5	7
5262	5545	5802	6051	4925	3910
119	116	81	96	100	98
1	3	1	2	1	0
776	974	885	392	447	327
0	1	0	0	0	0
2424	2994	2881	1838	1705	1187
4	14	16	9	12	12
1057	1206	1358	1195	1200	876
1448	1866	1924	2121	1915	1337
4	7	4	5	2	5
626	643	641	555	648	565
9	10	20	43	36	24
2	0	0	0	0	1
825	1161	1357	1295	1113	837
2	0	0	0	6	1
0	1	0	0	0	1
186	204	234	206	205	152
2	8	5	0	4	3
112	154	169	239	211	148
17	18	9	12	12	20
469	494	303	432	549	816
245	261	303	369	346	243
0	1	0	0	0	0
22	24	18	4	11	13
57	48	43	36	33	54
4	0	0	0	1	5
66	57	64	61	81	68
0	1	4	6	5	4
1508	1626	1537	1789	1863	1446
1543	1570	1820	1761	1973	1441
1	4	3	2	0	1
3	4	3	0	1	1
39	50	57	60	61	41
7890	8648	6627	5144	8294	7929
208	255	250	299	287	238
2	0	1	0	0	1
235	229	197	306	227	171
470	518	569	547	598	460
8	11	8	2	8	4
2	1	9	6	7	1
86	104	130	211	153	115
1213	1407	1745	1496	1508	1214
1208	1483	1476	1651	1699	1226
0	5	1	3	5	6
302	456	406	469	501	294
0	1	0	0	1	1
296	334	385	407	335	280
256	334	298	314	364	208
7	9	3	6	4	5
256	251	332	299	307	219
0	0	0	0	0	1
230	301	249	287	378	262
372	392	202	143	202	210
0	0	0	1	0	0
34	49	37	30	24	22
1778	2078	2085	2117	2103	1643
22	51	26	34	24	24
5	4	2	3	6	11
0	0	4	8	14	3
221	261	229	89	195	175
886	934	1061	948	912	765
1	0	0	1	0	1
3	10	9	5	1	7
424	450	453	538	505	417
4	0	1	13	14	8
1	2	0	0	0	0
926	1030	1021	1106	931	716
72	61	51	63	45	36
50	34	42	74	80	90
0	1	0	0	0	1
71	115	54	94	162	91
1	0	1	4	2	1
1	3	0	0	0	1
4	9	10	8	12	4
720	912	1122	779	869	656
920	1394	1337	1390	1289	784
1	0	0	0	0	0
2	5	4	24	10	7
1	0	0	0	0	1
470	537	518	427	583	516
1	2	0	0	0	1
65	122	83	102	119	64
338	388	411	411	369	296
566	608	625	519	543	432
0	1	0	0	1	0
3208	3372	3344	3245	3256	2642
3	5	6	10	20	9
2822	3315	3466	3389	3140	2435
22	24	24	15	15	9
526	614	658	746	729	550
33	25	16	14	34	17
2	0	0	0	2	1
1	0	0	0	1	2
4513	5453	4489	4498	4370	3374
337	555	641	1862	1582	762
55	54	105	266	90	96
593	714	748	709	883	587
0	2	0	0	0	0
34	63	57	37	27	15
31	60	27	18	11	10
2519	3135	3173	3573	3300	2407
14	43	22	41	42	20
229	409	233	307	365	235
356	470	435	483	433	317
23	27	20	26	32	22
1296	1508	1392	1479	1444	1130
356	485	393	468	430	315
580	572	566	574	599	501
652	816	734	889	808	540
651	611	657	709	722	683
4	1	4	1	5	4
5	4	4	8	2	6
0	0	0	1	0	0
154	138	114	187	127	165
568	615	906	1757	1252	805
553	616	550	563	641	475
0	2	3	6	3	3
736	947	846	838	814	608
185	149	159	215	137	105
24	21	16	44	28	24
1877	1935	2131	2038	1927	1595
2082	2222	2147	2011	2296	1875
28	51	39	76	65	48
289	419	368	550	535	340
628	597	822	936	1085	749
132	126	182	303	276	212
166	182	185	187	227	162
1	0	0	1	2	0
303	332	342	344	356	288
4017	5455	3464	3309	3967	3018
8	7	3	7	4	5
1	0	0	0	0	0
41	50	46	58	60	34
289	461	419	372	357	250
251	409	151	160	121	72
12	14	7	8	4	8
556	765	759	747	733	491
2789	3370	2835	3007	3250	2488
403	467	513	382	495	385
10	5	11	5	6	4
1532	1835	1703	1807	1847	1400
2	0	4	16	8	1
6	10	6	10	11	9
313	538	452	321	389	245
0	1	0	0	0	0
3784	3905	3310	3369	3771	3355
7	6	6	1	7	3
0	2	0	0	0	0
129	189	139	132	166	124
293	359	297	326	442	323
2182	2178	1868	1373	1603	1465
133	148	145	116	146	119
914	1502	1684	1910	1585	851
114	157	198	147	134	98
3732	4805	4669	5089	4515	3371
10	9	12	5	6	7
2	4	0	4	2	3
297	381	300	395	390	253
0	0	0	1	0	0
131	142	136	204	159	133
134	217	199	308	263	121
439	595	598	573	681	485
1	3	7	8	3	3
6601	6023	6556	7912	8472	7545
470	527	533	602	679	477
25	30	37	38	30	9
56	35	57	58	44	53
440	622	574	670	683	451
256	252	268	220	270	232
2	0	2	3	1	0
362	407	414	301	493	373
57	64	75	96	110	61
1971	2191	2431	2196	2236	1885
0	0	0	0	0	2
61	61	67	46	71	45
0	0	0	0	0	1
0	0	0	1	0	0
3	7	6	1	5	0
5	5	7	10	6	5
8	7	9	5	8	3
251	275	241	259	269	205
30	15	15	21	21	40
0	0	0	0	2	4
49	56	45	69	116	88
3	3	16	11	31	17
0	0	1	0	0	0
12	14	17	13	21	17
27	34	32	54	48	27
0	0	0	0	1	0
22	33	32	47	41	26
1	2	0	0	1	1
86	105	86	121	130	101
53	49	41	76	100	66
1698	2135	1938	2094	2091	1559
3888	4413	4242	4013	3756	2966
5510	6260	7019	7014	5168	4043
44	48	44	35	29	35
150	163	141	141	152	132
270	312	256	307	354	215
347	414	403	378	389	301
85	118	112	103	104	80
526	686	653	617	717	477
219	269	255	277	252	166
476	648	708	698	679	405
5	22	37	111	62	16
2	2	0	6	8	5
84	97	76	103	111	88
26	34	37	52	67	41
0	0	1	1	1	1
177	257	273	289	264	143
69	102	153	112	124	84
22	24	24	29	23	18
0	1	0	1	1	1
81	81	99	133	135	131
0	0	0	1	0	0
0	0	0	0	0	1
0	0	1	1	0	1
0	0	1	3	0	0
1	2	0	1	0	2
0	2	0	0	0	0
1	1	2	1	0	0
0	1	0	0	0	0
56	89	126	19	21	15
222	217	258	243	251	210
3030	3962	3353	2836	3102	2232
3242	4598	5251	5021	4290	2628
72	82	111	112	81	69
47	46	30	38	38	36
207	202	149	171	178	239
9	6	10	2	0	3
1946	2383	1862	1623	2147	1790
11	16	18	9	10	10
104	91	84	142	105	82
282	254	302	267	345	267
9	2	5	3	2	5
17	34	26	10	18	7
34931	40851	45167	46008	40656	31302
2905	3677	3646	3546	3469	2404
366	450	439	647	441	335
1717	2151	1798	1347	1191	911
72	132	56	40	104	70
0	1	1	2	2	2
13	21	17	5	16	10
5	5	3	0	6	3
1	20	3	8	13	7
0	2	1	0	1	0
50	79	68	63	52	46
5	11	8	1	8	4
3	11	1	7	8	1
1	2	5	0	1	3
2	0	2	0	2	2
22	8	25	34	71	40
374	449	379	395	462	347
3200	4036	4143	3943	3690	2696
4	1	1	5	5	2
5	2	16	25	10	4
10	10	14	12	16	5
3	7	1	3	8	6
41	48	41	59	102	79
2	3	2	4	4	3
18	11	30	34	55	49
190	230	267	499	377	233
50	73	67	52	54	31
555	765	683	632	705	442
58	93	69	109	113	45
679	769	617	685	636	427
20	20	22	17	23	17
342	357	387	372	355	272
5558	6999	6826	6904	6314	4923
27	14	19	18	5	17
11	20	18	11	5	13
0	0	0	0	0	1
6	12	5	20	14	7
0	1	0	1	0	0
2	2	3	2	4	0
1524	1775	1895	1535	1708	1338
571	682	685	720	660	454
295	366	422	514	424	328
2371	2864	2883	3165	3140	2322
108	98	129	171	155	96
0	1	1	0	0	0
0	0	0	0	0	1
0	3	8	5	7	2
66	104	88	87	83	56
2	5	8	16	7	1
122	107	114	128	135	102
294	328	355	452	391	299
30	52	28	24	39	32
2	0	0	0	0	0
364	405	531	812	729	535
216	364	269	353	333	177
10	14	7	16	10	12
16	24	20	14	15	11
417	546	513	383	397	305
9	8	1	2	2	3
7	10	7	12	18	16
4	15	22	9	17	7
23	28	19	7	9	4
1	3	2	15	13	5
3349	4220	4357	5312	4531	3027
0	0	1	0	0	0
1	0	0	5	3	4
3	0	0	3	0	2
1	3	2	7	8	0
244	300	401	767	626	412
1634	1898	1983	2081	1989	1532
0	4	0	0	1	0
1	0	0	1	0	0
1	1	0	1	1	0
71	91	66	54	84	78
303	224	422	722	538	423
45098	50144	48864	49359	45191	34759
0	1	1	0	0	0
0	0	0	0	1	0
1	0	1	1	5	1
213	234	262	271	264	199
592	872	978	944	796	464
12	16	27	69	27	14
22	27	16	40	20	20
131	119	71	152	105	125
439	428	566	582	468	399
1	0	0	1	0	0
1	0	0	0	0	1
1455	1682	1626	1873	1884	1420
74	73	58	97	60	60
1917	2235	2259	2115	2110	1584
5831	7273	6178	5808	5883	4384
918	1176	720	228	362	351
954	1065	987	844	932	747
5279	6401	5758	5918	5908	4476
2047	2399	2331	2350	2257	1688
4360	5261	4820	4949	4956	3551
65	122	94	122	109	67
1	2	0	1	2	1
1193	1325	1292	1182	1233	1020
242	353	364	350	318	210
123	161	170	129	104	86
1103	1404	1269	1111	1275	993
0	4	1	0	1	2
160	155	171	116	153	129
164	215	202	175	194	120
4071	4648	4021	4237	5090	3886
0	0	0	0	0	1
130	109	104	95	134	137
111	132	123	76	103	82
168	158	161	104	172	173
1087	1325	1165	1075	1152	884
3628	4031	3177	4472	4081	3360
1773	1800	1741	1651	1644	1327
4754	4331	4019	4302	4562	3413
22	26	16	26	21	21
1404	1711	1787	1519	1692	1190
104	108	86	97	85	70
4	3	2	3	2	2
0	0	1	0	0	0
336	421	371	382	374	283
697	700	762	796	761	617
32	42	20	7	15	11
1648	1868	1783	1751	1723	1472
5085	6498	6764	4190	3938	2548
74	83	64	29	70	45
224	294	120	63	182	160
181	305	248	188	387	246
47	52	66	31	50	51
298	408	362	325	301	232
1059	1230	1164	1136	1057	832
35	34	42	31	19	24
70	150	79	11	30	18
146	226	212	127	154	126
1	1	1	3	0	1
443	638	724	648	575	368
346	387	376	321	379	261
530	532	562	558	470	380
914	949	1014	931	1191	873
4	9	9	10	18	10
9	7	16	6	2	7
3201	3420	3412	3470	3471	2966
773	774	678	821	1036	808
1020	1365	1405	1523	1125	819
1338	1812	1636	1743	1717	1196
534	603	595	498	493	437
99	201	223	283	186	75
164	161	179	187	149	123
0	0	0	0	0	1
56	78	74	72	59	47
0	1	0	0	0	0
66	56	42	53	48	38
0	1	0	1	0	0
0	0	0	1	0	0
432	475	395	430	464	388
162	173	212	165	159	145
2277	2387	2112	2243	2672	2237
2923	4086	4279	4521	4099	2744
34	32	21	55	22	37
4	3	2	4	8	6
1648	1772	1767	1569	2028	1577
661	660	678	800	873	678
3	4	3	5	5	4
49	43	60	69	53	41
1466	2401	1888	507	811	503
1663	1908	1692	1638	1657	1277
98	111	118	85	96	104
12266	13207	12488	12337	12119	9862
7	17	10	3	5	1
0	1	1	0	2	2
856	1038	969	1027	1067	657
0	1	4	3	3	5
35	40	48	35	46	44
9	3	2	4	5	8
264	267	312	335	361	292
863	1164	1130	1076	1218	807
0	0	0	1	0	1
0	0	1	1	3	2
6	8	13	2	3	2
1878	2043	2084	2129	2061	1606
298	289	415	377	414	337
547	888	767	766	865	530
428	579	621	747	712	452
100	109	146	147	129	99
7725	7412	7379	7515	7551	6913
5	3	9	12	7	5
116	179	216	226	171	124
1380	1544	1479	1394	1324	1049
402	497	482	515	505	363
370	543	358	336	486	347
841	1164	1049	1104	1084	647
1263	1431	1578	899	926	741
656	829	774	743	644	466
1	1	3	2	1	1
30	46	30	28	21	19
1	1	2	0	2	0
2	3	0	3	3	1
307	412	496	400	363	235
43	36	23	14	36	7
2	1	3	0	1	0
11	6	11	8	16	7
145	148	140	141	196	153
7063	7426	6840	7141	7589	6619
2277	2656	2510	2385	2305	1833
1683	1664	1994	1370	1236	1041
456	538	431	667	605	426
1878	2177	2200	2100	2008	1576
4086	4528	4625	4766	3993	3223
48	87	66	11	9	11
479	478	409	466	509	437
2825	2882	3351	3416	3002	2492
1720	2043	2055	1885	2051	1506
0	2	0	0	0	0
16	37	36	11	9	8
311	388	434	336	366	261
8	17	13	16	11	13
8778	9838	8999	9128	9135	7345
103	152	155	131	142	87
2508	3244	3381	3496	3743	2367
74	76	68	77	72	87
200	218	224	217	232	164
3	0	1	4	0	2
6	1	4	2	5	1
0	0	0	0	0	2
1	5	2	7	2	1
285	388	415	438	380	228
9	13	7	5	4	8
189	335	413	298	288	182
480	595	427	267	379	337
29	43	33	11	24	25
419	534	434	444	528	325
1260	1469	1286	940	1166	903
34	45	58	43	42	57
12	21	18	4	4	12
1	3	6	1	4	5
910	1064	1084	995	1102	861
726	922	997	1049	1137	746
778	968	906	824	968	692
1846	1955	2170	2091	1982	1505
3471	4567	4291	4067	4122	2771
2	1	6	13	12	4
472	607	676	603	551	394
3	1	3	4	5	5
29	41	38	78	57	35
515	847	836	783	743	512
1474	1580	1613	1702	1508	1195
666	640	652	657	737	601
2071	1535	4703	2463	2972	3166
325	465	301	286	430	347
487	648	594	718	661	454
78	91	75	136	129	90
558	614	559	760	760	566
90	94	126	127	129	97
420	622	548	641	717	484
537	811	859	825	751	410
692	924	774	779	837	676
0	0	0	1	0	0
30	28	25	15	15	7
162	200	150	80	116	132
795	1229	1212	1111	1040	626
1039	1278	1358	1234	1073	808
221	257	254	194	204	165
4	3	1	0	0	2
302	503	342	81	238	164
777	773	808	222	234	257
99	98	139	568	326	228
0	3	1	1	2	1
27	48	46	49	32	20
0	0	1	2	0	1
826	1196	903	1146	1239	780
300	362	377	313	306	234
2	3	2	1	3	5
1383	1810	1818	1821	1526	1174
115	173	92	39	71	43
2	3	4	1	5	3
1	2	0	2	2	0
0	0	0	0	0	1
0	1	0	0	0	0
910	975	1101	1241	1055	864
512	668	598	613	593	458
4	0	1	5	4	1
81	70	47	38	64	46
414	503	510	422	442	357
549	679	643	692	853	608
184	308	314	235	166	106
1075	1315	1338	1300	1318	947
415	615	605	754	639	397
2	1	1	0	0	2
1	0	0	1	0	0
3	0	2	0	3	2
520	609	657	665	634	457
304	320	253	247	218	227
1214	1408	1451	1457	1393	1122
4595	6033	5193	5221	5401	3644
18	20	27	34	26	16
650	731	709	807	797	612
32	17	32	29	13	20
1254	1550	1513	1547	1393	1104
193	172	134	124	139	169
182	252	171	115	179	101
1599	1765	1384	1227	1464	1345
1350	1712	1610	1566	1719	1321
94	126	51	35	72	40
197	249	205	209	195	146
2	1	4	0	1	2
299	315	325	281	307	259
1	4	2	5	3	3
41	53	46	26	23	23
392	527	415	366	333	277
375	464	224	305	380	246
309	333	344	324	375	291
778	954	840	943	965	759
4	2	1	4	3	2
551	654	608	584	661	500
215	264	224	189	227	174
100	144	157	97	99	98
959	1172	1157	1232	1183	850
1	1	0	0	0	1
1517	1660	1496	1556	1503	1285
8	10	8	12	6	2
1	0	0	1	0	1
57	126	84	80	144	112
1	1	0	0	0	0
136	132	123	92	133	124
67	87	48	50	90	44
416	526	569	443	510	385
0	1	0	1	0	0
0	0	2	13	9	5
1	0	0	0	0	0
457	467	540	559	554	408
469	630	547	512	543	413
2102	2404	2330	2231	2135	1671
61	76	93	133	124	89
624	802	559	744	815	625
8651	10180	11853	10075	11857	8710
54	42	38	43	41	42
445	705	558	539	604	354
149	150	171	169	168	129
0	4	0	2	0	0
0	0	0	1	0	0
22	23	26	17	17	8
296	334	357	352	332	226
3825	4864	4827	4436	4279	3148
19	13	22	32	47	37
159	224	251	319	311	187
5	3	10	14	13	7
0	0	0	1	0	0
52	70	103	73	71	31
134	178	153	151	140	110
33	47	34	70	33	12
0	3	0	0	2	1
1	4	2	37	10	4
65	68	69	87	78	59
151	206	204	239	204	143
3702	4224	3817	3566	3897	3180
4	4	2	0	0	0
86	173	144	102	104	54
213	211	232	278	185	142
13	9	12	18	8	6
5261	6283	6252	6179	5414	4223
43	81	76	68	95	45
2	11	5	3	1	1
731	1170	1205	1219	1192	637
3	7	6	7	2	0
82	92	92	126	129	103
5	3	2	2	3	2
6	5	10	39	22	13
1441	1862	1810	1734	1677	1168
64	59	92	71	166	122
444	622	636	617	726	472
1753	2067	1868	1993	1863	1291
177	196	209	227	215	175
6823	9032	8598	8609	7874	5320
1	0	3	0	1	0
734	854	855	949	771	580
649	865	878	919	787	617
1885	2125	2152	2221	2100	1528
99	112	113	111	85	89
1	0	0	0	0	0
177	297	281	263	296	182
1326	1714	1566	1918	2066	1345
8	7	1	4	4	12
1203	1359	1423	1464	1480	1102
910	1084	1030	1013	1050	707
818	1024	1042	663	844	578
1051	1276	1243	979	1023	762
95	181	159	134	129	61
2	3	3	1	2	3
2	0	0	1	0	0
1	1	1	0	0	0
0	0	0	2	1	1
163	155	141	18	20	12
2187	2660	2216	2132	2350	1783
5286	6098	6293	10054	7618	5444
653	837	725	1177	1113	736
13	11	9	10	5	5
0	0	0	1	1	1
114	167	118	129	126	108
856	998	969	1026	1096	829
366	340	165	148	207	285
6618	7916	5677	4404	5849	4601
12364	17051	13333	11415	13731	10201
131	200	191	224	184	100
693	891	665	657	654	497
18	17	6	3	2	6
0	1	0	0	0	0
1	0	0	1	0	0
0	0	0	1	0	0
0	1	1	0	0	0
2	1	4	2	3	1
1	0	1	0	0	1
593	724	821	855	702	487
179	211	222	375	230	204
56	46	45	25	26	26
4	1	0	1	0	0
82	78	46	57	60	60
1	0	0	1	0	0
8	9	4	1	7	5
645	720	537	431	573	422
2728	2740	3361	3059	2735	2184
3476	3778	3722	3778	3674	3109
871	977	949	924	894	718
9	13	10	7	6	2
42	50	33	31	34	25
20	36	36	57	34	23
1	0	0	1	2	1
37	85	90	71	67	40
1939	2338	2077	1993	2352	1682
2548	2985	2905	2732	2805	2137
2779	3166	2945	2625	2602	2177
0	0	0	0	1	0
57	65	63	86	49	63
17	13	25	56	27	10
6	11	5	4	4	4
18	13	13	21	18	17
4791	5517	5407	6104	4603	3328
3452	4176	4132	4105	3822	2995
2406	2478	2122	1946	2146	1965
58	68	48	30	35	19
1139	1228	1140	1053	1048	883
28	40	57	37	48	32
26	38	41	19	12	15
85	106	91	55	65	45
17520	21815	21645	23764	20406	13873
4101	4249	4305	3968	4132	3255
197	311	281	211	263	183
12277	15912	15738	15098	15120	10888
3999	4794	4321	3537	3824	2834
1018	1127	1239	1197	1102	856
36	57	45	39	54	42
18	34	28	45	34	17
1414	1583	1015	796	666	738
84	103	79	29	23	15
1	11	3	0	0	0
116	244	226	61	32	26
40	54	53	17	13	6
2249	2782	2298	1526	1635	1364
205	265	123	36	29	29
1	1	0	2	0	1
1	1	3	1	1	0
0	0	2	0	0	0
0	1	0	0	0	0
1267	1436	1490	1437	1393	1155
0	1	1	3	1	0
2	3	8	6	2	0
572	646	605	602	599	528
197	232	262	241	244	162
1	2	2	1	2	3
1891	2278	1899	1433	1814	1391
17	37	66	449	272	90
50	65	91	117	106	79
2	2	1	5	1	0
115	155	119	185	105	52
0	0	0	1	0	0
149	154	152	179	176	162
471	654	647	370	538	375
875	1162	1085	1157	1174	774
807	1052	983	952	1000	726
1351	1565	1463	1448	1534	1111
0	0	1	0	0	0
1	0	0	0	0	0
427	505	564	482	468	387
13907	15524	14006	13183	13138	10683
46	39	40	58	50	40
2	0	0	0	0	1
1	1	0	0	0	0
0	0	1	1	1	1
0	0	0	1	0	2
0	0	0	0	0	1
0	0	0	1	0	0
0	0	0	1	1	1
1	1	0	8	6	1
0	0	0	0	1	0
385	384	366	375	417	359
0	0	0	0	1	0
165	150	120	237	158	142
1	2	0	3	1	1
4874	5092	4943	5960	5806	4734
0	0	0	0	0	1
0	1	0	0	0	0
300	383	464	632	493	360
934	930	912	756	964	826
378	340	212	126	205	224
1197	1712	1542	1549	1649	961
13	10	8	3	3	3
68	72	83	101	98	75
638	641	529	672	665	496
105	133	102	120	128	91
188	188	207	216	163	194
728	1033	1029	981	904	579
6	13	3	18	8	8
1648	2034	2250	2427	1947	1432
306	354	328	232	212	210
0	0	0	4	0	0
457	598	592	559	579	516
119	169	154	155	176	95
1	1	3	2	2	2
0	0	0	1	0	0
112	110	192	68	48	33
0	1	3	7	5	3
44	74	106	71	53	30
2	1	3	8	7	3
2455	2853	2868	3495	2930	2288
27	32	13	13	19	34
0	2	1	0	2	0
5	16	2	1	9	5
1099	1303	1702	1514	1153	865
3817	4384	4415	4597	4262	3379
10	10	25	21	18	9
1	0	0	0	1	0
0	1	0	1	3	9
22	16	23	46	47	66
0	0	0	0	0	1
96	93	91	92	177	147
0	5	1	5	0	1
861	1050	858	816	1094	849
3583	3901	3923	3946	3689	2985
572	667	627	636	690	525
1	0	2	1	1	2
0	0	0	0	0	1
4	0	4	2	3	0
0	0	0	0	0	1
0	0	0	1	0	0
547	632	524	838	829	627
2746	3302	2704	2921	2366	1826
15	10	11	5	3	2
2	4	2	6	3	1
0	0	1	2	0	0
0	1	0	0	0	0
0	0	1	0	0	0
160	216	229	245	196	150
483	550	538	618	620	420
660	769	760	765	786	633
4	2	2	2	6	6
3358	3870	3855	4733	4135	3405
0	0	0	1	0	0
0	0	1	0	0	0
890	1006	926	1072	1192	854
1	3	0	0	3	1
497	529	437	234	264	318
901	960	1041	1071	1056	856
3468	3962	3991	4243	4413	3452
0	2	1	5	6	2
12814	14312	10522	8295	11981	10380
261	291	334	448	489	359
8	8	2	5	10	9
144	165	165	185	181	137
1257	1521	1498	1785	1738	1258
1	0	0	0	0	0
43	39	27	43	27	34
101	119	101	75	82	47
7	12	38	51	25	25
0	3	1	2	0	1
2	8	2	3	4	6
1787	2177	2474	2526	1927	1471
878	1054	1035	1025	973	742
1207	1333	1126	1209	1325	1053
497	626	572	530	587	474
319	430	447	483	460	297
24	15	19	19	20	24
0	0	0	2	0	0
749	1030	825	1087	1009	619
3	0	0	2	0	0
747	839	893	822	861	688
6	17	17	14	16	10
211	380	471	434	434	190
1	0	1	0	0	0
335	333	362	408	300	290
3	4	2	5	11	3
1155	1356	1289	1291	1292	1015
106	103	92	160	142	87
1324	1666	1627	1821	1687	1118
601	670	721	804	814	603
584	749	777	951	877	638
183	204	166	237	216	167
0	0	0	0	1	0
27	25	31	40	52	33
47	76	92	98	64	57
2620	3239	3496	3686	2888	2164
180	209	303	386	339	191
1032	1250	1174	1016	919	704
1	3	2	2	1	2
571	842	685	676	783	555
205	287	208	167	190	109
88	84	109	152	159	94
6	6	6	15	6	10
7	9	6	28	12	6
11	11	32	19	22	20
4	5	6	3	3	1
214	239	289	253	275	189
533	561	579	503	556	430
3773	4040	3905	3795	3828	3158
3369	4155	3426	3477	3566	2762
434	525	561	507	453	306
44	39	47	22	30	25
494	525	528	477	508	381
996	1084	1089	946	1056	704
10567	11788	14891	13474	13590	10488
0	0	2	2	1	2
207	225	258	280	268	169
1539	2384	2213	2227	2443	1543
20	22	30	51	31	29
127	181	178	241	268	171
1	0	1	0	0	0
0	0	0	0	0	1
319	389	423	395	420	238
4	4	3	2	6	3
1009	1131	1273	1264	1126	753
83	68	67	134	94	84
148	210	147	75	118	125
163	256	111	83	120	78
5	5	5	5	6	2
0	0	0	0	1	0
18	25	25	27	32	25
2291	2922	2713	2715	2776	2049
347	349	437	313	362	320
273	356	283	341	322	152
1	1	0	2	1	0
1590	1866	1896	1870	1812	1360
357	499	607	637	678	406
3	2	5	1	6	2
82	89	130	154	139	82
3228	3863	4144	3775	4118	3249
928	1103	1045	1046	1040	766
157	158	127	120	113	85
5	5	9	4	3	3
478	523	535	358	359	303
18	26	23	22	24	10
311	362	307	327	310	257
14	12	14	14	6	7
44	26	26	36	35	46
3	3	1	3	3	2
45	49	62	64	46	49
1229	1417	1288	1317	1452	1104
1	2	1	3	4	1
426	501	469	449	505	390
41	37	35	60	46	21
11	11	11	9	11	11
41	67	61	77	61	24
6966	7445	6851	7038	7792	6120
1711	1809	1818	1870	1691	1365
10	3	3	1	4	3
0	0	0	0	1	0
0	0	0	0	1	1
17	14	25	26	10	19
156	161	154	156	159	112
349	362	421	386	367	332
2	0	0	0	0	0
84	126	49	44	71	42
189	167	161	82	230	169
199	301	302	316	267	195
76	136	139	141	127	79
94	117	143	118	109	73
46	80	74	69	56	35
118	170	184	207	211	141
2	2	0	0	0	0
2	1	2	0	0	0
10	11	15	13	7	13
1008	1432	1852	2525	1551	969
56	60	29	71	67	33
291	425	199	161	229	178
158	208	200	202	185	149
101	159	101	162	170	97
127	186	151	158	179	112
77	131	117	90	94	56
100	125	110	107	79	57
167	200	209	208	182	140
0	1	0	0	0	0
13	25	33	20	32	9
58	144	242	155	151	53
20	34	51	58	48	10
65	158	309	170	160	47
42	73	122	100	96	33
22	71	95	76	62	18
17	89	95	60	65	9
30	53	106	83	78	29
0	0	0	0	0	1
0	0	1	0	0	0
55	73	51	55	56	48
170	227	272	244	252	157
254	332	317	356	309	213
192	295	282	410	343	216
1131	1417	1297	1351	1531	1010
22	34	28	37	46	22
248	263	226	224	240	215
6385	6450	7818	7438	7224	5835
59	93	59	56	58	47
106	121	138	126	139	87
176	203	181	220	178	168
0	1	0	2	1	1
25956	26231	24829	26036	25055	20728
518	546	507	563	551	474
1399	1697	1836	1757	1586	1105
2151	1834	1522	2270	2594	1795
43	52	54	45	78	34
0	0	1	0	0	0
0	1	0	0	0	0
0	0	2	0	0	1
121	100	142	170	145	131
7355	8742	7865	7004	7909	6447
73	73	117	122	93	68
0	0	0	1	0	1
2	1	0	0	2	1
0	2	3	3	6	1
0	1	0	0	0	0
0	0	2	0	0	0
0	1	0	0	1	0
0	1	0	0	0	0
27	29	16	4	13	10
0	1	0	1	0	0
695	842	447	98	300	345
553	505	692	825	676	581
5023	5001	5552	5218	5342	4572
5	16	10	7	15	13
327	423	464	391	424	232
2	5	2	7	4	9
1102	1321	1380	1221	1330	1074
116	98	148	131	119	110
20	24	34	38	13	17
8	11	19	4	4	2
169	230	171	158	180	146
1	0	1	0	0	0
37	21	26	23	15	25
1442	1502	1515	1750	1508	1227
473	439	637	667	526	443
4843	5281	5326	5902	5640	4550
3459	3494	3148	3490	3308	2711
147	164	247	230	205	132
0	0	1	0	1	0
2166	2793	2962	3342	3163	2011
0	1	1	1	1	1
560	589	610	634	669	545
590	822	819	754	710	513
105	187	169	220	206	137
1515	1793	1623	1915	1656	1198
116	171	152	162	149	118
72	141	151	154	95	49
1	0	0	2	3	0
0	0	0	3	0	0
4651	4998	5179	5202	4951	4114
84	105	104	77	80	63
3	7	5	7	6	7
2	3	3	10	1	2
150	240	182	184	190	105
1707	1990	2133	2075	2239	1557
61	56	62	85	60	68
1	1	0	2	1	2
0	1	0	0	0	0
0	1	0	0	0	0
1	0	0	0	0	0
2	2	5	7	3	3
23	39	48	42	99	94
548	631	726	536	492	375
162	211	230	138	97	64
54	63	74	41	77	24
638	806	888	851	809	499
6	10	10	3	9	9
1903	2067	1918	1804	2011	1666
2	8	10	6	3	0
585	656	660	671	661	526
163	180	199	206	170	130
33	79	94	66	61	45
6	14	7	11	7	11
124	175	180	164	177	93
157	206	162	143	147	130
1420	1414	1762	1423	1507	1208
11	11	20	21	21	14
351	461	487	354	367	281
25	53	42	41	28	19
430	553	643	569	491	402
2229	2457	2392	2468	2356	1795
39	73	59	64	62	26
116	136	130	158	94	76
4	11	12	4	10	3
181	214	214	171	208	169
1546	1706	1562	1563	1468	1220
156	255	262	263	204	154
670	743	800	685	658	500
83	81	89	75	62	67
1	0	2	7	1	3
541	976	904	627	560	322
22	52	43	22	18	12
55	63	57	40	65	28
76	98	97	71	87	72
5	1	0	1	4	1
523	607	637	589	599	450
273	339	433	463	467	307
927	2251	2158	1878	1796	703
1342	1502	1649	1505	1422	1063
373	524	476	302	391	306
1179	1333	1253	1197	1224	939
0	1	0	0	0	0
327	394	403	237	352	226
11494	16531	20607	14948	12674	9443
2908	2948	3251	3136	3152	2444
1304	1666	1528	1671	1605	1126
1162	1596	1566	1333	1476	1062
35	37	40	19	14	17
941	1178	925	86	43	36
2	0	2	3	1	1
1	3	4	1	0	1
1	2	2	1	6	3
243	374	289	273	255	169
91	98	92	157	105	90
6	17	24	14	6	5
26	36	29	22	21	24
0	1	2	1	0	0
1	0	1	1	1	0
440	482	457	443	452	372
8	16	10	13	20	16
72	123	118	103	111	72
7	14	19	19	15	15
342	405	459	299	380	244
69	132	134	141	127	70
18	29	23	18	22	17
53	57	62	71	89	59
285	471	460	360	386	252
37	49	34	51	50	30
3	0	2	3	3	1
0	2	0	0	0	1
1	4	4	4	3	2
351	381	449	410	376	311
1	0	1	0	0	0
64	65	124	185	110	68
277	346	226	105	220	155
1699	1672	1816	2762	2889	2443
0	1	0	4	0	1
218	323	289	278	297	223
8	5	1	3	3	0
2030	1912	1889	1852	1882	1886
3	1	7	7	4	2
62	71	48	69	75	58
32	70	33	23	19	17
0	0	0	2	0	0
2	1	4	1	1	0
1	0	0	0	6	0
21	22	6	3	4	11
377	271	220	299	321	232
1	1	3	0	1	1
5174	6104	8031	6551	6485	5135
0	2	0	5	2	1
1263	1399	1666	1567	1337	1031
1	0	1	0	0	1
207	270	260	230	242	185
20	40	58	186	63	28
54	52	66	97	64	42
580	787	814	687	698	463
4	7	8	31	26	12
220	271	260	241	222	136
54	133	95	96	122	68
1766	1975	1753	1926	1697	1344
2411	2369	2294	1432	1327	912
4030	4566	4202	3080	3017	2207
267	302	313	320	311	252
14	14	16	28	25	16
5	6	7	29	12	11
1050	1122	1037	934	908	767
142	203	153	148	164	96
4	0	2	0	0	0
198	266	196	114	113	103
9	7	6	2	7	4
0	0	1	0	0	0
392	451	488	437	466	367
4	9	8	8	8	3
610	648	688	722	743	570
595	618	574	575	692	557
4	12	1	5	11	4
79	73	100	114	96	58
46	62	73	65	81	39
623	745	692	625	688	485
4908	5580	4899	4972	5111	3961
16	24	31	32	47	37
59	43	67	40	32	40
2	0	1	0	0	0
3	1	1	0	0	0
55	72	69	82	97	67
0	0	0	0	1	0
1	0	0	1	0	0
83	77	76	63	65	82
0	0	0	0	0	3
0	1	0	0	0	0
0	1	5	2	3	0
898	1099	1216	1057	902	753
22	16	20	21	21	9
1	1	2	4	2	3
2717	2959	3040	2910	2825	2296
287	457	414	336	405	242
333	436	329	194	215	126
143	165	164	133	126	123
227	283	336	259	243	171
1614	1979	2312	2421	2211	1460
281	285	314	312	262	218
961	960	1123	1203	960	876
292	323	335	281	343	245
91	212	176	151	174	62
135	267	261	327	215	153
1007	1073	1079	945	1068	800
50	28	38	9	30	29
504	583	601	558	520	436
649	755	747	620	665	489
1172	1354	1186	768	786	649
16	19	11	8	20	8
276	271	316	282	259	179
567	615	491	239	381	383
481	745	676	504	523	299
223	361	354	314	354	212
595	761	765	733	814	595
112	130	174	143	177	95
27	38	35	39	31	19
119	239	250	203	185	147
412	528	548	565	528	444
2493	2690	2555	2472	2528	1986
6	3	5	4	2	6
65	64	58	33	42	50
5255	5708	5800	5123	5579	4383
155	179	183	185	158	104
1065	1053	813	674	768	657
137	169	144	149	114	83
1	8	8	5	12	2
18	28	17	21	12	21
620	622	600	600	674	538
6200	6612	6523	6101	5814	4598
5494	5615	6773	6118	6285	4834
251	344	374	213	188	130
53	114	77	49	31	21
299	290	314	283	256	238
2311	2750	2743	2678	2167	1690
1274	1570	1309	1216	1263	959
48	82	84	46	71	52
141	230	218	267	228	136
0	0	1	0	0	0
7	14	8	4	1	0
2005	2223	2160	1901	1536	1181
19	10	28	10	5	10
85	105	78	85	65	36
46	44	57	42	44	33
366	409	529	432	443	297
692	680	736	760	702	561
2	1	6	3	1	2
725	712	731	698	624	535
215	247	260	195	236	182
194	224	267	290	294	223
7741	8140	7497	8270	8417	6638
609	585	655	540	590	478
62	79	115	89	83	52
6	10	5	8	5	0
7	4	8	11	5	8
7519	7599	7574	9564	9548	7835
3507	3849	4006	3480	4042	3161
437	494	424	422	490	366
142	147	153	132	121	104
76	90	71	98	91	82
365	382	448	450	407	341
97	96	107	149	106	71
2	4	4	3	4	1
2399	2468	2437	2200	2399	1949
7	10	1	6	7	12
42	40	43	37	29	12
400	386	385	370	380	350
31	18	24	6	7	11
593	554	698	640	757	605
126	120	146	154	109	101
241	305	440	758	372	259
1089	1161	1170	1168	988	844
4	5	2	4	4	4
398	560	551	520	466	325
117	182	161	125	135	79
88	164	156	135	124	73
222	244	192	200	239	164
62	97	120	124	127	50
140	162	200	240	183	157
228	280	298	253	274	170
558	895	757	850	926	577
3398	4404	4041	4142	4350	2968
24	55	40	48	40	27
6	13	5	8	10	4
159	272	214	224	229	127
480	799	758	753	875	482
83	140	141	153	129	80
536	742	686	727	728	505
89	123	140	64	104	75
5570	6867	4614	3203	4219	3028
697	830	752	674	668	547
759	853	900	749	813	630
1	2	0	1	2	1
1813	2250	1689	1328	1420	1197
7	2	5	1	4	3
144	169	134	173	174	143
145	168	154	156	178	101
91	145	155	86	89	65
225	253	264	311	276	176
20	16	28	26	13	13
19	20	16	22	23	10
50	67	48	42	36	33
502	649	685	645	608	345
270	329	331	276	331	209
365	499	465	515	619	361
2	0	1	2	0	0
14	20	8	8	8	5
16	18	16	27	24	15
68	78	104	101	66	44
52	63	66	47	46	36
216	308	335	242	256	197
118	137	146	116	105	79
1	1	2	1	1	0
3538	4610	4012	4028	4000	2673
185	215	230	263	211	193
35	28	27	28	30	40
1007	1106	1168	918	1259	932
13	21	10	9	14	25
1	2	2	1	1	0
8	13	7	7	13	9
3	2	0	0	4	0
0	1	0	5	1	4
168	215	232	191	224	175
20	11	12	13	12	11
0	2	1	3	4	3
5	8	2	0	3	0
35	39	11	2	2	11
8	18	2	1	4	4
1	2	2	0	0	1
3	3	1	0	1	0
3	0	1	0	0	1
876	1118	900	907	856	660
311	333	235	301	269	268
0	2	0	0	0	0
14	7	7	4	5	2
0	1	0	0	0	0
3	8	7	7	3	4
65	68	67	69	72	52
1005	1388	1480	959	859	514
502	591	446	499	593	469
8325	10189	9306	8500	9503	7195
468	482	552	470	540	402
5907	6893	6617	6480	6879	5116
927	1070	983	1142	1077	724
2336	2936	2906	3129	3060	2313
216	268	195	157	131	128
87	83	60	102	117	84
817	893	825	933	925	711
315	641	738	852	648	315
9	11	11	16	3	6
42	104	80	96	64	45
0	1	0	0	1	0
789	1007	949	1005	908	595
322	529	341	1006	602	401
207	234	197	151	204	157
592	597	622	555	565	480
10	16	4	1	9	6
277	327	300	528	483	335
237	298	253	313	358	231
34	88	66	87	101	53
641	736	684	781	807	600
1242	1445	1536	1546	1360	1099
124	156	149	148	192	139
872	878	752	886	899	733
72	100	92	149	80	43
16	18	17	37	33	16
2011	2272	1955	2283	2179	1668
2360	2812	2361	2452	2545	1798
70	109	107	120	85	66
166	211	200	154	161	96
589	660	707	616	648	519
96	127	133	190	150	103
1	1	4	4	3	0
117	178	205	176	182	104
0	0	0	1	2	0
44	80	72	84	94	39
179	265	344	318	318	202
485	599	602	794	861	520
96	139	136	171	151	105
0	0	0	0	1	0
0	0	0	0	2	0
418	604	622	654	657	408
3	2	1	0	5	3
145	239	231	203	247	114
273	466	684	394	349	236
307	490	557	454	450	263
354	557	672	699	647	381
418	706	669	624	658	385
1049	1508	1596	1550	1624	1097
240	318	310	297	288	214
15	21	16	11	9	11
3	3	1	1	0	1
1	0	0	0	1	0
11	8	13	17	7	12
39	38	45	29	31	34
4	3	3	5	3	1
0	1	0	0	0	0
18	25	32	47	35	27
132	134	166	165	191	147
408	231	318	554	563	567
0	0	0	0	0	2
56	97	98	105	98	75
1	0	0	0	0	1
2	0	1	4	1	1
0	0	2	0	0	0
0	8	11	5	2	4
33	21	34	11	8	15
1	0	0	1	0	0
13	18	19	10	9	16
1	0	0	0	1	3
1	0	0	0	0	0
1	0	0	0	0	0
0	0	0	1	0	0
0	0	0	0	2	0
23	23	16	19	9	7
2	3	1	4	3	2
552	588	512	565	541	552
11	6	8	9	5	10
30	40	51	67	41	20
17	12	15	12	20	22
12	23	25	21	37	27
0	2	0	0	0	0
30	52	60	52	38	31
598	719	703	648	638	442
3	2	5	2	3	3
16	28	18	52	35	32
3	2	7	3	1	2
1354	1399	1487	1729	1628	1311
1421	1539	1571	1484	1406	1131
2	2	6	42	15	6
202	326	380	341	338	177
479	492	456	422	360	308
0	0	1	1	3	2
262	506	485	488	492	275
230	279	289	277	268	185
472	563	832	1163	722	425
2130	2354	2110	1925	2097	1654
45	38	36	33	34	41
357	375	444	450	414	353
759	785	884	743	711	603
238	330	288	272	314	220
1206	1563	1523	1484	1491	1084
1631	1792	2056	2038	1944	1373
135	185	179	159	187	138
2247	2654	2358	2276	2521	1846
9	17	11	7	5	5
553	669	722	744	770	522
2992	3275	3676	3823	3416	2556
123	129	131	118	128	87
355	525	436	388	393	248
2831	3409	3318	3227	3051	2292
87	102	73	95	92	74
2166	3112	3323	3417	3088	1891
73	76	80	64	55	47
1230	1283	1393	1233	1182	960
60	79	97	65	42	36
61	59	40	37	38	27
4296	4556	5847	5320	5039	4177
433	533	479	459	668	490
9	6	15	8	8	6
845	740	776	677	664	628
397	413	444	441	436	351
11	19	25	9	13	8
1	1	4	6	1	4
50	30	16	24	26	37
17	12	10	5	2	13
1454	1600	1358	1376	1581	1051
177	160	88	47	89	117
43	46	33	17	28	41
0	3	3	0	3	1
142	205	165	109	129	75
4	9	8	11	6	5
182	224	255	184	168	107
8	10	11	8	10	12
14267	15361	14666	15023	14198	11721
7	8	1	3	1	0
33	41	37	16	12	12
3	4	0	1	1	1
3488	3384	3967	3534	3370	3051
903	1100	786	603	700	573
2641	3225	3352	3241	3601	2438
1127	1220	1327	1369	1223	954
196	224	258	369	337	262
89	131	123	57	93	87
2572	2614	2519	2338	2376	2085
949	962	922	837	734	711
59	84	77	97	115	69
604	779	785	764	690	463
900	981	1113	1400	1339	1094
0	0	0	1	0	0
0	0	0	1	0	1
1	1	2	1	0	1
118	160	154	145	149	114
5	2	6	1	4	1
2	10	1	0	1	6
25	32	23	20	21	24
4	3	4	0	2	0
24	24	14	10	18	7
101	144	151	167	158	112
447	517	531	442	461	402
5026	5317	6548	5515	5495	4400
12	10	14	5	10	8
7	8	11	8	5	7
256	315	304	323	292	177
1485	1793	1675	1820	1668	1258
9	6	8	7	6	5
1450	1480	1612	1589	1433	1201
15	16	14	8	7	5
503	650	460	408	519	397
1	0	0	2	1	2
139	146	133	180	121	104
3	6	11	2	5	3
91	174	141	141	139	88
1	0	2	3	7	3
2321	2621	2589	2532	2719	2023
0	0	0	0	0	1
0	0	1	2	0	0
1	0	1	2	0	1
1	2	0	0	0	0
0	0	0	1	0	0
0	3	2	3	1	0
59	44	83	77	59	48
336	321	334	279	342	296
0	0	0	2	0	0
0	0	0	1	0	0
334	426	393	403	330	266
2128	2648	2533	2310	2362	1741
3809	4327	3964	2970	4266	2846
32	21	28	18	25	19
457	541	502	529	557	404
94	132	117	112	120	69
222	341	339	335	288	191
4	6	4	9	5	2
1	2	1	1	1	0
0	3	6	4	0	2
193	277	255	333	286	197
0	0	3	0	0	0
625	736	745	1123	808	607
217	147	246	458	285	239
32	28	58	65	65	41
552	543	628	790	710	633
1	1	7	15	9	10
0	1	0	16	9	6
0	0	0	0	0	1
37	22	37	54	51	36
20	13	14	33	22	16
115	100	120	157	141	93
0	0	0	1	0	0
0	3	7	1	0	0
556	669	698	746	709	507
1924	2612	2184	1957	2407	1646
365	421	394	367	389	278
149	175	172	177	186	152
2284	3026	2990	2873	2918	1811
0	0	1	2	0	1
3	0	0	0	1	0
38	38	36	38	38	40
35	45	51	119	95	66
1690	2426	2524	3144	2631	1496
220	264	274	486	454	335
98	82	103	125	88	98
2	2	4	3	6	6
31	44	42	64	37	40
19	27	23	7	14	6
58	68	69	111	91	65
8	6	9	11	6	7
606	1090	979	1126	1184	656
571	1066	1273	261	620	449
158	212	195	197	176	126
133	172	140	128	149	121
2946	3566	3681	3766	3394	2534
135	109	140	146	165	126
23	23	29	15	22	24
32	29	13	19	30	26
478	586	525	471	499	403
1668	2173	1968	2303	2292	1534
81	76	142	203	144	91
149	180	159	201	179	156
1847	2085	1525	1391	1973	1575
1565	1515	1584	1507	1509	1341
513	531	529	588	479	420
279	332	332	317	358	221
8	22	11	8	11	6
37	43	19	11	7	9
323	386	373	468	438	271
123	143	141	138	163	112
0	0	1	1	2	0
10	2	3	4	3	2
60	88	81	76	70	43
197	337	277	294	316	184
355	332	420	376	413	317
109	144	167	115	154	109
74	98	137	220	121	120
184	222	323	320	328	273
8	1	2	1	1	2
183	198	153	208	245	255
600	572	770	959	730	539
34	39	42	15	24	20
18	17	39	124	69	61
214	392	235	156	140	80
3990	4721	4674	5216	4479	3271
40	49	53	43	49	39
1	9	0	4	5	0
1	5	9	16	5	4
1	0	0	0	0	0
529	655	737	765	739	503
100	152	155	144	172	77
64	122	99	31	45	22
625	662	852	752	658	551
309	383	394	354	403	301
96	88	136	104	161	91
2849	3133	3506	3554	3184	2519
6	8	9	7	11	14
27	31	11	18	24	15
12	27	13	5	19	11
2237	2310	1462	1017	1204	1236
1320	1955	1477	1149	1594	1118
99	152	131	115	155	123
1899	2056	1751	1635	1888	1409
1608	1990	1875	1745	1821	1404
40	39	32	15	18	19
4658	4825	3582	2596	3297	2876
454	606	636	680	528	401
0	2	0	0	0	0
59	95	94	66	79	43
11	8	7	25	43	26
0	1	1	3	2	0
9	16	30	19	27	13
124	115	137	167	173	141
514	512	448	460	620	514
125	180	93	40	79	56
2456	2640	2462	2499	2581	1897
2193	2882	2557	2303	2708	1600
1886	2393	2224	1984	1778	1275
412	481	412	426	397	321
278	354	284	266	312	238
44	35	19	15	23	26
502	584	677	666	693	502
331	409	442	432	374	284
217	257	310	311	268	205
2646	3467	3329	3141	2909	2035
833	920	1007	956	923	743
79	86	88	79	89	75
309	431	361	282	363	259
6	7	7	0	13	2
312	479	344	343	354	207
1517	1908	1562	1725	1983	1367
36	43	34	48	38	37
7186	9697	6641	7187	7293	5318
40	88	81	52	65	30
390	366	474	431	467	424
4	7	10	9	10	5
1005	1188	1283	1243	1182	939
556	920	784	749	741	450
650	802	716	435	368	254
185	146	206	361	294	221
439	611	492	468	511	347
19897	21862	24265	20575	20282	16388
11	22	32	22	33	23
236	358	163	268	319	231
1	11	1	0	1	3
532	552	409	256	319	269
94	138	113	151	171	100
131	144	174	151	213	128
173	164	201	158	192	168
304	356	338	336	326	254
2	15	3	6	5	6
104	110	87	94	98	79
1	0	0	0	0	1
57	56	49	64	92	65
0	0	0	0	1	4
4	0	3	4	1	0
788	799	814	826	806	660
159	256	207	172	184	117
17	13	10	11	13	8
83	113	143	116	130	88
0	1	1	1	0	0
6	1	2	2	4	1
1060	944	835	695	862	627
993	1257	1057	955	1017	845
182	250	148	41	63	55
749	838	695	492	564	496
56	130	80	118	120	61
128	166	167	165	209	172
597	721	728	722	665	522
0	0	1	0	0	0
0	0	0	1	1	0
0	0	1	0	0	0
7	3	3	3	5	4
0	0	0	0	1	1
11	8	5	11	11	5
0	0	0	3	1	0
352	458	351	120	310	294
181	183	132	50	144	136
467	609	476	540	556	444
57	106	85	94	122	60
1	1	3	2	0	1
0	1	3	6	7	2
454	475	615	537	508	391
5526	5905	6647	5167	4712	3703
2698	3319	3177	3049	3092	2340
1	0	0	0	0	0
1	2	5	5	1	1
5	16	10	9	10	5
567	757	905	1101	1051	599
248	281	333	300	373	273
290	373	495	649	460	245
0	0	1	1	0	0
199	209	216	254	217	205
36	50	64	65	34	33
2085	2377	2297	2185	2063	1623
59	83	115	122	93	61
706	950	968	1036	1057	649
208	243	261	285	296	224
12	25	25	31	32	23
1316	1535	1450	1178	1055	665
134	130	161	148	131	115
8	4	7	7	5	5
71	121	145	167	145	81
24	42	61	80	47	36
47	56	38	60	44	47
668	679	586	695	688	609
17	31	25	9	8	6
4	3	3	1	2	1
994	1090	1083	1056	1033	855
95	102	102	79	76	101
2060	3273	2786	2887	2722	1617
1731	1822	1802	1952	2035	1667
17	36	12	35	43	33
578	727	661	1133	1017	925
0	0	0	1	0	0
12	17	8	13	8	13
615	806	526	324	323	238
19	40	20	16	16	5
2	1	0	1	0	0
71	95	99	118	101	87
78	76	113	93	110	59
868	1168	1213	1486	1208	691
706	876	866	1006	1025	693
5	21	15	2	5	1
431	503	576	557	507	385
8	13	17	15	25	13
4	7	2	4	21	11
273	321	247	276	228	192
1090	1318	1394	1346	1748	1233
16	32	19	25	16	9
20128	22008	26810	22568	23039	17960
26	42	31	47	38	41
1	0	0	0	3	0
42	50	36	72	74	30
1141	1348	1284	1288	1307	1078
2	2	1	1	0	2
999	1233	1360	1703	1551	889
1	1	0	0	0	0
1246	1388	1346	1534	1358	1129
59	54	47	54	57	38
99	128	170	240	216	154
0	0	0	7	3	2
1036	1314	1195	1172	1054	827
614	766	751	796	733	512
1	1	0	1	0	0
1384	1502	1238	1490	1502	1194
48	39	39	18	25	24
74	97	106	90	87	87
195	194	204	263	213	204
1789	2377	2275	2619	2215	1597
93	70	53	72	71	64
790	994	1005	1198	1225	943
60	54	61	59	61	43
292	404	390	507	526	276
1	1	3	6	3	4
6	5	3	14	15	5
245	387	374	364	323	226
49	90	79	79	87	50
48	38	61	49	35	36
271	292	396	378	314	274
1005	1033	1087	1160	1155	926
10	7	12	8	5	5
1213	1658	1603	1770	1595	1107
7	9	5	6	8	10
458	466	423	684	658	520
1356	1259	1349	1505	1270	1181
3	0	0	0	1	3
1020	1129	1214	1104	1073	983
5	3	1	8	1	3
5160	6192	6192	5439	4928	3661
61	63	59	57	75	43
220	271	245	230	224	134
216	162	174	188	187	195
3	1	1	1	0	4
7	10	13	9	17	11
3	5	0	4	8	2
1	4	1	2	2	0
3262	4461	3986	3498	3622	2512
125	121	115	108	148	97
102	139	101	120	147	83
270	291	320	434	408	278
4466	5143	4753	4770	4757	3867
57	52	56	73	29	33
0	0	0	0	0	1
25	15	30	30	22	18
0	0	1	0	0	0
6	32	34	26	22	6
60	124	126	96	70	32
0	0	0	0	1	0
3282	3771	3997	3499	3315	2561
14	24	15	15	26	27
0	0	0	0	1	0
1	2	1	4	3	0
7	9	15	3	6	8
118	132	142	183	160	137
0	1	0	3	2	0
0	2	2	0	0	3
6	4	1	2	1	2
56	100	186	159	85	41
96	228	318	162	129	43
47	102	168	90	76	20
0	0	0	1	0	0
0	0	1	1	0	1
1	0	0	0	1	0
1404	1881	1728	1619	1628	1207
41	97	16	9	43	35
5	16	4	1	7	7
15	27	23	26	32	21
64	82	85	90	70	85
263	322	254	305	324	229
1	1	2	2	0	1
215	362	321	367	395	243
456	651	652	623	656	499
11	14	9	15	10	11
6	8	11	17	12	8
822	975	869	808	881	643
435	508	473	433	453	354
1028	983	908	962	940	823
1050	1200	1271	1154	1208	944
2	1	1	3	3	2
2332	2494	2274	2381	2330	1965
0	1	0	0	0	0
0	3	2	3	0	0
1	0	3	17	11	8
0	0	0	0	0	1
0	0	0	1	0	0
6	7	12	15	5	7
1025	1165	1183	1323	1154	898
540	607	542	565	750	553
10	12	15	9	4	7
179	233	235	346	233	208
8	4	16	7	4	1
1	0	0	0	0	0
2	2	4	3	0	0
2371	2712	2732	2553	2773	2131
70	75	76	91	94	64
234	274	305	310	297	234
20	15	13	10	20	6
4	3	3	2	1	3
37	31	53	82	38	34
6132	7082	7917	6895	7948	6017
680	859	797	755	853	641
357	323	306	322	324	243
16	13	10	13	13	12
36	34	48	46	43	25
25	40	62	38	11	15
28	12	17	4	13	10
903	1187	1026	1051	1149	726
423	500	454	450	406	337
5764	7741	7527	8077	7147	4754
550	633	622	532	587	414
969	1206	1071	1036	1104	785
1639	2045	1800	1926	1962	1312
680	840	730	1127	1114	685
0	2	2	3	5	3
196	249	193	167	145	94
185	209	186	276	242	203
1	2	3	1	1	1
2187	2643	2497	2825	2374	1852
16708	20281	18516	19322	19403	14109
2	8	8	3	4	3
1255	1679	1535	1724	1445	1001
46	51	46	28	25	17
8	7	9	5	4	0
55	77	66	60	70	60
2442	3287	2705	2328	2642	1777
27	41	29	34	42	29
369	417	419	380	393	317
594	711	702	740	617	477
1116	1432	1553	1516	1407	959
1	0	0	2	2	0
424	476	431	439	467	430
1494	1927	1888	1936	1813	1300
1518	1622	1618	1555	1657	1347
73	130	103	204	150	94
1	0	1	1	3	0
56	48	136	242	122	100
9	1	14	32	19	10
7	5	10	17	9	14
1890	2021	2071	1974	1859	1486
2518	2961	2905	3178	3114	2514
2377	2730	2818	2448	3248	2327
466	668	621	611	620	387
133	212	186	226	167	123
46	66	92	54	66	40
4872	5392	7281	5687	6142	4546
2433	2718	2389	2017	2360	2005
3556	4877	4046	3857	3830	2371
4	5	3	4	4	3
10	22	18	28	30	13
822	880	921	907	920	778
190	230	109	153	193	108
20	24	26	50	28	29
248	255	237	234	244	255
1094	1444	1448	1548	1545	1062
965	1022	918	753	877	708
4868	5668	5114	5222	5082	3900
11	5	13	9	7	4
227	284	252	298	336	283
1	0	0	1	0	0
161	134	114	117	174	133
2311	2439	2625	2634	2561	2025
0	0	0	0	1	0
171	213	249	213	220	200
95	125	130	123	125	108
434	503	649	618	620	427
15	26	24	17	11	15
19	33	21	10	10	11
8	9	15	6	4	6
1	0	5	4	0	2
1	0	0	0	0	0
0	1	1	1	0	3
1288	1418	1525	1384	1496	1133
2	0	4	0	1	1
147	245	282	322	375	195
3	13	17	19	29	25
1	0	1	0	0	0
479	528	612	367	379	282
844	1004	1132	1170	1112	786
520	653	632	703	657	389
483	520	561	583	630	471
1	3	0	2	1	0
182	321	400	421	394	193
0	0	1	0	1	0
942	1034	886	909	783	761
2577	3052	2886	2673	2852	2198
214	223	268	276	279	223
1495	1756	1904	2011	1852	1396
863	840	869	843	923	817
374	518	436	435	480	312
590	716	753	704	699	555
2035	2407	2325	2304	2230	1552
1	0	0	0	0	0
0	0	1	1	0	1
8	15	17	13	17	9
1	0	0	3	0	0
4747	6176	6429	6663	5493	4131
2089	2827	2924	3257	2993	1839
78	80	113	186	174	131
1286	1535	1379	1115	1235	951
502	491	533	461	568	425
2	0	3	2	1	3
26	33	26	30	21	26
4	5	11	18	17	13
130	120	143	105	94	80
756	749	728	546	618	495
4	4	6	2	2	5
0	1	0	0	0	0
3553	4233	4200	4016	4194	3060
119	143	138	137	95	96
0	0	0	2	1	0
1924	2372	2260	2376	2543	1788
1209	1524	1476	1921	2217	1526
27	36	48	54	82	32
1007	1185	1307	1101	1130	859
2919	3596	2867	1596	2372	2002
1	2	0	2	5	0
747	783	807	775	790	594
2	1	1	1	0	2
1204	1508	1583	1389	1333	1022
1835	1857	1942	1743	1707	1428
5145	5961	5441	5616	5278	4001
14180	17171	16121	16044	15006	11076
214	255	292	300	262	174
169	254	201	165	173	122
250	474	518	438	260	160
410	461	494	448	452	319
2	4	1	0	2	4
163	196	144	180	184	157
479	528	730	583	516	400
10	19	22	25	28	16
622	778	676	744	723	574
7	14	13	13	9	3
135	181	171	200	191	137
3	7	5	7	5	2
2405	2664	2919	2671	2677	2114
13049	15869	13867	13701	15504	11157
3	9	5	14	6	7
16	6	9	12	6	4
18	19	29	53	23	16
1652	1683	1834	1937	1955	1448
3968	4413	4860	5441	4515	3300
1994	2741	2772	2846	2543	1677
58	54	54	34	53	40
44	63	60	83	70	51
0	1	1	3	1	0
8	2	11	7	4	5
1	1	1	1	3	0
458	485	415	433	470	364
1234	1352	1299	1324	1196	907
0	1	0	1	4	2
3033	3486	3590	4148	3953	2998
2011	2426	2464	2341	2274	1709
127	183	184	189	189	101
117	119	65	134	113	86
30	32	70	231	123	74
2714	2720	2585	2414	2701	2329
2510	3168	3052	3210	3120	2342
1660	1978	1997	1386	1923	1618
3922	4463	5491	7300	7021	4292
3738	4120	3690	3880	4787	4151
255	274	319	360	372	236
881	939	1143	984	1012	821
1635	1743	1473	1403	1721	1435
83	108	73	80	94	66
52	89	82	80	68	49
149	169	157	155	160	80
76	96	77	84	78	46
54	47	57	55	50	29
87	95	131	101	98	59
103	104	119	132	105	83
146	167	186	184	171	121
1002	1075	982	1125	1054	855
712	962	929	920	859	570
192	277	275	203	258	157
355	417	385	404	416	297
50	53	59	47	60	46
2049	2610	2541	2323	2325	1815
26	36	37	59	43	27
606	718	661	744	800	522
17	28	29	41	31	15
2	4	13	10	4	1
1919	2322	2194	2247	2174	1551
96	180	188	246	220	162
648	791	670	680	720	553
7	11	22	17	11	12
22	37	43	25	22	24
723	789	820	691	721	563
242	284	269	255	264	185
1329	1882	1750	1771	1662	1059
0	0	0	0	0	2
1	2	6	2	2	3
646	676	603	604	665	479
377	370	478	423	378	331
19	30	23	12	17	7
36	27	29	37	34	30
12073	14715	13877	13994	14997	11157
180	198	217	137	192	137
6	6	15	10	4	8
5	4	1	16	14	11
0	1	0	0	0	0
0	0	2	0	0	0
1	2	5	7	2	0
20	42	27	32	39	29
265	283	309	313	277	270
7	16	21	15	8	17
0	0	0	2	0	0
187	197	209	190	209	172
35	40	48	59	43	28
996	1150	1314	1513	1399	1002
1482	1690	1446	1680	1917	1532
314	395	411	403	458	302
1648	1912	1890	2028	2034	1534
1446	1799	1719	1734	1676	1229
0	2	1	2	0	0
808	945	743	765	783	590
40	68	86	176	80	45
843	1077	1001	1079	841	613
2913	3192	3100	2970	2968	2523
2634	3279	3007	1900	2055	1467
0	1	0	0	0	0
765	957	1035	1502	1020	760
272	333	319	141	116	89
0	1	0	0	0	0
0	0	1	1	0	0
278	416	378	343	369	250
135	172	147	164	187	138
220	238	251	233	243	183
478	627	594	617	535	415
2	2	5	1	0	1
2	2	6	1	4	1
1452	1601	1470	1305	1416	1168
8	11	21	4	5	3
17	21	26	106	58	36
1101	1417	1239	1387	1787	1374
160	388	252	251	789	453
179	250	228	327	453	354
447	610	406	356	576	541
248	271	319	300	281	198
387	531	471	492	464	317
528	706	667	727	658	514
1796	2020	2165	2610	2196	1702
519	827	816	749	750	452
0	0	0	0	2	0
58	79	82	63	59	76
2474	2978	3141	2994	3210	2187
2072	2237	1945	1574	1550	1313
5	5	3	8	6	2
3	10	2	0	6	2
2329	2690	2208	1939	2164	1508
23	9	59	38	39	29
0	0	0	1	0	0
3	2	0	3	6	4
5079	7774	8902	8934	7769	4620
172	163	177	196	204	152
5	2	1	3	4	1
128	118	131	168	134	107
2640	3083	3098	3066	3108	2495
3	1	4	12	21	9
154	218	239	359	252	166
1784	2183	2301	3138	2450	1790
77	91	105	322	263	173
1	0	1	2	0	0
4	7	11	24	14	4
2	3	4	10	2	2
23	23	19	22	27	28
13	33	53	49	51	20
373	346	309	335	329	251
463	573	552	55	48	39
6	4	2	3	2	4
0	0	0	0	1	0
76	50	91	122	117	146
1101	614	1117	2261	1718	1639
2	2	4	2	1	0
21	14	41	40	26	27
911	881	929	895	939	805
251	262	279	281	195	244
0	4	2	2	2	0
3	3	0	1	4	1
0	0	1	1	2	2
112	113	106	88	84	72
698	757	744	726	752	597
191	215	184	233	211	188
298	298	271	262	259	262
2	0	1	0	0	0
2	2	5	0	0	0
0	5	8	3	3	2
19	31	29	22	25	18
0	2	1	1	1	0
0	0	0	1	0	0
542	455	441	388	342	362
255	248	242	279	274	254
0	1	0	0	2	1
80	106	99	71	43	42
0	1	1	0	1	0
115	120	96	93	117	93
608	644	661	577	554	422
161	180	183	145	141	111
2161	2417	2406	2194	2081	1769
7	2	10	7	9	3
125	133	137	169	134	140
2	1	5	1	0	0
315	332	240	332	296	222
1403	1243	1011	619	762	843
1374	1541	1545	1299	1410	964
3	0	1	2	2	2
1365	1594	1481	874	761	631
40	54	58	55	33	12
164	171	179	97	114	88
299	445	398	309	383	226
536	636	677	710	632	519
444	497	505	382	369	339
1396	1349	1363	1717	1431	1077
55	67	66	57	49	28
24	25	34	43	36	32
233	296	258	230	269	158
3012	3818	3476	3317	3059	2292
0	1	0	0	0	0
2	0	0	0	0	0
1	0	1	1	2	1
1	0	0	1	0	0
604	685	680	660	655	580
13	12	19	27	16	4
200	211	194	119	122	120
3170	3649	3293	2968	3390	2668
129	174	173	163	153	136
2	7	3	17	5	3
228	298	317	317	331	254
543	628	697	641	764	621
20172	21810	24886	23536	23143	19057
372	554	449	378	355	255
23	40	42	29	26	13
467	623	636	681	586	455
131	129	165	127	114	110
98	105	106	100	135	99
122	87	108	126	93	87
2119	2416	2253	2098	2275	1815
5	2	0	2	0	1
668	828	690	694	717	549
32	37	25	30	23	24
149	177	202	207	173	117
7	9	14	27	8	5
0	0	0	1	0	0
0	0	1	1	0	1
981	1136	1205	937	1021	864
0	0	0	1	0	0
0	1	1	0	1	0
0	0	0	0	1	1
111	121	142	151	114	122
2	0	0	0	0	0
0	0	1	2	1	4
6	2	25	29	20	7
11	16	39	46	49	26
2166	2596	3025	2690	2577	1935
0	1	2	0	0	0
364	421	467	395	411	338
1	0	0	0	1	2
75	63	92	664	221	158
20	11	19	21	7	18
23	41	65	65	33	23
2893	3447	3183	3328	3385	2569
3094	3765	3860	3805	3351	2650
3	1	4	0	1	0
193	315	243	250	234	185
4	5	6	7	3	1
10	9	9	8	3	5
0	1	0	0	1	0
31	59	66	60	61	48
384	484	436	522	484	397
0	1	0	0	0	0
2	1	3	10	10	3
3356	3897	3709	3548	3399	2776
1605	2048	1896	1950	1619	1198
171	183	173	143	131	89
62	26	43	31	21	28
49	89	71	33	39	23
3107	4095	3283	3238	2979	2222
3	4	8	42	19	3
231	272	326	319	285	204
1974	2446	2714	4086	3726	2783
66	78	103	70	81	65
0	0	0	0	0	1
1	2	1	1	1	0
1	0	1	0	0	0
4	7	8	28	17	9
0	0	0	0	0	1
1177	1568	1531	1393	1484	1014
1451	1711	1588	1781	1805	1227
24898	32927	29679	28900	27477	19073
347	314	353	405	422	377
238	293	339	302	336	235
510	656	649	663	737	520
39	41	41	34	52	35
0	0	5	1	0	2
199	246	243	349	367	253
1257	1658	1593	1531	1657	1185
190	241	219	175	202	125
1	1	4	3	2	2
0	0	0	0	0	1
137	162	182	177	220	143
135	125	99	183	160	153
603	677	680	555	620	495
422	512	562	598	629	392
620	707	652	695	710	561
319	433	415	519	463	308
705	822	794	801	772	616
359	453	313	314	421	249
1458	1905	2219	2137	1795	1297
1	0	1	2	0	0
1282	1665	1424	1868	1874	1342
49	66	59	120	93	66
1662	2265	2244	2589	2400	1630
2	4	6	5	2	4
76	93	117	114	112	80
6	12	5	8	10	9
614	934	956	1012	881	537
890	1063	1068	976	1090	783
21	18	29	26	34	6
2397	2450	2736	4438	4171	3192
8	1	7	6	10	7
889	892	878	942	906	799
757	1051	613	391	739	545
2362	2666	2532	2657	2584	1798
213	385	221	176	260	200
112	183	170	123	115	85
285	327	241	195	246	214
407	414	373	243	397	343
31	35	27	31	23	21
40	46	67	59	57	31
183	203	132	70	106	94
583	672	734	704	757	630
2	0	0	0	2	0
829	778	547	764	789	664
73	78	77	228	134	112
198	264	249	293	343	236
167	237	221	209	194	161
606	708	571	622	664	564
50	50	40	58	54	26
509	726	490	653	732	488
11	20	15	14	25	24
112	163	98	147	119	57
0	0	0	0	1	1
146	97	234	213	129	128
15	16	15	18	15	12
15	14	8	6	10	14
42	59	34	71	42	56
0	4	0	0	0	0
8	5	2	36	22	21
162	227	168	224	283	218
134	167	129	200	316	208
1418	1668	1168	1552	1404	1054
9545	11811	12552	13646	11275	8577
148	165	169	160	159	124
152	160	165	203	207	210
67	67	127	478	315	200
884	1083	1109	1262	1203	897
1	0	4	1	1	1
8	2	2	10	4	2
3898	3202	2334	849	1078	1099
15	22	23	18	23	15
26	24	13	23	31	26
8	7	14	9	10	12
25	40	17	50	28	22
0	3	0	0	1	1
387	444	407	440	355	288
0	0	1	0	0	0
1	0	1	3	1	1
6080	7291	9591	8180	9464	6773
159	137	133	181	292	247
5	3	3	1	2	2
272	332	289	334	335	250
1	1	0	0	0	2
328	370	366	421	438	468
0	0	1	5	9	1
31	17	47	404	216	193
696	812	800	848	820	591
208	314	246	290	311	268
3851	4536	4210	4605	4360	3283
5	8	14	7	43	36
0	0	1	0	0	0
160	245	241	324	311	168
17	35	23	38	38	14
5	2	0	2	7	4
879	1031	960	1233	1207	922
1	0	0	3	9	2
78	46	193	331	184	111
7	2	25	25	9	10
162	137	180	196	140	128
364	408	486	457	496	348
2	2	0	8	11	5
328	360	470	441	370	289
276	314	323	364	374	265
74	74	72	97	85	56
142	142	177	362	215	125
13	6	10	8	4	2
449	496	492	456	434	368
564	799	759	511	650	429
17	29	13	18	27	16
0	0	2	0	0	0
0	0	1	0	3	0
25	24	28	22	9	12
95	66	84	276	255	249
272	319	416	433	362	263
1340	1524	1450	1598	1391	1126
0	0	0	0	0	1
68	74	53	33	76	72
7	11	3	3	5	15
1051	1312	1187	1462	1486	1132
1071	1243	1100	1361	1433	1169
132	151	132	148	176	138
69	60	69	72	63	77
8	12	13	10	19	11
25	32	21	20	31	30
0	0	0	0	0	2
3963	4418	4520	4478	3735	3300
681	546	712	1302	1000	780
0	1	1	0	0	0
19	10	15	2	7	5
6	8	17	9	12	14
184	229	204	234	229	190
1	0	0	0	0	1
154	223	260	343	258	204
560	568	534	401	557	426
1191	1774	1709	1956	1946	1205
46	69	51	63	48	38
0	1	0	0	0	0
1	2	1	0	0	0
4	11	17	18	10	6
1047	1143	1146	1168	1142	873
1948	2127	2331	2451	2059	1505
451	687	584	589	710	460
499	704	648	627	727	396
0	0	1	1	0	0
0	0	2	2	0	2
0	0	0	0	2	0
683	896	850	844	766	469
366	466	481	480	483	359
0	0	0	0	1	0
1900	2364	1927	1563	1597	1226
31	31	27	28	36	25
466	510	489	494	529	400
818	1042	859	1336	1241	832
166	189	181	193	195	133
4	0	3	9	6	5
1952	2389	2168	2373	2440	1834
12	9	3	5	8	10
435	532	422	434	474	324
325	410	334	343	367	273
1	5	5	4	4	3
1536	2120	2022	2136	1997	1399
224	214	308	338	294	204
2396	2960	2680	2538	2656	2209
0	0	1	0	0	0
195	314	267	287	319	206
837	1177	1102	1253	1083	738
2	1	5	2	2	4
31	29	29	62	61	27
167	177	200	219	164	157
814	763	748	1518	1259	1037
6	5	7	9	8	5
688	676	829	695	591	542
466	670	667	632	620	487
278	345	333	338	313	209
203	225	269	234	218	169
2	16	3	17	14	13
546	574	589	598	574	507
82	108	113	113	93	74
2074	2495	1727	1452	2352	2048
7	16	6	5	6	10
5	5	4	13	7	8
133	146	159	216	198	139
238	322	291	334	314	216
0	0	0	2	0	0
610	817	793	940	730	585
1	0	0	0	0	0
0	0	0	1	0	0
0	0	1	0	0	0
0	0	0	0	1	0
413	436	506	520	556	401
399	502	559	595	556	388
1265	1524	1514	1445	1476	1025
0	1	0	4	3	1
90	124	100	137	127	101
282	279	264	223	258	229
597	691	618	722	750	638
28	35	51	61	34	31
33	39	42	30	36	17
120	88	118	93	70	89
27	26	17	38	45	30
603	451	782	1213	968	778
555	777	747	952	953	577
793	759	872	1015	919	742
1	1	1	1	0	1
0	0	0	0	1	0
7	3	5	0	4	2
1	0	2	5	0	0
1	3	3	1	2	0
653	1052	1074	1075	1011	611
459	620	605	789	732	520
5157	7465	7879	7599	7088	4482
168	185	197	189	214	160
7	12	13	7	10	11
408	492	481	407	442	344
89	73	88	76	95	76
263	393	272	353	382	265
1	1	3	0	0	1
0	1	0	0	1	0
304	321	266	365	385	291
244	261	243	299	232	213
641	787	749	766	752	571
269	339	445	502	379	283
324	365	381	389	357	275
476	483	448	493	537	447
72	66	46	90	72	35
81	161	74	38	41	25
2184	2504	1979	1633	1852	1694
5	5	7	12	6	1
15	5	9	4	3	13
216	324	405	344	252	183
525	577	811	893	703	571
20	10	6	15	20	13
878	1162	992	864	912	776
34	25	25	67	33	29
1369	1599	1767	1941	1850	1336
732	928	824	903	1035	728
2199	2473	2281	2230	2307	1871
54	89	40	40	66	50
4	7	3	1	0	2
3347	3923	3066	2701	3041	2716
945	1037	1136	1129	1132	862
295	303	332	365	329	275
127	182	120	74	99	74
1214	1592	1087	913	887	574
74	95	47	90	83	40
28	29	28	36	19	28
0	0	0	24	7	1
133	172	122	93	105	75
0	1	0	0	0	0
2391	3117	2210	1366	1497	1255
2	5	2	0	2	1
1213	1335	1382	1262	1231	1037
1381	1838	2095	2055	1927	1332
10	6	5	12	16	7
513	645	723	781	631	509
11915	13469	13857	14458	12760	9644
1269	1515	1653	1584	1435	1167
19	13	35	23	26	10
6249	8885	9983	9406	7425	5219
8778	9700	9873	9632	7178	4710
173	241	206	217	218	167
1349	1653	1386	1123	1503	1153
397	572	473	487	577	366
1279	1457	1407	1701	1354	1044
3	7	10	7	7	4
1	1	0	0	1	0
139	118	79	42	55	52
1934	2478	2407	1997	1970	1361
2103	2008	2247	2220	2509	2116
62	52	74	64	49	46
1	2	1	1	2	0
0	0	0	1	0	0
384	377	383	450	453	372
2688	2723	2821	3496	3812	3073
160	277	293	243	222	143
0	0	0	0	0	1
441	655	624	707	675	483
347	434	566	711	644	398
270	340	299	354	362	248
5642	6104	5721	4004	4083	3128
8	10	8	6	11	2
0	0	0	1	2	3
2701	3133	2710	2564	2908	2114
334	414	360	516	484	379
1420	1709	1631	2046	1840	1327
0	1	0	0	0	0
61	88	63	17	29	47
59	63	107	129	119	89
89	108	98	102	100	80
58	78	59	73	69	50
1480	1623	1658	1756	1751	1360
302	374	318	367	374	251
448	452	440	557	487	390
1196	1598	1459	1546	1480	1028
2891	3401	3458	3507	3471	2614
1	0	0	1	1	0
1	1	0	0	0	0
24	34	39	65	31	25
6	4	2	8	5	5
577	715	721	841	714	514
1398	1633	1533	1512	1497	1118
0	4	1	2	0	2
183	249	208	195	198	157
14	10	14	12	19	5
2767	3025	3093	2945	3082	2500
3	4	1	1	0	1
199	200	123	24	35	48
2	4	5	1	2	1
230	273	287	66	70	91
1678	1845	1839	1575	1526	1265
118	133	171	149	182	138
17	12	14	9	9	7
2	1	3	2	2	1
1	0	0	0	0	0
62	62	76	107	43	64
2087	2546	2779	2574	2356	1737
57	43	43	53	37	36
1610	1780	1710	1888	1740	1404
204	317	298	271	281	152
3250	4099	4423	4356	3467	2389
28	47	61	47	41	34
3	2	6	2	3	3
26	17	34	38	25	28
1438	1437	1618	1310	1314	1146
10	8	1	9	12	4
0	0	0	0	0	3
24	14	35	51	24	38
134	185	119	116	134	95
6890	8340	8489	7343	6381	5000
1	1	1	1	0	2
106	110	95	114	85	68
4758	5206	5940	5809	5710	4146
728	811	894	1099	934	679
0	0	1	0	0	0
0	1	1	1	0	0
0	2	3	1	0	0
0	5	1	2	0	0
156	133	104	146	128	145
96	130	97	116	132	112
3358	3783	5000	8151	8051	5457
477	548	439	455	438	374
101	139	129	134	108	95
611	711	764	751	774	589
4	2	6	14	8	0
884	1045	889	794	868	710
1044	1202	1498	1788	1678	1272
226	242	272	267	296	190
4	1	2	0	2	1
4	8	8	19	6	12
1	0	1	3	3	1
94	92	118	95	77	79
821	907	855	1048	1122	855
23	7	13	78	109	82
396	176	582	2282	1532	1437
42	25	41	100	92	112
302	267	372	389	376	278
1834	2049	1986	2315	1993	1610
292	317	357	445	318	233
403	451	433	519	542	463
4928	5288	5165	5741	5189	4263
484	580	568	496	551	452
1143	1699	1091	718	934	751
82	102	106	89	76	78
79	116	68	63	88	79
33	22	26	19	27	35
5	3	2	4	5	5
102	121	137	159	141	109
40	33	33	23	23	20
504	595	555	507	594	402
5	4	3	0	1	2
46	81	86	91	68	46
8	6	11	14	7	1
198	201	306	287	215	176
3431	3306	3271	3392	3429	2808
11	11	12	19	13	17
5381	5711	5087	5000	5452	4506
171	223	197	132	138	125
677	810	962	781	699	564
2	2	4	12	4	2
1498	1573	1550	1694	1510	1174
3	2	2	6	4	2
0	0	1	0	0	0
442	513	524	425	367	335
23	54	39	7	4	6
9538	10443	9612	9493	10203	8490
3	6	4	4	4	2
0	0	0	0	1	0
523	526	506	622	618	441
514	600	563	487	555	392
3	1	1	3	4	4
522	782	796	561	410	289
1437	1544	1638	1612	1592	1363
0	1	1	1	0	0
1128	1330	1475	1359	1231	945
110	132	117	124	88	101
223	336	370	217	177	165
116	148	239	197	140	93
2333	2398	2576	2429	2260	1985
3794	4417	3557	4205	4270	3181
914	1157	1211	718	695	449
1554	1827	1915	2043	1951	1359
121	195	275	308	205	147
1026	1255	1276	1082	1110	831
1926	2575	2596	2450	2012	1181
537	565	558	613	616	544
40	40	45	49	38	30
103	127	135	113	114	77
1360	1652	1588	1498	1536	1151
614	676	741	726	623	462
21	30	14	15	15	12
2027	2390	2349	2243	2303	1853
5848	6210	7883	7168	6632	5621
8	4	7	23	10	14
276	290	313	252	303	237
5	16	30	18	16	12
336	438	465	476	361	268
12	8	19	14	2	7
24	18	37	38	21	15
256	513	538	662	578	263
3787	3813	3991	4682	4277	3582
768	978	1220	964	1054	767
2733	3361	3590	3619	3197	2450
1	0	2	0	0	0
10	8	5	15	9	7
1383	1506	1575	1563	1491	1122
642	763	810	727	716	501
377	475	550	526	467	329
0	0	3	0	0	1
10	28	28	21	22	9
2064	2517	2475	2566	2564	1840
667	700	748	915	924	716
544	632	695	763	675	521
225	279	281	279	343	204
11	37	37	47	44	8
4187	4825	4518	4139	3826	3055
2158	2766	2735	2683	2588	1771
592	712	730	673	707	580
2318	2363	2427	2375	2492	2021
8	3	5	7	3	11
0	1	7	4	3	2
690	848	870	873	786	579
2	13	7	3	9	3
474	520	660	579	560	451
156	194	252	224	227	148
1	0	0	0	0	0
470	528	681	622	596	468
1971	2380	2380	2188	2103	1611
219	327	235	187	155	114
30	30	38	36	29	36
8	6	11	9	6	6
58	79	73	60	66	60
1468	1561	1805	1608	1480	1288
1374	1393	1415	1457	1422	1278
1	1	1	1	1	1
1565	1710	1698	1680	1573	1279
900	1236	1457	818	789	488
910	1156	1209	1180	1099	801
43287	47780	45901	46781	50299	39153
751	828	828	810	635	572
3	5	9	81	21	14
0	4	3	3	4	0
3	7	10	12	8	1
464	428	466	496	512	399
309	321	431	292	304	225
136	167	180	119	74	58
1396	1750	1924	1671	1535	1127
1699	1848	2008	1830	1740	1421
3	5	8	5	8	8
5	11	9	13	12	12
1134	1393	1285	1340	1194	915
345	625	663	535	440	275
2	2	4	0	1	3
1910	2216	2285	2243	2049	1548
57	65	80	82	83	56
0	0	0	0	2	0
1	0	0	0	0	0
3	2	3	2	1	2
366	607	717	803	611	349
176	280	351	438	358	226
897	1149	1133	1033	951	740
8	6	9	5	13	4
139	199	246	222	185	156
1199	1412	1366	1195	1170	828
2477	2851	2179	1610	1851	1381
27	45	54	21	16	12
103	116	75	46	61	42
4	5	7	13	7	12
287	314	361	320	312	247
401	493	528	473	399	347
7	15	11	16	10	12
17	13	14	8	16	13
5	6	9	4	6	4
4	4	2	8	7	5
100	140	156	173	116	85
36	68	85	67	79	60
21	36	34	21	35	29
56	100	86	100	100	86
0	0	0	0	0	1
102	110	174	185	148	119
76	95	82	87	68	62
257	342	302	333	353	208
2	0	4	0	0	0
114	160	170	145	133	99
2477	2745	2882	3235	2616	1959
6140	6867	6701	7302	7236	5525
17	36	20	21	27	9
12	12	10	11	8	12
5	19	12	13	10	4
1456	1730	1822	1524	1576	1223
82	107	74	86	47	35
1141	1620	1480	1611	1505	1079
361	431	443	451	459	310
203	191	192	274	227	161
45	73	70	78	63	23
1237	1558	1546	1348	1317	933
19	27	23	23	10	11
1660	1864	1620	1981	1898	1464
7	3	5	9	8	11
345	535	668	562	448	277
9	5	10	8	13	7
274	476	486	596	521	306
59	86	118	114	103	82
553	559	558	709	672	544
203	276	258	470	369	217
1908	1998	2060	2017	1966	1466
580	723	681	714	719	492
6	6	4	4	3	6
2639	2877	2860	2702	2797	2293
0	0	0	1	2	1
172	231	228	206	168	136
4	6	9	5	4	3
8	17	11	44	31	21
12210	15282	16687	16055	11377	8880
16	20	25	35	28	10
253	354	276	171	248	178
24	18	9	8	12	9
4	2	3	2	3	5
1	1	1	14	11	7
0	1	0	0	0	0
320	389	444	437	370	242
361	445	525	494	494	370
223	202	209	160	199	166
8	2	6	6	7	11
551	723	651	774	849	532
199	214	162	153	197	146
146	237	364	298	257	191
40	29	12	20	28	21
467	468	259	136	206	262
837	944	942	879	872	701
6353	7463	7422	7786	7610	5369
5	0	6	8	2	3
2	0	2	2	0	0
522	706	642	764	758	537
1	0	2	4	3	1
0	0	3	1	0	0
349	596	539	532	485	368
255	269	321	306	252	205
608	833	782	868	843	544
6	15	24	21	20	16
636	850	763	848	914	623
241	435	334	287	368	236
4912	5679	5341	5019	5773	4500
6046	6785	6229	6417	6791	5060
217	224	207	262	204	169
0	4	1	0	2	2
411	394	488	660	516	518
154	124	139	99	146	154
1176	1369	1224	1392	1546	1161
100	115	54	7	7	15
0	1	0	5	1	3
32	27	30	55	71	40
1263	1563	2023	1463	1382	1076
3	2	2	2	1	1
55	84	143	295	254	137
5021	5671	5576	5812	5183	4151
116	159	163	181	176	119
94	188	127	130	154	91
49	76	65	61	66	58
730	799	865	803	1003	781
17	29	15	57	35	21
806	1186	1143	1181	1111	760
23	11	14	48	13	14
206	213	210	186	155	137
750	916	1099	1366	949	724
1656	1943	1968	1707	1670	1325
890	1066	985	998	1205	907
4249	4749	3919	3648	3304	2764
15	13	5	17	16	10
416	760	713	792	604	367
0	0	1	0	1	0
314	348	414	446	396	295
0	0	0	0	1	0
1	0	0	0	0	2
0	0	0	0	1	0
1679	2618	2360	2202	2003	1370
162	180	175	142	151	143
65	84	55	39	51	41
185	96	252	343	274	223
5	2	7	3	7	1
13	13	20	48	38	11
0	2	0	1	1	0
0	0	1	0	0	0
611	883	944	1034	1028	646
433	677	788	861	627	400
83	135	120	127	121	77
15	32	26	13	7	11
0	2	1	4	5	5
5	4	9	8	6	4
5	5	17	6	7	2
179	165	181	221	258	214
0	0	2	3	3	0
15	7	14	7	8	2
120	145	126	142	142	95
1111	1308	1217	1179	1116	883
1	0	1	1	1	0
0	0	0	0	2	0
0	2	1	0	0	0
3288	4149	3660	3758	3440	2476
1612	1881	1373	1377	1337	1095
1	0	0	1	1	0
1	1	0	3	0	0
2	2	1	1	2	0
398	477	414	578	589	414
2305	2235	2796	3392	2946	2270
207	260	215	258	252	182
307	388	419	462	380	204
49	67	52	66	78	42
17646	20553	21189	22766	21869	17075
93	87	109	167	134	117
1760	1991	2051	2222	2059	1628
0	0	0	1	0	0
2	0	0	0	0	0
28	34	55	56	59	36
2	0	0	2	5	0
1108	1236	1263	1390	1231	931
2	0	1	0	0	0
0	0	1	2	0	0
912	1139	1173	1116	1168	892
623	690	815	933	771	597
387	391	470	442	366	308
27	47	83	133	99	52
660	1373	1364	1372	1468	618
1	1	0	1	0	0
0	0	1	2	0	0
0	0	0	1	0	0
10	9	15	14	1	7
1	2	1	3	4	4
4	6	3	7	13	6
1341	1606	1556	1826	1712	1241
1	2	1	0	0	1
460	534	490	638	595	463
2	1	0	0	0	1
0	1	0	0	0	2
10251	11906	11303	11568	11495	8963
508	703	679	645	610	415
1482	1570	1652	1791	1730	1411
2339	2969	2908	3154	3086	2329
7	4	17	12	9	3
3602	4549	5849	6499	4907	3331
164	256	229	258	229	183
2309	2903	2711	2796	2794	2138
1438	1603	1805	1765	1919	1417
290	349	410	498	417	282
1	0	0	0	0	0
1	0	1	0	1	1
146	206	163	198	194	155
5638	6602	6310	5034	5050	3957
53	51	57	68	60	51
1768	2425	2359	1821	1653	1153
597	592	674	566	358	288
128	130	131	108	115	116
899	922	1116	822	786	652
339	295	300	221	324	325
19	18	18	17	14	24
728	763	617	541	624	483
1	7	2	1	1	2
1	0	1	2	3	0
659	892	774	810	843	649
246	222	244	340	290	205
657	878	976	997	848	560
2664	3264	3204	3447	3123	2235
1	0	0	2	0	1
244	262	251	274	249	200
143	237	130	73	85	71
619	633	614	680	678	561
0	0	0	1	0	0
32	31	27	29	44	36
755	966	1048	1062	940	660
1002	1234	1310	1411	1306	965
0	0	0	1	0	0
0	0	0	1	1	0
364	469	321	462	445	337
145	159	190	150	150	106
884	1172	1110	1111	1138	809
6	3	3	5	4	9
526	643	655	611	599	452
15	15	11	7	10	3
524	511	481	443	456	414
5	5	3	0	6	5
114	212	210	290	264	138
5147	5594	5810	5638	6099	4759
645	789	732	691	707	551
4	10	13	11	8	4
727	934	987	908	738	556
116	135	87	58	100	40
15	16	25	15	11	11
304	457	595	637	451	257
275	336	396	489	384	247
1070	1484	1240	1011	1148	772
514	796	951	1113	1194	581
1806	2137	2330	2246	2312	1701
711	1042	1003	1164	934	574
142	239	466	625	266	183
2163	2787	2688	2510	2308	1803
56	80	43	11	7	12
88	87	172	259	83	61
2	12	11	11	7	3
1	1	0	11	1	3
1375	1502	1386	1587	1450	1102
7	5	6	8	9	9
0	1	0	5	7	1
2767	3387	3166	3002	2950	2183
3	3	10	7	1	1
1324	1560	1550	1131	1122	727
413	488	426	406	430	302
214	417	374	222	247	93
371	642	654	589	595	317
69	128	93	94	114	78
5	14	7	3	5	3
558	709	695	550	549	401
8	28	11	15	14	7
8	11	19	6	12	2
0	0	1	0	0	0
2	1	1	0	0	0
1	2	4	0	0	1
6	7	2	0	1	1
16	33	16	10	24	14
1239	1449	1244	1159	1288	1032
10616	11851	12544	12145	12173	9532
5030	5870	6136	5782	5489	4250
27894	31552	31411	30871	30152	23682
10650	14202	11427	9568	9540	6570
695	818	622	686	756	633
321	384	307	294	335	304
337	399	383	323	304	242
7	3	2	7	2	0
4491	4378	4520	4444	4159	3445
0	2	2	2	1	2
32	30	19	33	40	30
551	795	792	619	619	387
29	28	9	22	26	23
1113	1169	1157	1150	1109	941
1122	1328	1536	1620	1484	1243
3705	4640	4197	3939	4123	3034
67	68	94	63	71	58
629	923	841	779	890	453
0	0	1	0	1	1
546	531	561	654	704	503
595	787	794	934	834	520
1204	1624	1423	1411	1441	1020
4345	4737	5262	5392	5135	3900
56	79	81	32	54	39
1063	1202	1416	970	892	696
332	508	543	483	446	248
8444	9120	11323	9847	11088	8227
14402	15212	14167	14797	15125	12051
389	504	389	358	423	266
7578	8263	10548	8995	9628	7338
17	17	27	32	22	16
40	36	44	47	59	37
354	529	504	387	358	279
1670	1970	1839	1531	1674	1237
64	99	128	13	24	34
734	740	882	548	637	493
1353	1400	1428	1404	1309	1064
28	29	17	14	28	19
75	118	114	90	111	95
781	1066	955	1002	949	676
2819	3637	3781	3310	2941	2301
267	307	313	268	307	233
27	33	30	54	41	22
1235	1579	1822	1283	1441	1116
2	1	3	4	7	6
12	15	21	18	23	16
12	19	6	6	9	5
1	0	0	0	0	1
0	3	2	3	1	0
0	0	2	0	0	0
6	7	10	18	10	4
1	0	1	0	0	0
1	3	1	3	2	4
0	0	2	3	3	1
109	184	135	151	175	108
2130	2993	2809	3140	3122	1891
7	15	9	7	13	19
1	0	0	0	0	1
124	136	134	160	140	107
443	606	572	649	550	437
1800	2148	2086	2113	2162	1565
10	17	19	24	23	19
1864	2186	2137	2343	2513	1844
1707	1752	1657	1576	1678	1436
475	516	723	485	540	439
1	0	0	2	0	1
622	726	725	597	644	558
0	1	0	1	3	0
5	19	12	16	29	22
248	288	311	320	337	201
2	0	0	0	0	1
1	0	1	0	0	0
3	1	0	1	0	0
100	128	154	130	106	92
12	20	10	21	14	9
5	8	8	5	6	1
766	908	911	870	884	598
0	0	0	1	0	0
226	252	266	260	245	170
34	43	58	89	68	54
1835	1996	2246	2135	1806	1518
1769	2061	1952	2037	2075	1601
172	165	171	159	146	160
286	312	562	502	363	277
158	214	295	250	210	165
721	892	1031	988	917	696
58	72	122	663	290	134
5262	5864	6092	6721	5553	4354
0	0	0	0	0	1
183	323	326	334	285	197
279	349	355	383	367	295
1	2	3	2	2	4
1	0	0	0	0	0
94	179	181	208	221	99
202	183	241	247	237	185
90	113	75	111	107	83
5	7	4	3	3	1
199	256	273	246	250	203
327	323	350	438	342	311
1189	1615	1795	1929	1669	1013
1323	1634	1863	1618	1642	1060
11	18	15	4	6	4
795	997	957	930	901	687
82	105	119	100	74	30
0	0	1	0	1	0
582	708	724	621	611	533
688	688	591	594	615	526
170	219	298	251	238	147
3	0	3	2	0	2
0	0	0	1	0	0
823	921	882	888	941	696
631	809	875	915	830	607
5724	6432	6560	5948	5667	5161
336	441	400	275	245	191
0	0	0	0	1	1
136	253	260	257	252	125
123	164	233	182	166	100
1822	1913	2003	1815	1968	1660
2	0	4	2	1	5
66	91	130	75	63	44
0	0	0	0	0	1
193	267	211	150	174	161
1032	1118	994	900	1118	856
2594	2882	2688	2883	2480	2106
1	0	0	0	0	0
1363	1336	1284	1386	1292	1064
527	613	664	531	491	418
280	397	330	285	354	213
1396	1960	1278	846	1622	1201
426	473	538	486	403	332
9	13	4	3	2	5
365	439	434	359	353	260
99	101	103	132	67	85
497	804	871	672	581	323
152	134	130	27	20	33
5	2	9	7	3	4
836	765	775	825	844	739
7	3	6	5	11	7
720	869	858	1005	1000	760
162	187	210	355	334	253
0	0	0	0	0	1
0	0	0	0	1	0
0	1	0	0	0	0
1	0	2	1	0	0
2	0	1	0	0	0
1	0	1	0	1	0
1	6	3	6	4	0
0	0	1	0	0	0
25	41	40	23	25	18
584	580	622	569	581	447
6	6	5	0	2	3
242	275	260	242	246	207
2888	3178	3458	3571	3587	2682
1399	1579	1398	1384	1564	1188
51	48	42	55	71	59
1	0	0	0	1	0
527	615	591	749	679	547
817	794	871	873	880	746
54	34	52	35	35	40
987	1044	1041	1148	1211	857
1265	1439	1274	1167	1242	1130
0	1	0	0	1	1
455	512	573	486	497	364
536	674	724	653	592	431
8	5	2	8	1	5
91	154	130	82	100	76
2512	3547	3739	3622	3106	1918
2	5	3	6	5	3
35	67	72	51	71	29
1037	1332	1236	1290	1314	990
1143	1316	1308	1206	1308	1099
1245	1330	1328	1229	1268	1036
1106	1299	1116	826	805	694
37	34	108	163	102	50
3	0	3	11	8	12
17	30	20	7	21	34
1	0	1	0	2	1
0	0	2	0	0	0
2	0	2	1	3	4
660	725	638	692	864	701
150	192	189	190	198	174
0	0	1	0	0	1
1085	1342	1166	1464	1568	1122
1336	1515	1348	1270	1292	1013
1875	2143	2038	2160	1878	1523
6	9	12	17	16	18
678	902	950	1030	841	635
61	56	46	57	73	52
591	737	704	1035	1004	771
756	1041	1108	1145	1098	773
492	549	652	629	666	443
32	24	26	15	22	24
9368	10930	11757	13030	11206	8382
6	1	5	6	3	10
58	105	75	72	80	42
192	223	218	201	240	147
1283	1472	1534	1511	1549	1252
628	1008	900	971	926	511
82	127	124	113	123	90
157	186	173	178	172	161
10	25	11	6	16	7
953	1225	1051	1023	1033	776
898	1160	1225	1177	1240	867
42	66	33	29	31	27
229	250	234	228	266	203
669	814	631	528	544	385
67	79	56	77	90	82
381	516	469	604	672	480
4010	4670	4559	4367	4444	3539
0	0	0	0	1	0
0	0	0	0	0	1
2	0	2	1	1	4
3	5	3	1	0	0
24	39	33	26	33	12
273	258	326	268	275	195
5210	5993	5910	6335	5755	4372
141	219	222	144	218	150
43	29	78	108	80	56
262	332	357	412	434	286
69	112	137	98	122	59
283	423	440	309	536	350
1620	1395	1468	1829	1757	1589
397	398	343	379	356	334
3663	4250	3925	3683	3791	3023
1142	1357	1563	1390	1351	1068
1806	2143	1833	1957	1974	1621
436	475	484	498	536	416
53	18	17	49	41	41
0	0	0	2	0	1
261	268	242	247	289	223
182	236	269	320	270	207
32	24	62	267	160	139
1400	2114	2013	2135	1905	1204
38	74	44	37	62	20
1317	1397	1363	1429	1398	1104
12	24	30	33	23	16
0	0	1	0	0	0
150	209	113	92	87	46
1435	1585	1134	589	660	599
5	20	12	9	24	17
1665	2234	2021	2478	2824	1878
15	6	7	12	11	8
14	23	7	2	8	15
347	360	324	311	308	303
1	0	1	3	0	0
125	189	169	296	195	154
75	86	65	89	115	89
961	1179	1081	1125	1139	865
491	647	636	586	538	424
703	850	615	512	523	462
0	0	0	0	0	1
3	3	2	2	3	1
1	0	0	2	0	0
31	29	18	12	14	16
8	13	15	7	12	18
806	956	984	930	1114	772
4	3	5	3	3	5
4827	6400	6032	6172	5843	4029
1560	2018	1761	1446	1612	1238
2117	2404	2432	2201	1986	1659
1790	2039	2115	1413	1750	1369
3307	4254	3697	2626	2763	2305
10175	11324	10882	10540	10866	9157
7058	8110	8322	8401	8894	6148
0	1	0	0	0	0
0	0	1	0	0	0
0	0	0	2	0	0
3	4	2	4	3	4
4	4	2	6	7	2
2	1	3	4	2	3
9	15	21	20	17	6
0	2	1	2	0	0
217	246	209	146	145	189
51	59	65	46	48	28
0	0	0	1	0	0
115	193	175	179	175	123
341	396	355	323	381	235
3369	3454	2965	2572	2711	2429
0	0	2	0	0	0
540	654	459	473	590	469
490	587	593	485	568	462
354	316	231	271	333	338
1104	1178	1106	1564	1693	1235
6	9	9	5	5	0
237	298	274	428	414	200
1333	1684	1489	1644	1483	1142
734	852	773	797	794	646
606	790	628	614	679	438
305	397	403	384	367	254
1694	2089	1838	1805	1702	1303
697	661	592	678	691	624
1105	1338	1021	1139	1516	1068
99	87	85	96	94	94
126	154	170	190	188	97
202	194	262	372	311	226
1550	1897	1781	1888	1800	1415
0	0	0	0	0	1
5	1	4	2	3	5
0	0	0	1	4	1
16	29	10	17	20	13
490	505	541	598	541	451
219	211	219	258	239	209
8	21	6	4	8	6
3324	3874	4098	3909	3339	2557
12530	14220	16281	16053	13263	10974
223	325	217	409	388	213
1	1	0	0	0	0
16	15	21	53	50	19
722	808	955	896	905	760
1164	1548	1487	1302	1381	909
499	602	673	796	575	447
327	425	314	320	323	227
90	88	120	98	92	82
1191	1431	1121	1407	1314	950
20	39	15	6	6	8
1	0	3	0	0	1
0	3	0	1	1	0
83	108	70	109	95	71
36	81	54	107	82	33
181	184	146	50	45	33
1741	1954	1996	2238	1824	1366
765	909	728	754	700	524
698	692	556	629	770	629
1	2	5	3	2	2
6	12	8	12	14	14
118	123	129	149	156	173
0	0	1	2	0	2
1583	1442	1576	1484	1532	1292
21	22	20	21	12	10
2	3	3	4	5	3
523	601	658	728	672	507
11	11	6	3	1	5
22	25	21	15	17	14
0	1	1	0	2	1
32	38	35	103	64	44
43	47	46	30	30	18
4	5	2	1	2	5
1402	1575	1481	1414	1507	1231
237	324	215	184	285	196
3	8	6	16	12	13
2262	2711	2307	2370	2542	2021
19	42	11	21	24	25
190	250	290	286	296	172
159	242	199	107	116	100
229	394	412	405	440	195
308	349	388	411	390	324
21	32	36	23	33	8
161	168	150	169	159	137
15	33	26	40	25	18
246	415	330	330	455	284
1461	1459	1598	1521	1474	1227
80	92	89	74	83	76
94	140	146	268	284	187
75	72	63	88	107	67
27	33	42	80	56	33
5	11	12	9	5	6
1267	1446	1777	1471	1501	1166
3	3	4	4	8	2
4314	4597	4402	4684	4758	3755
594	748	830	738	767	569
1330	1524	1453	1427	1411	1228
8	4	7	2	8	8
0	11	6	7	9	1
10	9	10	25	22	8
127	213	191	140	162	91
305	338	375	362	340	236
129	182	188	171	167	131
21	23	26	35	15	10
415	509	497	458	445	345
72	123	125	117	145	79
240	223	319	339	259	223
512	802	781	763	790	519
743	929	796	948	980	716
1224	1161	1301	1125	1119	917
930	991	996	901	918	721
5	4	13	16	9	5
3559	4029	4394	4411	4039	3103
6	1	6	10	3	4
206	284	275	254	254	190
370	395	356	390	462	402
0	2	3	8	2	3
0	3	1	3	2	1
693	779	988	884	759	590
146	151	182	170	191	171
440	463	471	497	418	396
2862	3259	3047	3070	3167	2418
616	724	665	579	594	447
706	811	1025	1161	942	662
1049	1172	1343	1129	1156	871
84	156	144	177	86	98
371	584	627	498	515	296
1970	2023	2180	1879	2127	1764
1349	1590	1580	1891	1245	793
3	0	1	5	2	0
6	3	7	2	5	7
21	16	17	11	7	24
55	88	88	71	86	41
149	179	187	154	142	118
747	932	949	878	954	574
405	455	436	371	341	271
11	4	12	8	8	1
130	147	167	144	112	90
13	17	49	24	15	15
2317	2046	2058	2014	2028	1692
7	7	9	26	9	7
9699	10631	12814	11442	10284	8661
1221	1276	1319	1364	1300	1152
708	697	668	563	639	577
1742	2007	1967	1773	1925	1441
960	1050	1106	1000	1062	881
117	132	132	112	99	85
223	296	360	337	233	180
120	108	153	105	95	101
952	1011	1013	944	920	785
115	178	209	192	187	117
66	102	98	74	51	46
363	351	383	332	374	310
894	1064	1055	1022	994	768
155	186	215	168	120	99
583	639	583	576	576	428
9	14	7	7	4	5
0	0	0	3	1	2
62	71	92	46	41	42
514	618	551	468	465	391
0	2	0	0	0	0
1	0	0	1	1	0
220	302	289	248	181	202
374	454	438	475	417	308
53	57	60	86	59	53
2292	2635	2345	1827	1946	1582
223	224	237	186	122	138
1501	1494	1542	396	363	447
4	4	3	1	0	2
28	19	10	2	2	5
313	400	407	306	329	266
54	82	101	107	98	73
62	104	107	110	99	79
148	191	251	205	209	118
1311	1582	1601	1385	1589	1216
1	0	0	0	1	0
1	0	0	0	0	0
0	0	0	0	0	1
0	5	4	6	3	2
1475	1997	1533	1376	1733	1236
1699	1866	1808	1649	1761	1367
1	6	3	3	6	3
2	1	0	1	1	2
1702	1975	1994	1928	1830	1496
1341	1461	1346	1341	1397	1217
54	63	51	92	78	49
3104	3796	3998	3546	3325	2438
1436	1637	1509	1507	1543	1228
31	30	31	43	48	39
195	210	223	196	239	183
3626	3907	3586	3538	3479	2950
775	926	909	1018	999	645
526	618	568	543	652	419
242	204	247	260	236	214
116	102	98	117	130	77
0	7	6	6	11	4
1591	1879	1942	2142	1953	1577
0	1	1	1	0	0
294	332	347	350	361	213
0	0	1	0	0	0
1119	1339	1407	1904	1795	1276
91	117	135	133	122	100
996	1037	1121	1386	1110	960
9755	10174	9513	8935	9826	8375
14	30	34	24	44	18
34	19	7	38	27	40
0	0	0	0	1	0
14	28	17	11	25	20
126	108	111	195	185	129
398	479	487	511	465	322
671	816	747	857	765	605
1	2	0	0	4	0
23	17	31	33	24	17
20	36	89	86	50	8
1745	1969	2171	2195	1971	1743
406	451	396	394	416	305
1188	1126	1304	1407	1410	1162
379	496	378	465	477	363
0	0	0	0	0	1
60	64	69	76	52	64
375	353	417	399	447	338
3763	4848	4691	5444	4784	3234
6788	8177	7672	6950	6495	5243
495	527	430	282	281	265
66	97	65	105	71	39
3	1	2	11	5	1
2	0	2	0	0	0
6740	8298	7592	7165	6700	5049
4565	5338	4823	5427	5435	4119
697	805	834	814	725	646
5	17	23	20	12	2
0	0	0	1	0	0
1350	1631	1644	1840	1560	1304
4	4	4	4	8	6
272	323	238	581	466	355
0	3	1	0	2	2
158	205	215	226	208	139
0	0	0	1	0	0
284	358	276	329	283	279
127	192	153	175	211	155
1056	1179	1360	1250	1275	1102
1781	1911	1493	1388	1748	1453
1092	1365	1462	1379	1322	971
947	1055	1039	1060	1176	913
1004	1196	1277	1255	1204	930
7	22	6	13	7	8
3872	4135	4107	4101	4088	3332
880	1247	880	783	833	500
1204	1755	1889	2548	2115	1385
439	635	600	503	527	395
1468	1386	1208	1731	1644	1242
2719	2682	2766	3439	3009	2486
7	11	21	10	13	8
32	53	42	22	26	19
1754	2113	2693	2198	1631	1239
3	8	10	2	3	0
18	30	28	10	18	10
2	11	7	6	6	7
377	494	585	670	511	426
765	854	888	890	761	608
1	3	2	1	3	2
724	874	810	580	665	504
119	75	79	59	43	98
17	28	17	7	10	4
454	547	552	597	600	424
2318	2481	2658	2375	2562	2065
402	457	409	463	463	299
219	248	247	262	208	183
813	872	937	780	802	583
1719	1967	1845	1586	1614	1290
6315	7321	7280	7449	7063	5190
1501	1470	1571	1510	1530	1333
64	71	55	70	59	41
5	4	3	5	5	6
13	13	13	29	28	22
20	38	24	22	34	22
1184	1065	1214	1134	1144	909
1290	1417	1206	1270	1402	1113
20792	22381	24174	22981	16375	13247
2257	2452	2522	2384	2384	1725
651	730	585	580	770	620
527	592	584	513	613	458
22	11	19	9	17	7
724	1047	1124	896	795	525
67	91	88	49	41	41
1	0	2	0	0	1
774	861	916	739	790	619
2412	2718	3060	2663	2503	2068
203	296	296	84	74	36
1068	1129	1317	808	777	628
1	3	7	7	3	2
3570	3800	3858	3562	3714	2943
5029	5537	5649	5640	5034	4034
2446	3010	2729	2672	2903	2054
589	616	701	634	678	515
0	1	2	0	1	2
468	549	551	572	549	469
238	244	285	286	288	212
90	102	89	86	91	87
702	839	756	806	894	714
34	45	45	44	46	39
0	0	0	1	0	0
3242	4329	4061	3863	3631	2623
1528	1702	1716	1616	1616	1258
1	1	3	0	1	1
582	634	540	668	572	535
778	1204	1057	1059	933	653
5527	6469	6213	6239	6058	4745
45	42	70	71	76	35
435	519	482	464	461	416
498	549	443	594	671	492
3	8	5	1	9	5
732	771	806	701	713	658
146	169	184	188	184	128
3279	4119	3919	3676	3400	2182
64	44	50	18	40	27
179	127	356	865	604	451
190	264	265	224	252	187
1075	1247	1169	1249	1238	933
1013	1291	1187	1409	1295	804
11	12	8	10	8	13
2282	2504	2698	2758	2489	2163
28	58	33	26	43	31
174	169	165	110	125	160
32	42	43	9	5	9
230	346	383	426	339	246
3571	4384	3538	4674	3910	2767
12	12	17	5	10	10
2	0	2	6	2	3
1330	1637	2024	2977	2120	1474
198	267	311	313	306	214
381	520	574	559	512	358
154	194	253	216	190	157
1079	1152	1031	989	1032	907
10	13	26	53	12	8
7	9	11	38	11	7
0	0	0	0	2	0
10	11	25	34	21	15
3	2	0	4	9	4
0	2	0	2	0	0
0	0	0	1	1	0
0	0	0	0	0	1
0	1	0	0	0	0
0	1	0	0	0	0
4	6	13	22	10	3
330	407	416	504	468	292
1343	1290	1461	1589	1569	1273
459	624	475	476	567	388
145	139	156	216	169	160
8	2	5	7	1	3
8	5	10	22	15	7
2390	2817	2617	2536	2672	1998
4528	5553	5226	5218	5989	4457
2570	2830	2833	2845	2735	2265
2	0	3	2	0	2
128	232	266	334	211	122
0	1	3	4	1	4
67	72	67	80	113	83
1210	1355	1500	1448	1307	1015
466	645	630	604	612	326
773	764	571	655	738	749
8	4	15	22	32	27
26	16	22	16	19	18
1305	1403	1409	1506	1323	1136
431	519	546	480	459	352
1443	1654	1570	1451	1520	1216
34	39	47	59	51	24
271	383	390	596	496	344
6	10	4	20	41	22
183	202	208	122	206	174
5	2	5	0	0	3
17	1	11	7	10	11
868	965	1010	782	815	635
286	189	294	399	429	356
8	7	5	10	7	8
0	0	0	1	0	0
145	193	207	169	156	109
237	255	225	201	216	182
100	152	156	254	173	130
765	817	847	852	868	762
1497	1791	1642	1838	1818	1423
20	24	26	40	23	18
353	411	360	474	432	314
100	101	123	119	124	82
634	806	765	643	788	531
10008	12734	10945	10290	10977	7534
151	146	111	110	134	137
798	853	830	678	618	502
1757	2125	1791	1873	2125	1569
0	0	1	2	0	0
0	0	1	0	4	0
2	0	0	0	0	0
0	0	0	1	0	0
273	260	290	248	252	223
97	127	138	91	136	89
52	77	77	54	65	43
877	1099	1049	1114	1132	784
1166	1440	1472	1410	1443	938
6	4	3	2	1	2
849	1038	1073	965	943	846
15	6	11	8	8	6
1270	1621	1057	667	985	757
0	1	0	0	0	0
1	2	3	3	5	0
434	449	401	419	383	389
1	1	0	0	0	1
3	0	1	1	3	2
0	2	1	1	0	0
1	2	2	1	1	7
0	0	0	0	1	0
1187	1490	1366	1360	1462	1078
783	1104	882	659	850	672
13	7	17	21	18	12
110	132	123	74	104	72
8	19	13	8	14	4
3	3	8	7	5	2
45	53	55	44	33	40
180	185	189	234	221	193
183	202	330	615	646	474
3436	3744	3885	4064	3619	3085
53	61	61	37	36	34
14	10	5	10	8	5
120	124	175	155	176	117
260	324	348	321	270	206
55	42	67	105	89	57
6	6	5	8	3	4
0	3	3	2	0	0
0	0	0	0	1	0
64	45	95	106	52	43
33	57	69	48	47	36
0	2	0	5	2	1
1161	1328	1451	1431	1547	1158
4	6	9	1	2	2
405	495	472	395	382	275
3730	4062	3859	4258	4107	3278
201	258	244	256	212	172
526	659	677	701	553	447
40	50	55	49	39	42
256	292	291	268	302	237
2	2	2	0	1	2
117	123	157	164	114	112
667	973	926	852	881	519
1	1	1	0	1	0
1172	1301	1290	1217	1351	1176
380	503	514	461	459	304
520	552	621	618	751	531
1807	2156	2195	1968	1912	1619
238	290	282	280	324	251
2	8	12	5	6	1
45	44	64	71	48	36
2	12	4	5	6	5
334	362	352	507	492	300
9	13	14	4	2	6
2	0	0	0	0	0
362	408	370	370	341	268
234	230	216	214	248	233
1125	1399	1324	1407	1377	994
165	223	148	63	112	74
239	317	264	212	255	187
245	289	195	164	215	165
1264	1381	1363	1375	1309	1136
1215	1294	1167	1144	1232	1041
0	4	4	6	9	4
85	92	113	90	89	70
285	269	251	666	507	370
12165	14668	12739	10181	10508	8671
558	597	562	633	609	445
26	27	40	64	44	23
1	0	3	5	5	3
2373	2734	2200	2171	2707	2086
1328	1716	1559	1401	1367	858
655	841	839	894	659	553
1	0	0	0	5	3
459	463	509	465	459	382
1595	1437	1452	1406	1665	1365
0	1	0	1	1	3
1140	1200	1158	920	1106	909
3828	4379	4077	4594	4296	3278
1030	1519	1565	1902	1868	1006
1160	1328	1432	1541	1492	1201
1418	1501	1543	1626	1567	1210
1999	2281	1998	1856	1814	1466
6283	6894	7168	6958	5828	4655
795	901	1104	1193	1085	796
2	1	3	2	0	0
3668	3928	3982	4020	3617	2939
90	110	106	113	114	68
2	0	0	0	0	0
311	335	410	317	363	303
1	2	3	0	3	1
1005	1192	986	971	1033	828
163	185	183	209	180	164
267	356	261	305	316	229
1968	2361	2185	2248	2155	1560
136	189	136	104	213	150
11	8	10	8	9	10
17	3	0	0	2	1
89	109	96	93	102	68
3	1	2	4	1	3
96	149	122	32	81	72
114	162	191	132	131	77
511	501	427	517	529	484
1776	1878	1912	1741	1630	1317
626	966	777	786	882	577
151	147	126	13	57	45
8275	9486	9079	9296	9399	7256
806	925	830	746	809	678
332	429	400	319	365	277
332	499	393	514	520	329
1989	2340	2070	1895	2068	1614
1277	1369	1299	1393	1459	1179
10872	13468	12193	11080	9882	8070
390	503	490	476	540	337
3986	4993	4388	4397	4501	3559
1653	1787	1635	1523	1647	1492
3	6	3	4	2	3
0	1	1	0	0	0
636	718	697	674	658	517
385	374	416	368	410	400
17	14	19	20	18	25
498	524	561	606	547	510
498	563	561	1025	921	639
6820	7586	7550	7367	6064	5206
153	294	268	306	222	138
5	3	6	3	3	0
909	802	652	652	638	570
1447	1600	1195	929	1117	924
257	363	448	471	424	261
5450	5936	5442	5647	6043	5016
531	669	643	718	644	459
272	266	292	264	230	193
0	0	0	2	0	0
0	0	0	0	0	1
6	2	5	10	14	8
3	4	1	5	7	3
280	259	239	204	259	215
1	3	2	1	4	0
791	821	799	539	490	350
185	211	243	178	205	175
562	624	584	638	670	577
1702	2078	1756	1528	1790	1329
49	79	75	74	89	53
2336	2696	2853	2619	3007	2328
18	27	27	14	41	19
0	0	0	2	0	2
515	642	605	641	522	391
570	668	548	460	401	328
787	1227	881	729	721	525
20	17	27	19	19	12
4	3	2	1	2	6
2159	2260	2277	2371	1978	1576
1	1	2	4	6	0
1006	1110	1230	1091	1063	857
37	57	51	49	46	27
2	10	12	7	8	9
104	136	116	104	143	104
11	13	12	15	9	8
3257	3776	3419	3567	3737	2896
311	398	429	426	406	293
10	12	8	5	5	8
336	343	377	324	340	261
25	28	21	23	12	19
0	3	0	6	2	1
3	4	0	3	1	4
135	146	157	97	90	96
350	334	379	213	181	156
28	28	38	33	23	33
2465	2686	2602	2368	2475	2151
15	11	16	2	0	1
142	175	210	233	167	144
12	11	18	38	5	7
2	0	0	0	0	0
897	1659	1959	2199	1801	879
957	1045	1097	1105	1175	833
0	2	1	5	0	3
1288	1420	1373	1503	1461	1093
3932	4280	5121	4454	4320	3532
3	2	6	1	1	0
0	0	1	0	0	0
91	102	94	114	113	108
2	8	5	3	1	2
4	5	6	8	7	3
478	564	583	521	516	435
1312	1525	1531	1123	1067	949
553	743	734	823	784	475
14	24	37	32	26	11
1243	1189	1399	1244	1229	1199
2881	3225	3275	3511	3142	2446
3	5	13	4	3	1
428	477	666	689	510	367
14	21	16	15	6	8
254	289	242	196	191	173
5213	5719	5930	6027	4967	3990
0	2	0	0	0	0
66	121	108	56	95	46
444	464	496	554	494	361
2	7	5	3	2	7
170	181	187	178	162	153
365	398	474	418	439	337
2801	3488	3347	3024	3088	2184
3029	2916	3238	2978	2883	2410
1208	1500	1670	1400	1349	881
54	61	51	61	76	43
124	124	155	114	123	85
3	4	10	3	4	4
120	163	154	168	167	138
0	0	0	3	3	0
12458	15674	15441	18321	14831	10344
1299	1572	1555	1753	1586	1191
8602	9402	10181	8947	8907	7743
1	5	3	1	3	1
8	13	14	11	4	6
1	0	0	1	0	0
513	594	544	520	562	495
17	28	15	23	25	12
223	293	260	232	267	230
7	12	8	8	7	3
183	222	226	195	223	153
212	263	244	219	220	169
748	874	772	721	783	635
317	501	484	865	672	371
3298	3701	3524	4225	3984	2887
5	4	16	5	3	4
1513	1862	2742	2718	1682	1023
1271	1398	1317	1281	1394	1018
1622	1737	1829	2000	1920	1549
1	0	1	2	3	1
438	475	570	496	413	406
134	208	157	90	83	63
516	581	485	590	570	460
194	354	355	323	304	151
2	1	9	4	3	0
2146	2412	2376	2266	2437	1866
326	450	415	378	422	313
1205	1261	1086	969	1102	948
1640	1967	1860	1743	1907	1361
11	7	4	7	9	2
104	109	125	126	122	88
580	671	686	658	673	420
196	253	189	211	224	157
1079	1186	1248	1133	1161	971
51	55	73	65	59	60
2	5	11	8	5	1
1	4	0	2	2	1
3386	3254	3187	3373	3263	2928
707	804	749	973	1103	813
349	536	528	534	490	290
533	584	598	602	654	473
394	458	356	358	383	301
833	953	890	877	864	744
5	6	4	8	6	0
1257	1530	1435	1056	1129	908
354	334	292	234	319	297
173	183	192	141	181	173
8	6	8	12	8	11
0	0	3	1	2	1
95	129	55	95	122	81
7	3	5	13	8	9
194	210	277	230	213	167
325	519	453	455	511	316
482	784	800	766	726	468
2825	2974	3095	3102	3302	2727
1680	1787	1922	2072	1958	1545
1415	1515	1465	1770	1604	1338
12	17	25	21	14	8
2249	2711	2444	2953	3006	2028
190	278	373	373	329	231
3	2	0	2	1	5
0	0	0	1	5	0
0	0	0	1	0	0
0	1	0	2	8	0
0	0	2	2	0	0
0	0	0	0	0	1
0	0	0	1	0	0
0	0	0	1	0	1
0	0	0	1	0	0
1	0	0	1	1	0
0	0	1	0	1	0
0	2	0	2	1	1
2	1	2	2	2	1
4	4	2	6	2	2
0	2	0	2	2	1
0	2	2	1	4	0
4	1	1	1	2	2
0	0	1	0	0	0
0	2	0	0	2	1
1	2	2	2	2	2
0	0	0	0	0	1
2	0	3	1	3	4
0	0	0	0	0	1
3722	4482	3361	1555	2099	1727
6	1	0	3	2	1
82	79	69	67	96	61
339	341	389	442	417	360
155	194	199	244	189	157
2054	2394	2361	2333	2473	1807
571	714	642	608	710	572
0	2	1	2	0	2
4	1	3	0	1	1
334	334	280	321	316	328
4	5	3	2	6	6
47	38	22	52	53	37
837	960	1040	1302	1455	989
35	27	29	49	48	39
0	1	1	0	0	1
11	11	10	20	32	18
1	2	1	0	1	1
18	11	13	13	13	15
495	579	531	555	660	499
231	321	285	258	241	168
2921	3055	3277	3155	2880	2435
0	1	0	0	0	0
42	51	38	48	59	37
430	601	436	465	547	406
11	4	10	8	8	1
2	2	2	2	8	1
41	65	67	73	62	54
55	86	100	146	98	71
1247	1934	1724	2407	2375	1382
16	23	6	5	13	6
4	18	25	14	11	13
231	323	317	318	327	297
2779	3309	3649	3205	3483	2675
128	161	158	143	160	84
224	229	260	381	478	355
39	40	20	39	39	26
23	19	19	37	31	17
1	0	0	1	1	1
5773	6756	6539	6867	7763	5968
1824	2234	2303	1899	2331	1797
189	242	248	409	481	341
61	35	56	77	61	57
514	649	667	890	865	554
2	2	0	0	2	1
73	113	105	108	85	70
1724	1816	1879	1776	1746	1516
369	413	384	469	491	367
1617	1987	2078	2189	2079	1541
286	309	284	298	315	252
6	9	13	6	7	10
1477	1577	1335	1015	1234	1127
14	11	15	14	17	18
679	860	777	821	894	670
603	763	658	746	808	488
14	7	10	9	16	12
1394	1680	1629	1535	1438	1079
70	132	106	127	136	75
1452	1732	1857	1878	1953	1413
479	704	640	670	607	378
55	106	70	79	79	37
455	457	443	472	466	344
0	1	3	2	4	0
1559	1896	1515	1615	1809	1337
412	541	446	488	521	389
327	309	323	330	346	333
10573	12930	10317	6972	8700	6821
3	2	3	8	4	4
374	588	494	546	560	343
4252	4840	4102	3992	4762	3680
122	144	163	169	195	113
4	16	10	5	16	5
2	2	2	3	3	2
2322	2981	2694	2859	2726	1893
887	1149	1134	1067	1201	829
13900	15650	17033	13766	15186	12676
787	1113	691	700	686	491
409	523	451	400	422	363
183	260	271	320	306	184
271	316	334	516	426	280
2537	3475	3289	3021	2878	1972
479	640	535	724	672	474
1536	1965	1733	1695	1549	1224
502	531	522	500	546	398
14	16	20	22	20	13
0	0	1	0	0	0
1004	1356	1323	1227	1182	831
65	44	39	6	4	7
529	897	941	1092	1189	738
204	245	375	648	586	361
1823	2649	3056	3480	3003	1680
434	621	564	574	550	393
143	119	98	126	132	139
1	1	2	8	2	1
1	0	4	3	2	1
704	704	891	840	701	596
428	598	568	508	501	384
1	1	0	1	1	2
3	0	0	0	2	0
0	0	0	3	5	5
664	940	794	830	899	541
5808	6564	6145	6279	6600	5094
449	551	511	405	492	316
118	130	99	104	123	120
424	508	503	573	516	374
177	225	181	225	218	178
1	0	1	0	0	2
1	1	2	13	0	1
0	0	0	0	2	0
415	403	488	474	408	351
420	419	513	428	479	379
95	129	107	102	108	74
5014	5721	5995	5720	5928	4516
1773	2687	2578	2877	2627	1587
44	40	66	45	29	36
530	677	676	951	812	515
1	0	3	0	0	1
6089	7034	5971	6201	6681	5183
4	9	9	8	10	3
5	1	2	1	4	0
44	49	42	36	38	43
1188	1383	1436	1359	1354	1037
4	1	6	2	7	2
811	1022	902	942	910	633
20	31	12	7	24	17
778	1045	1201	1211	1178	808
1148	1390	1456	1544	1481	1002
1	2	1	1	0	2
3	7	4	1	2	3
83	92	72	73	70	70
1497	1860	1568	1708	1866	1311
2	0	0	0	1	1
584	669	606	657	646	561
403	459	408	391	412	312
329	357	270	298	344	290
433	448	435	362	392	361
1348	1688	1653	1571	1506	1097
1746	1942	1729	1354	1696	1413
0	0	0	1	0	2
0	0	0	1	0	1
281	300	345	310	277	248
1	0	0	0	0	0
1	0	2	1	0	1
0	0	1	1	1	0
17	11	7	5	10	10
1	0	0	1	1	0
11	16	22	34	17	20
332	458	383	401	490	295
2	1	1	0	2	0
28	22	33	28	26	21
0	0	0	1	0	1
38	29	30	36	28	21
0	0	0	0	3	0
332	298	339	358	353	304
8229	9235	8260	7409	9132	7290
942	1290	998	399	640	482
151	226	212	162	172	119
1065	1161	1251	1159	1304	909
711	871	824	963	1015	795
12	17	20	32	28	22
4	0	0	0	1	3
5403	6807	7146	7492	6756	4870
52	69	37	13	27	22
447	623	556	556	557	380
0	0	0	2	0	0
102	167	184	384	261	153
1	0	3	1	0	0
2149	2628	2536	2610	2483	1928
488	586	473	163	403	377
678	945	792	506	592	426
336	393	330	237	274	258
0	0	1	0	0	0
0	0	3	0	0	0
1	0	1	0	0	0
0	2	4	6	3	2
6	8	11	5	9	5
2	1	0	3	3	3
1	0	0	0	0	0
0	0	0	1	0	0
7	12	5	18	14	14
23	37	32	38	39	38
0	0	2	0	0	2
2	1	3	1	1	3
0	0	0	1	0	0
1	0	1	0	0	0
5	1	4	3	11	13
92	110	104	162	125	94
5	4	8	11	9	5
415	527	437	429	433	340
2700	3006	3523	3328	3030	2341
100	166	173	176	160	103
1162	1207	1184	1175	1097	942
2329	2880	2674	2648	2503	1780
342	479	413	327	344	264
220	156	352	232	277	248
113	78	82	96	102	79
388	504	435	525	586	419
585	836	816	1056	1109	769
16	20	23	28	24	11
1	10	10	32	16	20
7	14	5	8	3	9
1749	2177	1817	1858	2035	1570
471	603	650	701	565	389
1822	2314	2154	2557	2453	1820
104	93	181	208	138	103
2877	3202	3107	3266	3153	2448
476	669	671	657	556	401
1299	1387	1148	601	593	486
4978	7122	6945	5928	5627	3970
258	343	282	255	264	188
46	38	53	71	77	43
136	75	71	441	190	177
561	782	754	806	778	519
242	288	320	334	310	201
871	1127	1003	1191	1177	747
0	0	0	0	0	2
1	0	3	2	0	1
129	126	180	239	226	194
600	693	712	781	812	612
191	265	307	270	264	170
1091	1173	1146	1225	1220	1039
169	170	200	202	222	155
1	0	3	3	1	1
568	600	638	626	775	626
2912	3031	3189	3120	3437	2599
783	955	895	923	934	659
115	79	107	170	158	144
0	0	0	4	2	0
0	1	1	0	0	0
10	13	5	2	7	10
1	0	0	0	2	1
0	0	0	0	0	1
0	1	0	0	0	1
2	2	0	0	0	0
0	0	0	2	0	1
373	421	365	349	397	339
14	18	10	1	7	9
131	165	174	153	124	89
64	95	89	118	87	43
2446	3026	3047	3469	3005	2098
32	29	34	35	31	12
1	0	1	1	0	0
10841	11563	11156	11699	10589	8930
119	145	109	110	126	81
12559	14665	14781	15114	13414	9554
4084	5037	5126	6559	5705	4054
218	283	269	301	278	201
1221	1411	1279	1217	1252	1065
447	510	498	545	554	485
182	242	209	494	341	166
0	0	1	0	0	0
0	0	0	1	0	0
0	0	1	0	0	0
1040	1210	1073	1097	981	774
927	1025	904	1026	1122	895
1202	1338	1304	1259	1404	1011
139	85	230	816	619	475
1625	1452	1770	1494	1440	1196
145	177	142	183	148	103
402	565	497	406	459	295
4	7	4	4	4	0
3442	3636	3534	3506	3520	2897
818	832	752	841	825	721
930	1259	1445	1888	1651	1120
164	151	184	234	181	160
254	325	338	297	334	263
0	0	0	0	0	1
95	95	135	124	100	78
11181	12695	13375	14529	11803	9120
264	379	341	299	336	272
3	7	7	8	8	8
2	2	2	0	0	0
19	26	9	17	22	30
4	7	2	8	4	6
99	148	101	126	137	62
7	10	7	7	4	7
97	229	199	236	222	118
909	1022	1045	1160	1212	724
41	90	108	102	86	32
110	141	194	219	189	94
0	1	0	1	2	2
1	0	0	0	0	0
50	45	43	61	53	38
21	24	35	44	29	33
1098	1077	1242	1080	1026	971
4127	5116	3662	2700	3958	2941
84	122	117	102	96	92
173	177	187	163	183	139
2	4	9	70	10	7
4	1	1	2	0	0
366	376	339	329	316	312
12	20	13	7	17	8
1	0	1	0	0	0
441	578	550	481	513	377
552	588	600	585	660	441
0	0	4	0	1	0
1320	1611	1443	1103	1000	757
56	70	59	37	42	39
418	489	583	348	321	224
714	840	789	616	620	451
375	448	446	183	226	143
296	310	184	145	270	233
466	489	548	488	482	459
516	535	568	528	554	386
0	0	1	0	1	0
417	507	499	456	454	404
2385	2585	2575	2476	2371	1959
180	202	254	268	233	196
782	860	796	685	777	584
464	549	688	222	205	183
465	577	605	500	425	390
230	278	226	196	241	182
1421	1615	1374	1246	1375	1064
0	1	1	2	3	2
25	23	54	71	73	37
4	3	16	10	6	7
2	2	4	0	1	0
198	283	348	249	241	190
120	217	202	212	194	109
1095	1966	1614	1148	1199	708
1	0	0	1	1	0
452	601	530	410	469	319
104	72	56	49	66	78
17	9	10	10	11	12
1200	1700	1515	1475	1662	1203
351	475	437	485	369	234
118	160	137	149	125	102
3187	4405	4705	4792	4040	2835
2345	2853	3067	3263	2805	1926
339	500	530	498	486	321
897	1352	1306	1615	1521	890
0	4	1	1	2	0
0	2	0	2	1	0
32	34	29	30	39	49
187	237	268	309	281	209
21	30	44	77	80	43
188	140	195	266	242	204
1444	1786	1806	2251	2176	1391
27	20	44	61	71	47
622	601	661	734	787	684
484	608	507	624	671	529
303	340	340	360	343	257
412	503	473	510	589	398
125	125	144	190	172	155
0	1	0	0	0	0
1006	1380	1588	1939	1830	1176
1	3	1	1	0	2
4	6	3	3	2	3
1316	1355	1268	1218	1295	1010
31	34	41	40	26	45
295	392	294	263	315	200
287	229	287	243	248	238
236	225	270	295	264	230
70	78	124	348	233	146
2	1	1	0	4	3
339	480	488	492	490	415
172	304	303	396	327	216
4	0	6	2	2	0
175	184	310	593	500	308
0	2	2	2	0	1
330	322	312	289	281	268
245	318	267	428	689	527
377	785	779	928	835	401
0	0	1	0	0	0
0	2	2	0	1	1
183	207	212	169	235	158
2132	2781	2729	2980	2708	1870
134	223	183	217	230	140
620	784	818	984	824	582
8	5	11	3	5	4
8	4	2	3	4	1
808	961	856	779	868	683
1	0	0	0	0	0
31	68	61	43	58	26
0	0	1	0	0	0
1285	1708	1670	2147	1908	1312
257	378	332	419	340	236
1	0	0	0	3	2
3	8	6	1	1	3
1872	2493	2200	1553	1691	1440
2217	2810	2404	2814	2567	1890
64	92	107	87	105	58
24	52	41	28	11	7
31	20	24	35	14	16
8709	9669	8685	7441	10147	8086
576	657	679	758	663	504
59	76	115	211	102	71
682	784	784	830	655	535
1	10	12	1	2	2
0	0	0	0	0	1
0	1	0	0	0	0
100	132	140	223	165	140
1270	1510	1473	1433	1265	913
380	553	552	559	545	307
873	1004	981	1036	964	692
541	710	597	627	635	462
39	60	64	86	84	55
5	4	6	12	14	10
372	481	416	357	453	278
0	0	0	1	0	0
2060	2146	2198	2200	2184	1807
30	26	38	33	40	39
33	67	78	27	37	37
361	394	346	242	350	283
1457	1916	2009	2187	1949	1371
1226	1608	1677	1795	1369	985
4	1	0	0	0	0
36	38	37	32	28	24
24	14	11	11	16	15
409	499	665	958	1008	715
2	0	0	0	0	0
123	106	140	157	161	154
874	942	805	1020	1056	916
0	1	0	0	0	1
2	1	0	0	1	2
52	87	96	88	65	37
77	144	174	167	122	38
688	813	887	859	812	627
2284	2697	2496	2593	2462	1861
6	5	5	4	2	5
2224	2830	2775	2929	2726	1896
546	764	712	849	780	481
0	3	1	5	4	0
1334	1513	1338	1340	1344	937
691	767	711	238	718	666
1089	1035	769	621	1238	1258
1	0	0	0	0	0
1	3	6	3	1	2
183	256	258	207	243	149
0	0	0	0	1	1
4	8	9	11	6	1
1140	1211	1007	1035	1006	843
888	1135	1097	1095	999	780
361	489	609	591	622	378
315	404	462	411	362	236
0	0	1	2	0	1
149	146	162	178	162	134
825	941	1078	1168	1053	764
8	16	29	49	23	15
1	2	1	8	6	1
3	10	13	16	7	9
13	10	11	19	24	13
192	85	202	373	340	395
51	34	59	58	42	93
961	973	957	1067	853	778
36	25	31	31	28	17
24	30	13	21	28	20
0	1	0	1	0	0
268	391	420	354	345	231
73	77	159	126	108	65
67	63	76	95	59	66
526	689	650	564	553	388
1141	1926	1910	2351	2113	1120
51	83	122	152	89	28
2	3	3	4	6	5
1165	1610	1546	1909	1739	1349
23	29	26	72	67	59
9	8	22	3	2	5
1220	1717	1596	1765	1577	1002
11	4	14	26	18	10
146	168	157	234	227	179
141	213	210	348	254	213
38	54	56	68	136	105
1020	1133	975	1119	1225	1046
1183	1463	1517	1548	1400	1019
8	13	9	16	9	18
1251	1732	1575	1439	1385	1024
0	0	1	0	2	0
699	809	730	618	636	578
461	577	459	434	485	353
0	1	0	0	0	1
75	118	66	5	12	11
6	8	2	0	1	0
4260	5009	5001	4549	3800	3112
0	0	0	1	0	0
476	629	568	521	599	408
255	367	307	281	311	230
19529	23787	24202	22263	21084	16549
1158	1322	1089	1183	1124	980
0	0	1	7	4	12
852	952	999	965	925	643
1347	1436	1291	1268	1350	1084
2462	2757	2990	2307	2385	1870
9	7	8	5	2	2
35	43	35	33	22	11
19	3	13	17	21	14
268	116	392	1018	866	861
284	261	309	293	306	270
5	2	6	13	5	6
979	1083	1095	1314	1417	1065
366	477	586	755	680	406
554	613	463	481	559	392
1	0	0	0	0	0
9	6	5	2	4	0
597	726	720	727	650	431
150	165	169	156	150	125
101	118	140	114	114	58
26	27	13	31	26	29
995	1290	1286	1207	1186	803
219	259	262	304	262	167
3262	3434	3791	3809	3492	3081
2	3	9	67	42	19
0	0	0	2	0	0
2	4	6	10	15	8
1149	1502	1237	1179	1235	914
186	232	238	233	259	180
0	0	0	0	0	1
2	1	0	0	0	1
18	7	11	11	14	10
455	586	561	597	751	488
528	650	617	621	698	519
2660	3175	3120	3416	3233	2288
361	453	410	367	395	281
3387	3845	3940	2866	2576	1962
104	142	209	335	281	158
29	40	47	41	38	23
97	107	91	79	88	77
752	877	913	733	836	720
746	778	664	1021	891	740
54	68	81	102	68	27
236	286	311	274	312	244
621	671	739	838	756	583
802	1013	1040	1249	1182	694
1	0	0	0	0	0
158	208	161	189	198	127
0	0	0	1	1	0
195	233	225	230	230	163
145	192	188	191	159	136
2647	3706	3398	3533	3414	2345
223	242	261	288	297	247
549	550	697	402	334	289
13	12	23	20	12	7
23	39	57	71	69	44
397	404	330	344	347	271
1	3	1	5	7	2
9	24	17	16	32	11
0	0	1	1	0	0
133	176	189	177	203	113
131	143	165	132	143	139
311	433	287	435	499	344
1	0	1	0	0	1
1759	2065	2090	2002	1988	1528
0	1	0	0	0	0
460	512	506	661	694	536
372	509	580	833	612	416
11	15	13	18	11	9
2	2	4	4	2	1
191	251	221	337	287	195
370	446	446	462	497	314
10068	12125	11593	13357	12603	9002
157	208	128	79	149	118
1106	1299	1018	1188	1209	833
353	501	290	204	289	196
678	819	691	696	730	523
405	497	465	429	467	332
45	85	75	53	58	57
1816	2269	2224	2036	1923	1491
182	161	139	144	182	213
431	435	488	1003	737	554
623	546	630	1466	1047	954
241	222	228	227	281	201
110	122	131	156	162	118
125	171	174	154	143	101
17	25	10	27	31	12
0	1	2	1	0	0
0	1	0	0	0	0
425	639	645	746	771	544
1461	1892	2130	1991	1793	1270
19	52	46	71	74	27
582	658	650	634	659	530
10	18	21	14	21	17
1009	1261	1227	1285	1186	896
5	2	4	12	10	2
2	2	0	1	2	1
190	264	246	261	253	122
1371	1425	1406	1612	1488	1164
1	0	0	0	0	1
1	0	0	0	0	0
303	485	364	458	460	293
662	978	936	1003	937	572
74	74	54	64	70	48
1877	2088	1949	2316	2322	1625
21	23	19	32	31	46
46	70	99	133	131	68
37	49	19	4	11	17
4	21	5	12	12	9
381	492	409	526	524	389
101	160	186	166	151	96
53	100	107	99	112	66
39	85	63	104	98	78
1192	1505	1376	1458	1560	1093
1262	1562	1549	1523	1511	1114
865	1165	1116	1025	1122	739
334	423	394	767	641	449
27	26	27	50	28	32
2	1	0	0	2	1
2367	2556	2666	2468	2437	2035
946	927	690	723	786	657
9	4	6	9	10	3
1	0	0	5	1	1
305	331	344	342	296	258
1295	1610	1272	1370	1647	1124
8	5	14	13	19	9
129	153	135	104	104	74
2	0	0	1	0	0
27	47	28	16	18	10
1028	1319	1400	1278	1162	899
179	267	261	280	275	188
5219	5125	6393	5658	4999	4563
1633	2341	2055	1951	2267	1308
54	55	54	86	61	47
1	1	0	0	0	1
6	20	23	14	13	14
1	3	0	2	4	3
1644	1968	2086	1995	1854	1404
34	37	20	10	6	14
10	11	15	13	13	4
17	18	20	12	14	13
1	0	0	0	0	0
0	0	0	2	2	1
0	0	0	0	0	4
5	4	11	5	7	8
6	1	1	1	4	3
496	575	613	543	619	448
0	0	0	0	1	0
5	3	8	5	14	8
26	36	36	53	46	35
359	436	396	394	405	340
132	149	184	237	174	103
472	699	708	836	838	542
230	336	313	299	321	195
259	328	304	305	332	250
547	603	564	554	609	490
1770	1916	1937	1848	1905	1503
1	1	4	5	4	1
38	40	63	52	26	27
243	331	343	247	178	139
20	37	54	40	27	25
3287	3270	3546	2913	3117	2773
6397	6324	6210	5650	5624	4809
9591	10662	9887	9392	10036	7451
237	288	323	588	474	293
747	749	749	724	745	631
1159	1444	1605	641	415	289
7	3	4	6	6	3
4	10	9	7	9	6
0	0	1	0	0	0
5	3	3	2	4	4
465	472	496	420	504	377
6661	7024	7017	6664	6401	5640
79	104	79	75	82	45
736	924	909	834	801	600
5	8	1	0	1	0
318	486	414	351	357	227
1961	2301	2411	2311	2025	1570
140	188	197	178	150	93
60	30	49	25	30	40
340	444	382	218	344	237
4576	5078	4743	5217	5037	4009
491	519	551	430	526	342
2642	3174	2773	2717	3029	2343
290	342	413	356	324	246
2290	2690	2274	2631	2673	2051
98	138	121	113	108	100
592	621	573	643	642	492
7618	8958	8257	8431	8042	6242
2403	2579	2950	2796	2242	1725
1989	2174	2087	2064	1986	1733
2239	3084	2762	2236	2188	1587
2438	2668	2148	2472	2256	1731
1	0	1	0	0	0
41	56	63	101	56	37
35	38	46	45	33	28
7	11	27	21	6	8
32	39	33	40	38	27
119	141	136	164	146	122
2	7	7	7	7	1
2	0	1	2	0	0
54	50	64	64	48	41
3449	3822	3735	3310	3492	2816
27	52	79	92	29	25
158	188	151	233	195	181
391	454	524	566	430	393
0	0	6	9	5	4
272	281	313	321	324	256
45	72	48	69	67	42
343	428	345	222	219	217
0	1	0	1	3	0
919	1338	1189	1203	1038	730
381	589	517	564	521	316
51	73	61	71	71	47
3606	4964	4241	3849	3731	2551
784	794	732	709	756	619
42	29	15	19	16	37
126	162	148	178	167	139
1	3	1	2	1	0
2	0	0	0	0	0
768	938	854	957	988	686
12	23	14	5	7	5
276	277	307	289	310	258
2857	3772	3677	3845	3588	2458
25	30	18	26	29	16
0	1	0	3	0	1
28	30	30	26	27	19
0	1	0	0	0	0
240	259	268	305	240	169
720	824	900	930	868	763
640	746	768	873	784	559
1423	1860	1604	1673	1777	1157
429	633	587	336	405	306
1076	1695	1944	1673	1552	862
0	0	0	0	1	0
8	7	19	18	10	13
245	282	254	267	260	229
35	34	31	42	41	35
153	213	153	113	117	91
2541	2889	2418	1947	2532	2080
1759	1778	1483	760	902	852
5739	6576	6391	6778	5759	4560
563	765	744	729	671	407
707	872	856	1123	1068	698
0	0	0	0	1	1
3	2	3	4	2	0
1020	1081	1038	1230	1359	989
0	0	0	0	1	0
14	10	39	38	45	20
195	286	237	229	273	171
506	554	570	545	611	494
185	204	161	139	177	123
2049	2314	1839	1927	2141	1673
413	494	461	443	453	360
225	223	262	251	324	242
276	395	382	453	467	340
123	210	211	332	267	146
57	59	56	76	59	59
211	266	235	219	251	200
346	492	448	392	419	254
7	10	7	10	7	5
708	919	980	936	1039	739
3703	4454	4712	4517	4012	2961
2320	2706	2714	2688	2448	1939
52	35	69	59	62	57
109	114	87	45	40	39
57	77	61	74	59	39
93	137	69	73	102	74
83	105	89	95	87	75
4	5	3	0	2	6
28	18	12	46	70	56
5	3	2	9	8	7
433	606	705	871	838	547
8	4	13	34	8	10
2	6	8	12	15	5
9	10	17	48	19	44
102	125	118	162	169	147
30	19	14	20	26	24
1928	1898	1702	2045	2288	1936
0	0	0	1	0	0
0	0	1	0	0	0
0	4	5	8	1	1
5	4	10	22	16	7
3	3	1	3	0	1
200	230	173	119	133	117
0	0	0	1	1	0
11	3	13	11	4	7
0	0	0	1	1	0
0	0	0	2	0	0
1	0	0	0	0	0
0	0	1	0	0	1
2	0	0	0	1	4
1	0	1	4	1	2
10	7	19	6	10	9
16	14	11	9	25	30
39	51	58	53	47	38
354	588	679	598	620	309
65	99	71	85	78	52
38835	42467	43573	42807	41324	33480
3	3	2	2	4	1
2944	3685	2974	2110	2660	1795
303	392	396	425	421	261
2	3	8	4	6	2
588	870	994	1097	1022	579
8	2	5	3	1	2
1364	1756	1522	1542	1399	982
69	149	113	164	155	91
432	501	382	170	274	257
41	60	32	20	17	8
0	0	0	1	0	1
645	733	771	516	465	306
10	11	15	32	35	23
0	0	0	0	0	1
41	65	69	75	46	29
31	33	35	28	23	22
704	708	1456	1466	1038	632
934	1330	1332	1417	1361	868
0	1	0	0	0	1
0	0	0	0	0	1
11	11	16	10	12	8
1	7	2	2	4	3
560	755	723	615	706	473
138	246	233	177	207	91
199	250	181	157	205	136
3183	4202	3907	3670	3412	2424
658	716	722	646	745	567
840	1043	1087	988	937	749
4074	4796	5505	4952	4011	3087
36	66	53	50	41	36
191	209	245	262	260	188
4271	4693	5714	5048	6677	4619
170	193	208	204	220	136
20	7	15	9	8	8
1	3	2	0	0	0
516	855	789	643	504	302
2	0	0	0	0	0
3731	4559	4368	4910	4891	3427
146	133	293	609	242	187
2341	2677	2875	2977	2667	2051
678	717	552	638	689	579
4	4	4	5	1	0
1747	2691	2607	2768	2671	1394
458	458	439	431	434	321
773	971	822	991	966	752
3	0	0	0	0	1
1	4	2	0	0	0
25	33	36	37	38	30
511	612	369	202	323	275
65	98	69	46	60	51
6	8	3	0	12	11
51	92	71	54	83	74
4	9	11	3	1	3
0	0	0	3	0	0
0	0	0	0	1	0
3	2	3	1	1	2
712	791	692	530	509	371
30	29	19	4	15	7
20	34	29	30	48	16
1475	1484	1409	1177	1171	1127
156	208	190	183	180	131
365	551	542	517	543	310
234	297	257	273	253	182
0	3	4	5	4	0
409	425	383	317	347	344
793	1049	1121	1173	1086	729
1177	1467	1312	1551	1359	903
1	3	0	3	0	0
1468	1608	1692	1645	1529	1274
860	985	1014	1036	946	668
685	857	721	920	924	716
10	20	12	13	16	10
1134	1161	1186	1333	1259	1058
511	646	656	629	676	444
22	21	24	18	15	16
7	12	4	2	3	0
35	73	48	30	26	23
2	1	0	5	3	1
0	1	0	0	0	0
1343	1520	1481	1967	1721	1344
957	1278	1102	1111	1180	909
9	26	16	8	8	5
1	1	0	2	1	0
1	1	1	1	4	0
125	167	165	216	223	181
409	446	552	505	330	219
33	15	22	41	46	29
56	58	51	99	70	55
38	43	61	62	65	64
5	1	2	7	3	6
0	1	1	0	3	0
9	4	6	3	1	3
980	1133	1182	1172	1262	899
586	629	698	564	589	459
752	829	898	882	881	653
12	16	15	17	9	9
1077	1365	1220	1143	1258	937
278	284	260	235	327	227
47	41	51	49	56	65
13	15	24	8	8	5
40	48	49	28	36	26
29	32	37	36	60	42
93	74	70	91	77	78
221	263	202	203	277	188
982	1271	1158	1409	1453	960
228	301	331	339	371	237
9	21	14	8	15	9
0	0	0	3	0	0
0	0	0	0	1	0
9	18	20	13	24	16
214	268	199	208	200	188
4695	5818	5594	5804	5367	4156
87	117	122	127	116	99
24	39	9	0	1	9
2743	3257	3387	3285	2949	2298
24	30	18	6	10	16
222	306	270	320	349	250
12	8	6	11	10	7
1479	1980	1930	1724	1887	1187
542	821	751	858	820	535
303	279	245	291	302	290
1992	2853	2455	2416	2348	1704
45	39	28	18	54	22
915	1099	795	1181	1426	973
1	0	0	0	0	0
1	6	1	2	6	0
0	0	1	0	0	1
279	326	298	355	360	263
0	0	1	0	0	0
2	4	2	7	0	0
2039	2586	2113	2042	2352	1641
6	12	7	10	29	19
34	59	57	45	53	45
915	1048	1153	1069	1124	858
122	188	203	124	114	96
2384	3061	3003	2995	2947	1988
65	108	107	119	88	65
0	0	1	0	0	0
3717	4031	4034	4175	3548	2861
5	3	1	16	10	6
19	22	18	21	13	11
487	591	586	590	589	417
1934	1974	2316	2833	2626	2179
13	15	22	27	18	19
16	20	5	6	8	12
1104	1230	1170	1194	1228	943
0	0	2	4	0	0
359	511	426	454	423	317
369	473	352	470	519	384
94	89	69	101	87	82
453	440	436	431	467	409
564	976	820	656	698	383
372	483	507	464	495	373
262	195	175	281	229	175
18	15	21	7	9	5
1	0	1	1	0	0
0	3	5	0	1	1
5	13	11	12	9	5
345	377	373	360	371	318
299	318	334	345	262	216
117	150	146	172	165	116
3109	4502	4243	4435	4147	2604
471	517	501	491	579	443
61	69	78	63	63	57
672	781	851	850	777	615
583	784	624	641	678	459
170	162	180	177	203	174
684	850	725	665	738	515
1888	2058	1648	1411	1513	1271
1577	1896	1983	1496	1727	1361
182	224	223	287	259	173
400	515	467	433	461	373
175	210	215	246	216	149
59	141	123	125	112	74
0	0	0	0	1	0
584	678	589	623	552	419
4	4	5	1	1	2
8	30	25	40	51	19
470	655	603	655	653	419
709	992	857	742	834	604
995	1214	1092	1653	1576	1108
485	482	519	467	460	352
30	61	35	30	18	11
3	10	2	10	6	1
1	0	2	5	2	0
3	9	1	6	7	3
0	1	0	0	0	0
157	152	219	62	91	67
2489	2849	2600	3272	3502	2531
336	385	395	511	430	372
9	11	6	7	10	5
162	196	110	52	70	53
247	325	257	319	381	313
560	701	696	654	738	562
244	217	223	326	253	292
5	12	5	20	7	5
1193	1667	1653	1748	1566	1031
1111	1233	1194	1108	1148	1008
182	205	185	187	196	142
2008	2387	2318	2204	2108	1543
0	0	0	0	2	0
1057	1107	1191	864	794	662
2	5	5	4	1	1
143	184	192	157	194	119
20764	24339	24213	26784	27131	19145
58	46	34	38	34	35
119	150	154	183	175	127
888	1445	1401	1438	1301	775
1	6	5	0	2	2
11	12	10	8	8	7
83	84	86	79	79	75
2	5	1	2	2	1
1638	2272	1739	1730	1987	1503
2497	2626	2767	2320	2057	1781
21409	20728	28944	26664	24369	19532
2047	2569	2747	2640	2274	1884
436	509	468	516	532	337
25	41	57	34	31	23
11377	13383	12232	11960	13259	10202
124	124	155	246	180	167
0	1	0	0	0	0
3079	4180	4249	3614	3571	2376
97	172	115	67	82	81
21	25	58	34	31	23
208	343	325	340	321	234
1	1	13	5	1	0
202	277	220	264	282	204
9	21	16	20	21	6
0	2	1	1	1	3
690	705	739	776	741	602
393	535	377	359	403	251
68	122	126	89	79	61
8	3	3	3	4	8
1851	2337	2271	2457	2281	1633
35042	40330	43313	42857	41923	33043
440	420	563	568	442	383
1292	1563	1567	1496	1378	977
28	23	23	20	16	15
2397	2487	2550	2458	2710	2275
516	573	500	541	439	378
23	40	12	34	30	25
512	648	582	683	762	509
143	192	177	186	179	87
20	27	22	20	12	13
416	490	460	482	493	369
479	653	631	631	694	479
721	915	801	905	936	651
94	119	208	497	307	165
360	404	362	709	771	549
111	159	141	132	153	108
5	4	2	1	0	1
611	797	786	764	759	569
1006	1111	1186	1245	1002	716
37	33	35	50	20	33
3	2	0	1	5	10
0	0	0	1	0	1
192	244	202	198	174	166
744	848	771	575	633	563
1	1	0	0	0	0
158	258	209	181	169	106
548	754	757	660	698	442
1776	2097	1779	2398	2587	1953
531	571	441	578	653	520
1290	1711	1530	1491	1566	1053
452	563	495	494	489	358
226	290	242	265	281	202
690	847	860	840	975	596
3057	3278	3218	3129	3293	2862
10	11	10	11	10	7
575	709	621	617	680	498
749	809	751	703	713	590
3	2	2	4	8	4
1362	1997	1826	1926	1734	1005
4	2	4	1	8	3
296	358	304	212	298	240
15	14	18	17	11	5
3	8	3	4	7	4
6	4	3	4	5	3
230	297	333	305	235	137
1109	1180	1540	1218	1567	1134
152	156	177	178	126	95
1456	1517	1369	1706	1554	1251
1269	1329	1207	1403	1393	1045
37	51	34	11	18	26
1	3	0	1	3	0
859	1025	948	1032	1104	772
41	56	41	37	37	45
220	235	255	299	238	233
41	40	44	31	40	49
1	0	0	0	2	1
479	767	731	841	811	472
624	681	740	697	666	649
17	21	13	16	15	16
1214	1308	1082	822	900	664
1454	1865	1570	1217	1375	997
1165	1178	1078	1181	1332	1097
1248	1541	1380	1102	980	760
5126	6855	7878	7969	5523	4070
36	77	69	57	52	25
712	994	892	949	830	575
16	24	13	18	59	45
0	4	0	0	0	0
48	104	72	40	49	57
5812	6537	6254	6570	6191	4853
4	2	2	1	1	1
504	581	645	2545	1344	902
602	747	579	748	798	663
636	844	880	943	863	596
442	513	542	596	512	482
484	587	634	583	562	440
1409	2068	1950	2248	2352	1381
18858	22132	21717	26317	27026	19782
346	492	345	316	609	357
76	97	58	50	61	41
0	4	5	2	7	4
54	60	59	54	55	58
11	13	15	15	23	12
212	233	236	256	312	186
59	73	77	75	79	54
243	171	247	377	375	367
215	163	173	30	28	34
350	370	359	361	372	264
0	0	1	1	0	0
0	0	1	0	0	1
1	2	2	1	3	0
114	150	137	132	154	141
1905	2095	2175	2027	2326	1746
501	701	710	967	918	582
399	525	362	385	436	354
30	28	26	34	36	19
2	0	0	1	0	0
1661	2063	1946	2582	2003	1422
2376	2987	3118	3359	2585	1850
1004	1208	1255	1090	1033	824
78	106	105	130	118	54
86	91	85	95	98	60
6	5	5	6	7	7
12	4	16	36	23	26
4	3	2	4	7	4
36	71	52	26	34	30
0	0	0	1	0	0
0	0	0	0	1	0
110	129	135	169	159	130
0	1	0	0	0	0
819	1035	951	1136	1047	759
1197	1341	1250	1091	1113	781
0	1	3	6	3	3
305	387	348	318	341	241
225	312	281	273	302	237
7532	8778	7667	7573	8132	6054
3	2	0	0	0	1
2	5	0	1	1	3
6037	6333	5868	6384	7117	5540
385	448	419	395	495	357
243	289	197	245	317	231
93	117	61	58	57	53
287	334	324	348	339	246
76845	96036	96802	97934	106002	77010
71	54	73	68	82	67
89	86	65	120	127	118
0	2	4	5	5	0
435	459	623	580	659	495
530	738	745	842	726	471
1	1	0	0	2	1
1857	2258	2190	2402	2210	1603
386	566	360	443	489	295
0	0	0	2	0	0
26	52	45	60	91	67
14	12	19	11	14	16
118	127	150	156	138	123
1369	2346	2302	2752	2328	1291
26	59	44	47	47	31
114	158	152	222	233	126
330	457	368	421	473	323
54	76	60	56	68	57
982	1239	1500	1491	1350	885
961	1000	765	908	912	855
16	14	17	24	20	13
1395	1801	1582	1641	1710	1139
312	363	259	175	188	153
58	70	67	75	57	54
253	358	313	311	343	208
695	824	857	750	803	556
38	76	72	42	59	36
487	674	429	406	477	417
320	472	264	209	290	201
51	76	58	58	58	29
661	776	858	661	659	522
480	605	604	540	551	437
101	141	81	15	28	13
93	60	81	65	162	191
262	321	314	292	334	268
5116	6387	6107	6520	6098	4240
149	241	243	273	260	128
7	16	4	2	3	5
12	22	18	30	26	23
0	1	0	0	0	0
4	0	1	4	0	2
0	0	0	0	1	0
9	10	7	44	19	29
4	8	9	6	10	4
11	4	9	15	16	9
49	40	59	63	37	30
0	0	0	1	0	0
1	2	1	6	5	2
3866	4525	4475	4155	4307	3428
159	181	145	121	194	153
198	216	249	224	243	163
0	6	6	1	5	0
0	0	0	1	0	0
294	304	307	194	262	224
1	1	2	1	2	1
0	0	0	0	1	0
2	1	3	3	0	0
775	921	914	888	1038	727
438	523	456	501	563	454
0	1	0	1	1	1
21	30	24	19	29	24
6467	7681	7681	7847	6876	5404
15	13	11	10	17	9
318	278	421	353	356	249
18	6	3	9	14	7
52	67	79	103	108	81
617	835	903	921	930	610
837	1095	995	995	1072	688
340	464	388	518	515	329
912	1126	1037	1220	1389	916
1592	1740	1486	1123	1349	1362
2254	2363	1997	1166	1623	1616
10	13	24	15	9	14
165	243	279	277	275	185
720	1129	1183	1347	1274	723
22	25	12	16	13	20
5	4	11	20	7	11
2048	3082	3161	3144	3378	2105
1	2	4	8	15	4
2	2	5	3	0	3
91	128	188	293	405	323
0	0	0	0	0	3
3512	4181	4101	3809	3625	2728
742	855	849	924	821	628
2	4	3	6	3	3
4	3	4	2	1	3
104	112	76	88	108	78
1	0	3	0	1	1
6	8	5	7	10	4
913	1089	1095	1079	956	736
0	0	0	0	0	3
485	641	591	799	779	549
12	12	15	7	14	6
577	722	723	873	755	570
130	152	132	98	112	80
1148	1322	1113	533	503	380
0	1	0	0	0	0
849	1158	1049	1073	987	682
1000	1146	1130	1035	1002	836
138	231	174	265	253	137
2	1	0	5	2	1
0	0	1	0	0	0
51	26	27	39	30	28
306	544	497	465	548	297
3	13	14	7	3	4
2620	3402	3156	2537	2762	1968
683	719	672	746	947	720
934	1216	1174	1275	1490	1017
86	132	114	152	175	92
6	20	5	3	6	0
5	11	7	7	9	5
839	773	831	872	701	696
363	364	472	378	451	332
1661	2370	2464	2412	2151	1341
667	686	657	633	698	597
50	35	30	4	9	9
42	34	56	13	11	20
244	268	253	249	222	197
23	20	76	11	22	22
2	4	11	13	6	5
4061	4829	4775	4269	4517	3315
6555	7453	6583	7141	5959	4457
2	0	0	0	1	0
62	74	79	22	28	16
238	296	190	178	205	200
933	982	906	858	839	862
419	355	398	373	450	450
16	23	15	10	24	16
4043	5601	5268	4852	4590	3153
68	55	42	7	14	25
5	3	4	1	7	13
895	990	940	883	988	828
8	8	14	10	10	10
1	1	2	2	1	2
179	176	167	119	175	118
945	1157	1083	1148	1304	931
1281	1538	1558	1669	1508	1168
1	5	2	3	8	1
39	31	31	78	156	199
15	14	19	46	20	23
31	39	51	46	48	36
2754	3062	2847	2988	3173	2530
252	299	265	314	329	250
672	824	805	1497	1302	899
1	0	0	0	1	1
510	633	587	654	554	409
344	406	365	338	368	284
111	198	204	244	262	114
1275	1365	1451	1283	1677	1227
481	514	554	544	587	443
263	249	337	392	340	249
4	12	21	23	26	22
567	670	1063	1509	1057	674
0	2	1	2	1	0
32	31	41	23	23	22
2376	2472	2402	2406	2415	1826
0	0	1	0	1	1
0	0	0	1	0	1
30	38	33	34	14	12
329	382	377	316	370	296
1878	2435	2086	2317	2322	1510
2469	3070	2997	3009	2718	1943
1681	1829	2150	2279	1749	1417
1090	1390	1445	1478	1338	982
58	55	74	75	77	47
559	546	738	982	710	562
13	18	21	17	7	7
244	215	238	217	210	171
3	15	5	3	4	2
48	43	25	45	33	26
189	304	280	290	284	167
45	44	69	45	57	42
146	181	183	160	152	135
0	0	1	3	2	0
164	211	306	281	224	120
271	304	371	360	299	217
436	613	607	349	488	331
238	292	262	140	199	151
170	222	273	130	185	114
11	17	21	8	8	9
774	781	801	539	690	632
4	2	4	5	4	1
103	110	137	27	19	25
7964	8865	7079	6963	6978	6013
3	4	11	6	7	9
1	5	3	0	1	1
11	19	24	26	9	13
2451	3189	3194	3186	2856	1984
2306	2893	3057	3111	2542	2011
105	115	114	91	89	47
1	4	1	1	1	0
67	65	102	196	156	100
894	1008	1045	901	846	776
0	2	2	4	0	3
11	25	33	8	7	4
0	0	1	0	1	1
407	505	527	562	540	420
232	270	283	257	270	224
204	256	250	189	194	188
10	8	8	6	7	8
81	98	81	68	65	54
609	650	633	471	557	466
14	32	29	27	35	15
2634	3199	2813	3344	3274	2256
218	239	273	267	209	195
2035	2222	2004	1769	2188	1703
15	20	49	40	19	16
3841	4271	4000	3763	3998	3454
7500	7251	7329	5994	5852	5369
1762	1955	2059	2015	1904	1483
24	18	23	18	19	15
20	27	8	19	24	21
32	52	53	54	72	45
738	764	695	615	766	611
757	1003	1048	586	553	456
2785	3177	3203	3087	3000	2225
3431	3999	3479	2839	3447	2730
2321	2609	2379	2379	2423	1977
3793	4048	4012	3540	3528	3074
87	94	97	82	84	95
310	367	417	375	357	240
1551	2117	1696	1485	1457	1138
65	65	44	48	65	50
4400	4888	3340	2206	2662	2419
1081	1276	848	613	683	715
1668	2075	1603	1167	1312	1061
202	316	345	407	395	271
247	347	345	223	226	157
176	223	259	190	133	103
70	108	104	58	62	32
4910	5359	5141	4262	4882	3680
54	60	88	73	54	63
1	0	0	0	3	0
72	94	82	52	58	32
254	270	280	197	218	208
269	245	272	232	281	189
770	894	997	843	1161	809
127	133	179	110	139	90
207	263	355	450	393	255
1	0	0	1	2	2
0	0	0	1	0	0
0	0	0	0	1	0
0	1	0	0	0	0
223	256	304	280	237	256
2216	2554	2201	2136	2474	1937
5181	6843	5617	4898	5220	3887
1898	2105	2114	2182	2012	1576
8007	9307	9125	9681	8755	6618
44	38	49	38	39	27
150	148	159	124	128	117
472	517	570	564	483	444
1495	1849	1808	1742	1672	1168
115	137	135	109	132	87
6	5	5	5	17	9
3003	4009	3985	4056	3790	2581
50	72	101	103	97	59
139	186	249	311	213	135
774	817	923	938	928	736
0	1	0	5	1	2
5	3	8	9	10	9
3	0	0	1	0	0
0	0	0	0	1	0
1	1	1	2	0	4
0	0	0	2	0	1
3	7	4	37	28	18
8	8	2	9	4	5
120	198	158	150	179	115
9513	8896	7734	4039	3113	2710
419	526	447	427	300	207
3	5	1	3	1	3
0	0	0	0	1	1
0	0	1	0	0	0
830	1018	1016	1131	981	712
653	639	527	653	683	558
480	724	661	711	823	419
28	47	43	31	30	30
97	149	90	47	86	68
0	0	2	0	3	0
2	0	5	9	3	6
1975	2418	2113	2054	1995	1668
1095	1319	1319	1203	1148	903
1875	2320	2088	2117	2121	1512
32	38	41	38	35	28
1	15	15	13	7	1
1311	1537	1367	1097	1123	824
606	672	539	403	450	388
195	351	308	190	221	129
16	7	14	17	22	20
4481	5118	5684	5723	5151	3670
1642	2013	1858	2034	2109	1620
2148	2748	2566	3365	2711	1894
1143	1361	1258	1095	1121	897
808	923	706	361	467	405
0	4	2	6	3	2
350	504	465	393	318	221
351	395	339	240	238	167
10	8	18	25	19	22
1740	2424	2271	2345	2311	1561
0	0	0	4	0	0
61	94	66	12	25	30
0	0	1	3	0	0
2	2	0	2	0	1
483	563	545	586	572	423
152	169	141	138	199	142
197	216	191	146	377	251
3605	5020	4841	6463	5934	3972
86	52	83	204	228	193
18	20	33	27	14	11
48	24	19	31	31	49
37	41	36	50	21	27
6	1	6	3	2	7
8	13	5	6	6	9
0	0	0	1	0	1
0	0	0	2	1	1
2609	3168	3200	3452	3333	2268
172	217	170	88	87	62
354	454	365	342	346	313
224	310	217	200	248	196
237	274	271	350	312	237
111	175	170	194	176	101
0	1	4	6	5	3
0	0	0	1	1	0
2	0	2	2	2	0
651	818	843	874	812	565
219	250	275	231	211	166
10	22	6	3	4	8
244	345	323	260	210	140
1	0	3	5	0	0
462	466	554	560	522	378
17693	19623	20674	19710	20149	15898
175	220	150	62	132	132
1	5	1	1	1	0
193	208	252	269	228	212
3	9	3	0	0	0
11222	13344	14732	12594	13478	10690
7514	9156	8791	9043	8420	6660
33	32	33	13	18	19
1615	2066	1731	1381	1171	845
0	1	0	1	0	0
0	3	0	2	2	0
135	191	172	232	185	130
110	121	173	115	138	91
2339	2771	2333	2305	2290	1778
47	67	68	133	91	82
1	1	0	0	0	1
0	0	1	1	0	0
28	21	44	45	38	44
356	356	451	382	401	399
35	41	33	78	58	26
105	132	148	138	148	88
9	12	11	27	11	11
114	102	105	122	88	81
10	5	4	10	6	8
73	94	95	104	70	52
1541	2160	2075	2135	2156	1445
19	34	37	47	31	29
387	395	398	468	436	349
134	154	143	130	121	108
2105	2693	2600	2697	2464	1881
16	15	15	15	9	21
0	0	0	1	3	0
717	813	730	755	751	645
560	598	719	654	620	536
3	0	1	1	0	0
7	8	4	5	2	6
20	26	18	37	38	18
4490	6327	1599	2077	4147	3735
180	213	215	243	255	179
452	674	565	659	685	404
1	0	0	0	0	0
0	2	0	1	3	1
1	0	0	0	0	0
141	193	183	201	173	130
350	533	436	433	428	266
21	26	30	24	19	19
152	145	172	176	140	110
59	88	87	82	76	66
1787	2043	1916	1916	2048	1710
1328	1689	1610	1793	1704	1184
1144	1813	1652	1512	1632	1039
30	19	16	40	30	23
709	821	1034	812	649	556
403	427	438	438	441	330
1	0	0	0	1	1
1	3	8	3	2	2
89	75	66	78	103	64
539	644	656	714	616	469
855	1177	1202	1302	1299	809
2043	2620	2475	2880	2718	1922
1	3	4	2	1	2
6	6	10	17	9	5
36	29	52	59	48	27
29	42	38	38	37	27
261	372	279	229	291	228
4721	5090	4947	5131	5241	4078
3	4	2	6	6	1
62	43	31	24	26	37
2	2	1	0	1	1
195	186	257	224	202	126
52	49	56	73	65	63
128	142	150	106	140	97
82	109	138	112	105	110
5048	5984	5333	5074	5434	4222
403	513	485	464	471	322
323	322	335	653	577	438
74	127	106	81	62	28
135	184	178	202	154	143
101	77	75	66	59	70
742	965	939	941	977	694
988	1052	1008	1060	1298	908
737	799	944	783	750	635
210	219	224	150	179	142
32	50	31	35	40	19
3307	3700	3399	3700	3676	2846
776	972	856	806	950	632
1144	1313	1314	1304	1121	965
1122	1275	1269	1736	1379	1028
1498	1745	1721	1693	1647	1249
657	773	668	548	576	490
6	8	2	0	3	2
10446	11686	10780	10606	11005	9186
133	164	167	199	167	128
7	6	10	18	18	16
124	226	187	200	204	104
258	293	278	302	331	240
572	743	666	812	585	391
1208	1561	1387	1199	1112	747
5	4	6	8	2	0
600	619	752	774	689	567
111	140	115	95	86	66
2717	2849	2813	2761	2527	2160
24	27	38	19	25	22
162	199	172	144	195	173
43	37	45	65	31	27
1182	1132	1048	1017	1045	877
10	4	20	6	15	8
17	12	14	2	7	8
930	1050	1091	1242	1108	840
789	947	909	1312	1468	945
2634	3034	2883	3127	3096	2274
0	0	0	1	0	4
4	3	10	6	3	2
973	958	1029	1050	1025	834
459	640	592	598	562	357
1946	2547	2437	2490	2364	1772
1590	1820	1775	1738	1748	1234
6842	8776	9866	9209	9776	6928
905	970	1162	1121	1070	864
1365	2008	1776	1954	1956	1225
18	29	23	34	28	22
300	367	452	433	365	230
6	9	8	7	1	1
1529	1613	1596	1558	1658	1291
12	9	16	33	22	15
0	0	1	0	0	0
60	109	114	200	228	118
0	2	0	0	1	0
72	115	117	206	151	109
3822	3638	3934	3376	3948	3220
5	1	1	0	0	1
531	694	564	574	612	467
2	3	2	0	1	0
4	1	1	3	1	0
3431	4088	3046	2059	1819	1144
3	5	8	1	4	3
4	1	1	0	1	1
0	2	3	1	0	2
3	0	3	3	2	0
2	5	1	4	2	2
1196	1262	1119	1118	1244	1065
422	421	279	284	387	334
530	676	565	1034	1063	662
5552	6043	4668	4003	5718	4596
5	7	8	1	3	9
541	631	953	685	635	496
47	38	46	65	51	51
30	29	33	34	33	27
0	0	1	2	0	0
825	927	1076	1106	1014	756
451	517	531	562	478	411
1704	1817	1718	1671	1792	1541
308	359	455	392	384	309
1113	1461	1391	1484	1549	1091
20	15	17	13	18	19
805	942	895	1181	1096	688
3629	4448	4078	3902	3893	2827
2734	3317	3618	3633	3314	2412
638	759	696	819	831	623
166	209	276	324	279	141
733	918	665	727	797	569
358	471	524	502	500	298
261	260	197	181	234	213
667	788	685	639	635	527
1924	2641	2257	1524	1817	1484
259	319	244	238	266	227
2031	2195	2346	2025	2131	1794
6	18	8	16	11	16
18	18	13	13	23	13
553	558	487	555	455	398
123	99	80	85	80	87
47	60	45	61	64	43
104	108	147	123	153	103
911	1401	1253	1202	1120	737
5076	5650	5752	5596	5881	4810
143	189	111	143	204	139
7569	9529	9358	10461	10035	7252
4020	5596	5584	5793	5329	3362
225	292	304	386	325	253
0	0	3	3	0	1
178	216	225	288	320	189
529	537	542	607	678	477
638	745	805	760	867	606
87	114	94	55	69	31
464	587	541	542	525	299
3	5	9	139	48	12
5	2	3	1	4	3
373	439	426	535	485	344
166	280	228	272	243	153
68	80	160	351	228	86
9	11	13	11	17	8
1297	1561	1543	1486	1505	1076
1147	1593	1746	1693	1634	1125
1151	1330	1257	1219	1063	885
898	1318	1286	1398	1358	774
137	150	163	130	172	136
1106	1299	1451	1351	1263	999
5711	6514	8785	7091	7866	5672
3	2	1	2	2	5
5884	6920	6135	5639	5252	4047
26	28	28	30	32	23
3	2	0	3	2	5
9897	11801	10415	12255	12136	8759
0	0	2	0	0	0
53	66	67	86	90	65
4278	5754	5113	5627	5754	3675
7	10	22	14	15	20
124	113	110	97	119	104
272	375	369	416	368	256
43	69	99	93	82	77
95	165	183	236	134	94
766	836	829	762	738	585
211	312	340	315	238	171
0	0	1	4	2	0
12	24	18	49	86	34
0	0	0	1	0	0
367	340	443	348	422	343
124	184	211	144	138	100
160	186	157	163	198	129
105	142	138	169	163	107
0	1	0	0	0	0
0	0	0	1	0	0
44	41	85	98	74	44
92	102	91	133	121	76
0	0	1	1	0	1
260	298	377	511	386	259
905	1149	1082	1068	1185	810
0	0	0	0	1	0
5	4	6	15	6	2
51984	63519	71506	67187	59116	45513
16	24	24	27	21	10
785	890	841	790	825	607
1	3	4	0	2	1
0	1	0	0	0	1
0	2	0	0	0	0
1	1	0	0	0	2
7	21	9	40	29	12
1	5	2	35	34	19
1059	1293	1293	1348	1143	789
34	37	40	39	38	31
611	808	739	752	770	451
0	1	0	2	3	1
3104	3164	3229	3322	3192	2581
729	848	809	762	693	541
0	0	0	1	2	0
900	1002	1207	1323	1157	838
2197	3241	3491	3499	2969	1802
2409	2857	3061	3263	2925	2098
4954	6649	6717	7234	7337	5150
0	0	0	2	0	0
6	15	26	19	14	4
2	2	3	10	3	1
469	582	428	356	374	279
1990	2189	2221	2164	1941	1479
0	1	3	1	1	2
114	135	128	89	100	93
0	0	0	1	0	0
592	904	899	1046	884	545
1358	1555	1480	1265	1191	980
0	0	0	0	1	0
249	328	348	263	269	236
607	675	819	969	963	630
76	66	115	104	37	78
1842	2164	2141	2358	2048	1479
109	135	140	135	197	111
800	783	1021	1014	912	774
4	2	6	0	2	2
5	4	3	6	7	8
2334	3289	2235	1853	2310	1690
16	11	19	16	18	14
218	246	242	268	288	210
0	0	0	0	1	0
0	0	0	0	1	0
0	1	0	1	0	0
417	452	490	516	622	422
0	1	0	2	0	0
0	1	1	0	0	0
1	0	0	0	0	0
0	1	0	0	0	0
1	0	1	0	2	0
17063	18345	20386	18892	18838	15342
1087	1284	1225	1261	1299	927
34	27	17	41	58	33
196	330	263	243	320	240
68	113	119	123	124	87
5	6	8	8	6	5
1	3	1	1	0	0
4	2	5	2	0	0
2	1	4	1	6	1
0	0	0	0	1	4
333	596	560	667	650	435
216	255	280	249	266	180
2	0	1	0	0	1
0	1	0	0	0	1
15	12	17	16	15	10
0	0	0	0	0	1
17	27	32	24	23	21
2	3	1	2	0	2
985	1096	1011	1144	1273	949
654	1138	1322	1183	860	448
689	877	865	920	874	613
6	9	6	10	4	4
193	225	122	161	238	181
370	440	332	364	396	359
158	128	116	116	139	117
4146	4767	4774	5565	4859	3874
443	507	495	510	533	401
3	1	1	0	1	2
451	582	481	629	598	475
13436	15549	16918	17669	15174	11526
0	1	0	0	0	0
10426	13558	14311	16784	14426	10130
495	568	528	498	484	390
10	15	6	16	16	5
199	317	357	364	332	187
12	22	22	26	13	7
1	0	0	4	1	1
118	221	112	110	123	66
151	157	153	154	164	119
8	11	10	13	13	7
0	0	0	0	0	1
52	116	92	60	84	40
41	45	46	50	64	31
4	1	1	1	3	1
558	722	700	671	813	515
3	4	4	2	3	4
86	108	103	86	75	86
28356	30708	28116	30059	28124	22735
3920	3881	3853	3643	3621	3101
436	467	517	396	404	350
730	941	1085	849	822	473
42	70	82	77	84	36
55	92	106	112	95	81
457	640	564	537	545	361
236	237	281	260	293	224
303	377	579	732	545	265
845	1021	1074	995	1093	809
470	612	687	784	760	445
52	51	50	70	60	49
6037	6348	5999	6682	6473	5113
4557	5304	5261	4869	4519	4114
853	1397	1075	1033	1242	885
5746	6798	5888	4768	5565	4373
342	488	398	394	358	275
0	5	1	0	0	0
20551	23342	21965	22702	21823	17012
914	1111	1281	1292	1062	774
3792	5045	4355	5790	5703	3462
1893	2058	2433	2050	1852	1412
4	4	4	4	7	1
3	3	3	2	0	0
1	1	3	2	0	1
644	851	607	548	630	510
412	450	507	509	425	374
1314	1579	1534	1839	1545	1392
277	436	487	383	390	220
0	1	0	0	0	1
21	41	44	38	52	29
5	6	6	1	1	6
3	3	4	3	3	1
69	77	137	92	83	68
72	92	74	43	35	25
0	2	0	2	1	2
590	921	944	954	878	596
907	1106	1077	1001	1126	771
1084	1269	1186	1355	1352	1044
16	9	18	16	15	10
1779	2001	2192	2162	2247	1750
231	229	261	312	333	215
1699	2219	1919	1908	1635	1261
516	537	491	570	513	465
3	0	0	1	1	0
157	233	191	139	188	113
0	2	0	0	0	0
0	1	0	0	0	0
162	245	275	272	250	159
8	10	3	14	18	8
3274	3357	3122	2516	2233	2242
482	465	560	529	454	365
7457	7826	7728	7416	7485	6368
0	0	0	1	0	0
0	0	0	2	0	0
778	834	837	830	851	718
258	400	347	400	451	268
195	176	143	218	253	186
760	729	707	816	800	608
3	1	3	0	2	0
7634	8442	8057	8834	8778	6722
1037	1375	1408	1315	1311	912
1589	1800	1803	2034	1922	1414
428	493	491	442	450	329
12	4	11	7	9	6
13	16	15	6	7	10
248	327	298	322	304	227
38	41	49	44	56	31
422	460	516	510	463	325
1	1	1	2	0	0
3	2	1	6	2	6
37	58	55	59	63	36
124	140	154	129	164	112
89	151	124	144	156	112
0	0	0	0	0	1
1552	1552	1460	1636	1610	1332
0	3	2	3	0	0
3	4	6	0	0	0
0	2	1	1	0	5
602	906	1049	938	920	567
3	5	8	7	4	5
92	81	97	106	112	85
0	0	1	1	0	1
369	432	530	475	462	395
270	289	275	265	291	189
565	672	713	810	722	522
4846	5554	4966	5069	5380	4095
14	19	11	2	8	6
1	5	6	15	9	0
0	0	0	2	0	1
361	315	374	505	446	391
377	372	362	394	418	308
47	59	90	60	80	56
780	996	909	1204	1292	1031
0	0	0	0	0	1
2151	2502	2222	2612	2556	2072
38	61	61	39	67	42
489	638	800	906	890	521
1762	1870	2195	2395	2104	1735
24	26	33	41	35	31
401	412	371	327	340	286
3	4	3	3	2	1
24	22	22	22	16	23
244	409	331	303	283	227
1578	1673	1542	1423	1543	1295
138	178	187	169	182	135
14	10	20	24	27	15
405	467	496	491	428	344
854	986	989	1081	1058	741
845	871	803	862	919	791
3	7	10	4	15	7
1723	2165	2004	2192	2134	1467
932	1228	1083	984	1066	806
1819	2369	1862	1589	1696	1380
235	302	273	187	206	161
649	701	654	512	566	481
807	1244	1190	1151	1056	741
2284	2445	2412	2146	2555	1952
255	235	252	305	269	244
588	647	717	672	717	540
443	514	536	519	547	418
343	472	494	412	433	312
119	203	137	31	41	35
35	38	21	20	31	39
1459	1970	1699	2294	2168	1498
31	34	49	36	31	27
515	645	635	671	733	551
14	6	8	14	16	16
36	47	51	95	53	44
0	1	5	5	4	6
6	4	8	12	3	6
812	827	818	907	932	690
117	133	167	133	149	151
1053	1375	1015	1096	1308	987
4	2	3	1	6	4
3	0	3	1	1	0
39	55	49	45	31	27
532	566	622	636	566	531
29	42	25	66	46	37
377	476	450	518	463	337
83	105	69	90	93	49
9	13	9	14	10	6
225	300	378	409	277	220
217	268	230	259	292	194
8944	11334	10336	10161	9788	6597
710	654	555	646	683	663
376	333	293	442	505	386
3361	3639	3663	3530	3353	2778
15	24	20	21	35	17
41	39	21	19	31	23
37	46	16	17	32	28
11	25	20	16	18	4
154	180	166	169	152	122
168	155	137	91	172	144
53	46	34	41	45	37
244	299	335	358	335	217
2	0	1	6	5	1
0	0	0	1	0	0
4	4	4	16	8	1
31	69	64	28	28	28
490	597	650	621	608	501
0	0	0	0	4	0
1504	1591	1700	1813	1567	1274
181	272	270	332	301	159
1	1	4	2	0	2
1	0	3	1	0	0
821	992	866	910	1003	738
102	134	124	161	120	113
0	1	2	1	0	1
1	0	1	3	4	2
41	31	35	87	84	67
0	0	0	0	0	1
17	22	24	38	26	22
124	137	176	172	172	128
588	605	632	668	578	415
56	29	45	61	51	48
0	1	2	1	0	0
0	0	0	0	2	1
11	2	3	2	3	1
2	1	0	0	1	1
983	1196	754	403	698	684
37	42	44	11	34	25
0	1	0	0	0	0
1	0	0	0	0	1
26	35	32	26	34	29
9	12	17	5	18	3
231	224	275	199	216	197
1060	1070	1215	1141	2022	1803
0	2	2	3	4	1
3	1	0	0	0	0
0	0	0	1	1	0
2734	3697	2817	3490	3609	2383
475	649	729	789	718	381
0	0	0	0	0	1
6676	7633	8925	7464	7330	5749
0	0	0	0	1	0
121	196	204	170	162	128
41	63	65	61	65	36
291	287	303	285	282	266
2888	3237	3258	3040	3419	2552
1818	2112	1900	1851	2011	1626
873	977	1022	1007	1041	750
40	66	85	46	59	25
93	87	104	87	69	81
265	376	337	392	403	256
196	284	297	340	302	204
1	0	0	0	0	1
5	10	10	5	3	6
2	0	0	0	0	0
0	0	1	1	0	0
1	0	0	1	1	2
605	759	696	638	589	473
205	204	170	162	202	187
46	63	71	56	81	74
34	38	35	28	31	34
911	1048	785	454	496	487
169	168	172	170	173	114
383	384	494	403	403	380
11	17	26	47	37	29
1484	2004	2084	2082	1612	916
43	40	19	11	6	14
64	61	51	30	45	45
447	482	350	343	385	343
5320	5394	5032	5790	5866	4934
190	272	163	203	114	66
22	16	12	8	21	9
2980	3461	3004	3492	3104	2343
135	152	153	103	135	114
572	696	669	631	732	546
202	230	227	197	202	158
11317	14084	13796	14091	14043	10982
5167	5937	5010	5234	5328	4072
1	1	1	7	4	0
0	0	2	6	5	0
6	3	5	5	4	3
10940	13523	12417	10756	11588	8224
9	0	1	3	4	7
46	72	52	69	57	26
37	54	47	59	34	38
74	87	92	88	96	77
112	189	104	50	88	55
0	0	1	1	0	0
0	0	1	4	0	1
393	617	618	449	485	336
193	181	269	191	184	107
108	177	129	109	105	75
93	152	112	54	89	63
2	6	1	7	3	1
8	25	23	14	16	7
181	240	217	122	198	123
61	72	61	65	65	48
1199	1439	1399	1196	1256	915
1090	1089	1204	1109	960	784
11453	13230	13384	13667	13472	10019
35	34	40	52	38	37
15	13	34	38	15	14
17	12	11	6	10	6
696	764	735	772	719	610
295	369	370	331	379	238
651	712	636	679	675	540
2020	2597	2501	2799	2597	1557
1312	1746	1845	1890	1720	1235
258	254	331	344	301	234
19	33	51	65	52	14
0	0	2	1	0	0
6	9	5	6	8	6
3	10	8	18	3	8
0	4	5	5	0	2
1	3	0	7	2	4
71	105	95	141	107	85
7	10	11	27	14	8
6	2	6	4	5	4
1	0	1	0	1	1
90	101	29	8	18	18
7	2	4	9	13	13
0	0	3	8	4	9
3584	3844	3753	3529	3597	2948
342	416	371	372	403	319
291	302	370	386	282	280
11	10	20	15	14	7
3	5	11	6	6	1
10	10	8	7	18	8
0	0	0	0	2	1
3	4	3	1	3	0
2488	2574	2904	2791	2589	2083
59	72	55	60	40	36
1031	1260	1216	1489	1390	1013
0	0	0	3	3	2
431	489	473	417	495	402
929	1016	965	873	895	830
7121	7781	7630	8094	8890	6676
40	55	77	125	91	70
2431	2560	2588	2743	2452	2076
109	148	144	156	143	113
5	4	6	8	7	10
1363	1620	1700	1783	1987	1385
85	79	92	84	103	94
1171	1775	1754	1955	1817	1136
3236	4138	3410	3792	3808	2851
209	279	281	222	229	159
3521	4193	3752	3556	3941	3138
747	1021	913	939	1023	675
359	404	397	376	436	299
724	965	1024	1008	980	629
5	9	2	6	11	5
37	77	101	131	98	67
0	1	1	1	0	1
246	285	357	356	336	255
6	3	6	3	0	0
3	2	0	0	0	0
79	136	174	147	117	51
808	742	886	770	714	581
218	193	232	169	193	167
10	11	15	20	10	9
44	31	41	10	5	10
441	593	582	42	78	64
3	4	4	0	0	0
81	85	97	59	68	72
1230	1582	1202	600	813	629
3	6	7	4	3	3
16835	17326	16836	16013	15889	12965
6	4	10	7	6	4
17	13	8	10	6	7
755	976	1030	1250	1001	706
1054	1271	1208	1138	1167	963
23	22	21	30	20	27
532	609	690	644	586	426
319	335	397	151	133	107
2	1	1	1	0	0
72	92	83	60	72	56
1873	1993	2059	2397	2302	1749
25	25	31	29	49	41
719	842	739	735	784	601
49	47	45	62	65	30
764	756	711	711	750	712
43	59	41	45	49	43
195	290	272	234	263	171
32	29	37	47	21	14
2	2	1	0	2	0
26	33	17	7	4	7
65	51	20	4	12	14
1	1	1	0	0	0
0	0	1	0	0	0
63	121	115	134	75	34
93	116	136	208	157	88
2784	3232	3373	2935	2974	2352
2137	2810	2693	3001	2822	2029
1393	1523	1700	1845	1631	1348
883	1056	941	944	899	714
410	495	478	487	527	333
2940	3294	3323	3265	3287	2422
21	47	29	28	41	30
1378	1553	1572	1688	1589	1210
19	20	39	32	17	12
89	92	89	99	112	92
118	131	107	116	160	105
58	80	66	72	58	61
4106	4670	3905	4065	4548	3648
215	213	243	265	260	205
8	19	13	28	16	11
1	0	1	0	2	1
310	469	429	318	334	218
66	88	61	37	51	39
11842	13618	12561	12380	13238	9902
7	7	12	8	7	6
25	36	25	28	29	21
136	179	191	216	207	122
1164	1420	1473	1224	1292	983
290	361	277	282	270	267
1261	1652	1446	959	920	649
1521	1937	1995	1813	1761	1136
23621	27315	25792	26138	23227	18624
1	2	0	0	0	0
21	7	4	10	7	5
5	2	2	2	0	3
9	15	4	3	6	1
474	465	447	420	457	382
708	888	817	751	867	617
61	95	52	67	85	68
0	0	3	3	3	1
8	4	12	9	10	6
225	230	294	195	217	168
616	678	601	311	443	370
411	474	536	444	429	352
1619	1984	1688	1485	1877	1429
3	0	1	0	0	0
1	1	0	2	0	0
488	623	549	670	592	367
302	413	326	330	373	254
1720	1961	1880	2156	2043	1570
1	0	0	0	1	0
1619	2179	2447	2187	1702	1298
2	0	0	3	1	1
251	375	396	335	434	236
35	33	35	27	60	39
123	177	190	239	177	110
1518	2035	1907	1796	1615	1166
80	108	113	89	77	67
2	1	3	7	3	1
1542	2441	2386	2494	2333	1316
1862	2188	2618	2787	2390	1539
0	1	0	0	0	0
1963	2393	2252	1668	1569	1145
511	571	588	827	727	504
13	14	10	26	10	21
2157	2703	2401	2496	2399	1575
117	110	84	85	113	85
744	950	838	617	667	568
250	282	323	326	287	243
279	500	395	396	400	290
1103	1508	1615	1727	1620	1017
136	180	178	194	193	147
187	224	207	173	225	171
10593	13125	15310	11321	12619	9526
186	259	310	372	312	192
37	40	39	28	33	35
6039	7242	7150	8448	7646	5394
142	170	260	233	231	158
4617	5491	5261	5033	5497	4025
3	1	13	5	1	7
1509	1865	1834	1586	1645	1197
125	133	148	69	94	76
609	725	681	637	663	469
205	279	207	212	239	140
2	2	0	1	1	1
10	8	3	1	7	3
62	62	56	35	46	46
87	92	66	75	96	60
0	1	0	0	1	0
1	0	1	3	0	0
411	570	517	513	560	368
1368	1572	1517	1340	1587	1262
539	682	651	648	665	464
309	341	441	443	333	241
330	365	368	355	354	278
512	673	679	771	629	474
214	216	228	179	183	159
82	75	69	87	76	63
0	0	2	0	1	3
45	54	34	34	23	30
460	644	382	268	304	270
1506	1763	1710	1109	1301	1047
517	641	570	651	589	412
1	0	0	0	0	0
1709	2304	1606	1361	1334	1066
3372	4268	3995	4146	3876	2824
5407	7051	5903	6050	6436	4738
1317	1582	1386	1494	1479	1087
1166	1512	1369	1366	1424	991
207	209	240	303	335	299
102	126	100	67	102	57
124	169	143	144	166	113
978	1340	1342	1435	1307	850
11	15	24	44	22	21
227	299	252	352	343	257
4194	5728	5322	5161	5503	3584
2734	3577	3370	3337	3139	2242
30	26	33	39	29	14
43	40	53	57	45	34
30	28	27	28	21	9
0	0	1	1	0	0
0	0	0	1	2	0
10	4	8	11	12	5
790	840	833	820	792	569
1219	1437	1298	1388	1353	1019
155	226	245	174	188	136
236	261	266	258	282	203
484	569	560	600	551	446
15	10	20	28	19	21
33	42	45	14	5	9
1003	1276	1164	1404	1294	1114
229	316	280	239	270	172
0	0	1	4	0	0
4	2	10	9	8	9
14	14	10	15	26	11
157	177	183	173	152	135
2046	2432	2176	2388	2483	1783
17	22	16	30	19	13
1	1	0	0	0	0
0	0	1	1	0	1
7	13	16	9	5	9
4415	4848	4945	4696	4075	3948
1	0	0	1	0	0
0	2	3	1	1	0
526	540	597	568	580	435
9	14	6	8	1	8
1233	1459	1465	1410	1432	1146
461	643	544	643	547	382
397	525	262	101	181	180
959	1063	961	965	985	814
712	840	772	936	959	642
1974	2061	2017	1954	1721	1514
0	1	1	3	0	0
110	154	135	130	163	90
77	67	65	80	75	51
1585	1846	1738	1689	1789	1557
41	71	52	52	52	44
529	677	479	317	425	304
455	470	505	399	457	357
0	0	0	1	0	1
591	890	785	802	730	502
1	0	1	1	0	0
1500	1875	1675	1785	1847	1277
515	591	586	677	670	490
592	520	522	365	425	397
15	10	11	9	3	12
20	35	30	77	52	32
236	263	243	264	306	231
887	1078	1147	1137	1066	788
973	1390	1328	1664	1362	891
178	248	227	275	316	225
827	1134	1204	1368	1217	769
36	78	61	73	49	48
496	547	582	503	596	467
432	411	374	371	430	398
8109	10500	9343	9609	9741	6828
690	836	802	862	866	685
111	146	105	68	75	49
23	33	27	21	20	19
597	719	741	666	656	555
435	595	534	499	613	392
431	643	707	768	690	488
2013	2588	2263	2356	2591	1885
5	12	23	32	18	10
146	184	183	210	181	142
421	558	451	646	622	450
16	10	7	3	8	15
668	1035	1076	879	861	561
11	6	9	9	2	9
9	18	17	3	10	6
311	279	383	309	321	293
17	27	29	49	34	19
4	3	4	3	5	3
500	506	562	451	419	327
0	5	5	2	1	2
3693	4384	4113	3948	4293	3151
7503	8352	8498	9169	8781	6845
503	770	705	766	636	405
217	259	157	133	165	136
459	487	446	465	455	384
1	0	2	1	0	0
1144	1396	1551	1958	2041	1351
4339	5032	4459	3118	3475	2777
1735	2053	1954	2058	1861	1433
9	8	12	1	6	3
1088	1319	1253	1254	1212	933
3063	3400	3363	2658	2785	1992
618	495	417	427	514	635
0	0	1	4	8	8
6	0	5	3	4	4
0	0	0	1	0	0
42	41	42	46	42	46
0	0	0	3	0	0
1	5	3	3	5	0
40	53	36	27	41	40
30	22	19	54	57	20
104	125	120	158	117	128
256	266	276	251	234	227
278	366	339	309	318	225
0	0	1	0	0	0
2240	2364	2211	2274	2021	1773
1090	1385	1352	1684	1810	1073
10	8	22	10	12	12
265	225	250	213	262	243
638	877	815	706	717	401
373	737	706	761	552	273
2	2	1	6	3	1
5733	8234	9588	9627	7244	4900
1156	1227	1127	1456	1269	977
4	2	2	2	6	3
2	4	2	24	9	1
0	1	1	0	1	1
0	0	2	3	1	0
0	1	1	1	2	2
33	42	26	26	26	19
631	764	463	289	469	338
0	0	0	0	0	1
7036	8360	7408	6083	6238	4754
864	1124	1240	1179	1100	713
106	130	159	129	141	102
415	507	498	441	493	321
1	0	0	0	0	0
14	8	3	14	15	9
6	38	56	33	35	8
7	9	8	4	4	6
0	3	0	0	0	0
1	1	0	0	0	0
1511	1990	1695	1192	1046	712
9	6	11	22	3	4
54	79	65	44	58	40
632	594	407	392	307	343
2	3	2	1	0	0
0	2	5	2	1	0
0	0	0	2	0	0
2983	3318	2664	2511	3061	2563
404	510	470	581	581	412
471	524	523	478	467	396
664	848	1009	1374	1080	728
25	67	61	76	85	42
863	1510	1279	1355	1014	631
1376	1411	1536	1359	1394	1124
1015	1281	1361	2296	1858	1086
6	10	13	12	7	9
15	14	18	53	35	24
21	40	50	115	81	67
8	11	7	11	6	3
8809	11672	11335	11080	11122	7619
0	1	1	0	0	0
941	793	929	854	852	762
1957	2099	1981	2099	2093	1602
625	732	821	654	650	562
3848	4958	2254	1648	2300	1832
185	334	209	287	306	172
25	37	11	2	2	7
119	101	92	53	80	80
5	0	1	0	0	2
9	11	19	11	7	4
0	0	0	2	0	0
11	22	13	20	7	4
0	0	2	1	0	1
0	0	4	0	0	0
0	0	1	1	0	0
0	1	0	3	2	0
281	339	379	366	333	261
6282	7263	7461	9204	7683	5837
5169	6896	6389	6262	4983	3738
35	38	13	13	9	17
1176	1158	1201	1140	1167	991
44	73	72	57	59	35
482	532	498	382	438	334
775	942	858	759	820	645
106	161	208	135	88	62
176	205	148	127	152	133
9	6	3	7	7	6
582	668	594	582	612	437
350	473	384	195	286	184
17	8	20	18	8	3
163	195	193	245	208	146
23465	26448	25890	27176	24225	18932
3962	4914	4272	3844	3852	2918
1548	1730	1832	1814	1741	1390
29	25	15	5	27	11
554	939	813	763	693	400
718	1043	1192	881	685	478
0	1	0	1	1	0
208	327	278	176	218	148
4329	5215	4365	3700	4099	2941
4826	5694	5368	4549	5248	4062
96	188	150	159	175	129
820	1248	1016	927	1020	652
988	1062	1211	1011	1036	842
1510	1950	1751	1724	1844	1284
885	1136	1075	989	964	725
3	5	5	7	2	6
6777	7788	10031	7769	8698	6372
5865	7158	6444	6210	5776	4327
25	30	43	43	35	29
21	20	11	20	20	13
91	121	113	96	85	73
41	47	36	39	32	33
196	223	248	125	112	81
5824	6559	7458	6634	6961	5202
233	257	213	179	166	105
296	369	350	354	429	293
1685	1989	1867	1763	1874	1454
2595	3512	3250	3168	3168	2121
1	0	1	0	0	0
17	16	18	19	15	13
165	189	200	219	184	112
0	0	2	1	1	0
60	61	62	48	67	37
224	333	306	228	205	166
277	265	331	303	243	238
128	124	147	172	159	104
2	5	6	5	5	4
0	0	1	0	1	0
277	441	453	380	433	246
2	4	0	0	0	0
8	9	7	4	1	5
4306	4701	4481	4233	4254	3468
1064	1265	1139	1133	1178	932
199	248	224	322	327	234
105	209	156	117	135	107
1117	1780	1458	1524	1864	1132
1967	2161	2028	2126	1855	1544
19	27	31	49	22	14
360	502	487	501	484	320
1324	1617	1340	1380	1510	1109
419	689	727	996	798	423
0	0	1	2	4	2
14024	18175	17293	17549	15786	10970
10	5	9	25	15	16
0	0	1	0	0	0
0	0	0	1	0	0
1660	1810	1878	1926	1668	1391
9	9	6	18	8	13
5	0	1	0	4	1
39	27	44	33	39	24
0	0	0	2	0	0
0	0	0	0	0	1
1	0	6	0	2	3
1	0	0	2	1	0
0	1	0	0	0	0
0	1	0	0	0	1
21	14	20	1	1	3
1	1	6	1	0	0
11	6	24	18	12	4
0	0	2	1	0	0
1	0	1	0	0	0
6	2	7	0	3	0
20	17	49	17	8	2
680	760	685	183	111	89
2835	3173	3062	3124	2944	2535
0	2	0	0	1	0
1845	2804	1804	992	1607	1102
1849	1926	2120	1825	2133	1677
34	54	38	27	39	34
42	68	93	101	108	49
364	433	345	320	379	343
9	13	7	14	12	10
268	437	461	415	374	259
8403	10758	9598	10069	10454	7450
118	180	141	107	153	134
138	176	187	176	259	172
5799	6954	7102	7042	6319	4948
394	408	338	379	375	294
3	6	4	2	0	6
14	19	15	8	7	14
2241	2358	2446	2384	2223	1720
0	2	1	0	0	0
1430	1528	1428	1253	1353	1034
2	1	5	4	6	1
149	164	193	186	167	106
116	162	166	135	155	98
58	56	72	58	55	38
1812	2250	2183	831	678	485
337	481	650	303	250	207
919	1221	986	994	937	783
11	11	21	21	10	13
7	9	6	14	7	6
303	400	348	316	326	254
464	615	531	525	578	400
792	802	842	861	822	631
427	553	483	496	540	368
1102	1313	1105	1055	1106	868
6	9	11	6	14	6
21	72	50	40	47	15
0	0	3	1	0	1
337	485	452	547	552	349
13	16	14	22	24	22
0	0	0	0	0	1
17	5	7	14	8	4
289	241	297	271	278	248
11	14	4	7	7	12
960	1164	1244	1151	1110	775
3920	4431	3963	4177	4288	3221
42	30	24	28	33	42
7	2	3	1	2	2
0	0	1	0	0	0
10	6	13	13	4	8
4	5	7	7	7	6
264	336	387	350	284	160
1721	1769	2044	1856	1852	1480
86	116	84	58	53	66
2177	2982	2803	2040	1776	1112
201	294	276	236	194	110
3295	3815	3136	3063	3526	2679
2434	3052	2978	3137	2945	2074
110	106	79	161	143	103
283	322	282	164	249	233
142	217	164	107	109	59
2229	2515	2360	2400	2136	1663
518	514	873	625	603	471
0	2	3	8	2	0
0	2	0	0	0	0
105	147	185	279	177	120
0	0	0	0	0	1
6	11	3	10	8	14
0	0	0	1	0	0
42	54	66	61	50	28
0	0	0	3	2	1
2	9	8	1	2	3
478	460	502	532	469	404
1342	1646	1422	1353	1299	1067
46	58	43	39	41	45
510	614	643	634	523	376
589	723	598	422	431	312
53	83	40	34	53	37
220	279	314	241	268	207
1012	1193	1184	1288	1342	873
9209	10125	11579	12745	10760	8365
2	2	1	5	3	2
382	444	423	241	220	244
2966	3396	2822	2610	2850	2145
3363	4115	3931	2900	3071	2447
37	41	44	32	50	30
23	11	21	13	12	12
1536	2046	1979	1870	1820	1225
41	62	77	98	69	48
44	98	99	162	100	69
155	152	97	141	97	116
2628	3149	2140	1449	1691	1374
41	64	34	19	26	8
1417	1465	1563	1433	1774	1494
0	0	0	0	1	0
4854	5403	5005	4960	5202	4142
7	3	5	8	2	4
1	2	2	3	4	6
1348	1441	1472	1377	1450	1155
23	23	20	15	12	24
1344	1335	1172	1251	1428	1182
3088	3426	3298	3664	3305	2620
156	273	270	279	230	147
133	150	160	116	95	78
2013	2345	2752	2728	2340	1789
100	113	86	84	103	60
38	71	51	26	34	16
6	3	12	5	13	6
21	29	32	49	30	12
43	61	74	68	83	38
936	1369	1545	1553	1250	782
1	0	0	1	2	3
0	2	3	4	2	0
1	1	0	2	1	0
550	597	547	622	561	448
1	0	0	0	0	1
2	9	9	12	11	2
2109	2224	1672	1625	1728	1439
312	337	269	346	337	254
275	236	205	61	52	83
1220	1435	1499	1468	1461	1073
1117	1576	1581	1625	1491	928
5	12	16	14	15	5
114	150	106	100	73	66
6	10	10	16	14	6
426	425	486	471	501	442
2353	3268	2891	3554	3099	2023
6	7	7	68	36	15
1	1	2	1	1	2
85	91	81	83	65	63
128	159	190	94	100	75
7	20	12	16	13	14
3	6	4	10	10	10
1403	1619	1461	1423	1554	1068
150	169	181	157	185	119
460	632	562	691	641	414
69	92	82	168	154	85
383	480	452	520	497	364
1444	1928	1870	1875	1932	1305
3883	4855	4625	4709	4513	3265
7076	8236	8090	7887	7495	5928
3523	3883	3749	3598	3768	3189
1089	1127	954	781	851	657
2	2	0	2	1	1
10	16	9	6	3	9
3	2	1	2	2	2
6	9	13	3	11	7
130	255	201	184	180	119
499	851	781	684	653	414
1638	1587	1513	1817	1507	1401
2	0	0	0	0	0
106	129	109	123	120	91
18836	22547	21503	22390	22003	16279
299	390	360	445	389	311
317	540	510	551	475	346
1673	2010	2073	1843	1889	1523
9	10	6	17	11	9
6461	8866	8505	10666	8691	5328
1562	1853	1731	1759	1819	1358
657	733	756	780	721	503
3068	3472	3387	3430	3522	2624
3345	5007	4839	5092	4900	3147
1	0	1	1	0	0
24	24	29	33	19	18
4	5	3	2	4	2
53	85	77	124	94	61
0	0	0	0	1	0
85	122	139	191	313	191
616	1342	1073	855	1632	867
0	0	0	0	0	1
27	41	39	37	45	28
1960	2480	2351	1867	1982	1481
0	1	0	0	0	0
243	236	226	280	240	230
303	335	276	274	368	305
2	4	4	9	1	6
97	123	70	71	100	90
3452	3557	3547	3113	3188	2719
5	4	5	4	3	4
2	4	1	0	6	5
3	2	8	7	4	2
0	0	1	0	0	1
49	65	69	63	76	45
329	399	355	189	246	211
1	0	2	3	2	2
1	0	4	4	4	2
3	3	3	2	1	1
422	411	310	184	272	276
30	44	23	7	9	9
609	709	700	665	656	483
642	713	749	744	699	532
560	647	636	583	609	418
138	110	173	123	114	88
762	581	704	481	648	594
15	9	29	17	24	17
3048	3355	4661	3360	4149	2911
463	687	490	229	205	135
12	22	17	17	17	18
9	9	6	5	3	3
1	0	0	6	1	1
84	143	146	242	206	95
2	4	7	25	22	9
0	0	0	0	0	1
8	5	0	0	0	1
0	4	0	1	0	0
5	7	5	1	6	6
3	2	1	1	0	2
1891	1891	1927	2130	2081	1987
173	167	189	151	138	135
145	198	195	130	112	77
12	11	24	24	7	1
160	203	204	172	164	103
110	111	95	36	30	34
1	1	2	0	0	0
1	1	0	2	1	0
28	39	44	35	24	28
284	361	289	252	250	146
618	572	535	608	524	518
1726	1843	1965	1759	1711	1491
248	248	237	287	336	213
1	2	0	0	0	0
12	22	13	10	6	5
102	114	113	84	108	68
229	301	282	312	305	249
1240	1488	1475	1536	1505	1066
763	797	802	845	929	760
1320	1514	1546	1476	1629	1191
733	943	943	946	946	620
871	896	915	986	950	739
789	952	1128	1182	1108	854
346	481	476	488	463	280
1623	1835	1637	1677	1767	1425
535	684	615	493	548	406
268	397	442	295	264	180
342	402	433	391	316	239
3018	3469	2900	2311	2845	2214
21	40	33	22	27	16
377	401	445	367	417	315
0	0	0	0	1	0
1216	1485	1453	1424	1192	1009
160	198	201	91	161	93
366	470	466	398	418	383
6438	7050	7397	7534	7367	6500
454	547	571	680	582	441
52	52	54	29	46	40
1681	2085	1828	1974	1693	1178
23	21	40	33	34	24
6	5	8	6	11	1
1057	1210	1216	1065	1096	880
602	679	751	686	650	535
585	746	792	663	595	433
75	73	62	98	71	81
49	94	88	80	54	46
1687	2002	1715	1815	1873	1343
7	12	4	23	17	7
470	534	547	488	472	398
8	11	40	27	28	13
101	123	114	93	113	81
1280	1183	1158	795	668	613
4	8	9	4	10	4
1184	1532	1534	1506	1376	1153
9	14	2	6	5	2
1792	2071	1798	1620	1494	1085
438	627	563	486	447	299
2	5	6	9	6	0
6	10	28	29	10	7
73	78	103	76	68	41
3	1	3	1	2	1
60	73	52	108	77	55
1016	1168	1294	1300	1199	857
75	67	86	71	83	66
8199	7814	6688	7156	7807	6913
189	279	280	266	236	179
197	196	188	249	221	172
1959	2655	2413	1626	1549	1138
2534	3213	2942	2227	2439	1785
0	0	1	1	0	1
1097	1222	1565	2141	1726	1163
245	248	328	202	209	153
66	80	98	89	80	64
0	0	0	1	0	0
266	405	343	282	300	218
714	822	614	524	581	469
22	11	14	11	17	16
2438	2661	2898	2782	2345	1941
1	1	0	1	0	1
2	6	7	1	0	0
1155	1450	1567	44	13	11
529	581	771	476	448	304
50	44	37	13	17	6
111	162	114	111	92	69
1295	1516	1655	1612	1412	1002
27	29	21	15	11	11
0	3	1	0	0	0
3	9	5	7	6	9
364	474	488	459	409	287
171	181	207	153	116	94
0	4	11	9	7	4
341	538	457	490	462	272
27	65	44	36	37	11
91	248	134	77	98	55
85	132	121	114	183	106
20	21	18	26	27	18
758	842	718	454	495	456
2879	3052	3073	3050	3066	2619
3	1	2	0	1	0
30	35	18	15	24	11
41	68	55	31	30	18
3327	4855	2381	806	1126	775
100	119	121	119	95	98
20	17	16	4	8	8
1440	1631	1606	1489	1391	1128
663	653	686	695	682	569
317	383	526	474	538	365
1	4	2	1	3	1
503	629	737	826	654	426
261	344	341	330	326	168
147	181	184	190	175	188
1921	2284	2274	1979	1960	1661
1015	1568	1541	2080	1874	934
3407	4680	3918	3885	3729	2839
0	0	0	2	0	1
174	186	210	174	190	171
1505	1721	1608	1625	1638	1249
0	0	0	1	0	0
1	0	1	1	2	0
22	21	31	22	17	14
357	482	449	421	454	260
51	69	67	85	92	55
1246	1480	1540	1503	1299	1071
1463	1507	1760	1313	1325	1094
101	119	141	129	110	90
1	1	0	0	1	0
237	237	283	298	282	212
0	2	0	1	1	0
8567	10159	10085	9276	8741	6906
5038	5856	5959	6093	6375	4624
3579	3815	3957	4008	3706	2922
748	644	697	810	886	740
1	5	7	3	2	0
514	645	690	656	584	461
203	313	324	322	303	195
1837	2436	2385	2448	2318	1572
167	194	165	142	170	129
680	937	953	1128	1192	694
1455	1616	1573	1601	1684	1350
233	282	298	223	219	172
424	550	588	413	394	328
28	30	36	40	29	25
172	151	151	148	196	145
1	0	0	0	0	0
1369	1520	1782	2119	1777	1365
328	458	473	522	426	292
1264	1486	1390	1298	1428	1167
1489	1755	1646	1554	1722	1372
9358	12159	10248	8595	9059	6250
122	96	112	87	101	111
71	60	55	265	139	89
1276	1546	1593	1507	1593	1106
2	1	2	0	0	1
30	24	22	21	13	18
1529	1447	1224	1140	1131	1085
0	0	1	2	1	0
106	116	92	109	94	80
65	76	79	85	105	83
148	173	164	169	159	103
266	363	374	369	333	233
1081	1363	1306	1405	1246	935
1260	1357	1257	1348	1311	1039
1	1	1	0	0	1
124	164	157	160	177	110
722	903	886	883	943	671
117	109	164	200	185	133
164	197	211	226	177	120
1	0	0	0	1	0
4	2	1	3	12	0
5881	6942	6442	6780	7069	5353
329	306	349	341	273	247
48	41	40	36	26	24
1	0	0	2	0	0
1106	1221	1191	1110	1130	881
2	1	0	0	0	0
1	4	0	4	2	1
6	0	2	8	9	6
0	0	0	0	1	0
2	0	1	1	0	0
119	119	134	142	123	83
465	645	800	971	701	458
2005	2093	1979	2020	2104	1943
3753	4746	5059	5040	4846	3460
0	0	1	0	0	0
348	476	510	503	481	325
206	238	279	344	248	176
0	4	0	1	0	0
4160	4710	4807	4870	4251	3326
1733	2334	2114	2260	2330	1531
251	300	273	333	289	191
967	1105	1066	1306	1275	882
1	6	11	6	2	1
207	226	236	363	379	277
1250	1430	1313	1401	1535	1059
21	26	19	30	30	38
3972	4677	4669	4527	4350	3334
89	102	87	78	82	90
3	4	7	4	8	6
19	55	40	49	47	21
107	156	133	117	113	98
5263	6139	3945	2527	3390	2883
297	356	417	335	310	222
0	0	3	1	1	1
380	610	727	761	803	518
347	412	401	522	444	362
213	322	302	310	324	212
920	1611	1762	2043	1527	834
4	0	2	5	6	5
445	548	587	570	542	359
2953	3428	3420	2997	3230	2571
220	301	372	496	410	295
199	255	317	429	450	283
0	0	0	0	4	1
0	5	1	2	6	1
220	259	282	436	377	326
1664	2241	1988	2151	2192	1463
1554	1803	1758	1795	1687	1252
136	177	197	240	223	138
1	1	3	10	2	3
1850	2205	2144	2198	2442	1791
280	365	258	331	366	277
442	443	490	556	600	463
74	99	74	99	108	89
70	79	123	161	165	85
0	0	0	0	0	1
127	145	131	289	214	171
299	365	404	328	346	262
0	0	1	1	0	0
3782	3956	4130	4265	4023	3110
1	0	0	0	0	0
13	6	17	21	18	20
220	243	241	223	249	180
355	553	487	428	381	265
31	48	56	52	34	29
428	699	755	686	750	385
16	14	20	15	12	14
3	16	13	13	13	11
4	0	2	6	7	5
20	17	11	27	19	11
195	325	311	269	369	203
0	3	0	0	4	3
19	22	7	17	22	14
9	2	4	3	5	2
3	4	1	0	4	0
2	1	0	1	0	0
8	9	2	0	4	9
17	39	15	11	29	11
4	10	3	5	8	5
43	43	7	14	46	25
7	7	2	3	3	8
0	3	0	1	1	3
2	2	1	3	1	3
20	13	7	18	22	5
4	14	4	3	3	9
8	0	6	6	3	4
131	191	173	191	192	139
6	0	1	0	0	0
25	25	29	19	17	11
8	8	1	4	10	3
6	20	4	9	13	16
16	12	21	30	20	10
3	3	1	2	5	3
4	12	6	1	9	4
0	0	3	0	0	0
0	0	0	1	0	0
0	2	2	1	0	1
285	574	622	615	683	288
597	618	644	637	716	560
5	7	3	2	4	2
51	52	26	21	30	21
2	5	4	2	5	2
27	30	6	10	26	19
7	2	1	4	2	2
7	2	2	1	2	4
7	4	3	2	6	6
6	6	1	5	7	8
80	100	18	42	57	60
10	18	9	12	8	14
12	19	14	15	13	12
6	12	2	5	13	7
1	10	3	1	3	0
4	9	3	2	4	0
7	14	3	14	12	15
26	51	12	20	33	24
8	10	5	10	9	4
25	26	13	23	23	25
11	18	7	4	11	16
21	29	20	24	21	29
0	1	0	0	0	2
7	3	0	4	7	0
1	5	1	2	2	1
87	118	62	83	81	86
24	10	5	4	7	7
12	24	7	1	27	7
24	22	10	14	21	14
13	16	2	3	6	11
17	20	9	10	16	15
10	21	5	6	25	8
5	12	3	2	10	8
55	64	19	26	45	31
5	3	3	6	1	3
1	1	0	0	2	0
0	1	0	0	0	0
1	1	1	2	1	2
318	426	414	458	425	315
0	0	0	0	1	0
0	0	0	1	0	0
1553	1691	1740	1552	1857	1532
1655	2133	2245	2338	2197	1533
150	213	231	268	284	217
899	904	965	1037	1242	994
3	3	1	5	6	8
187	276	179	152	243	177
1	4	2	6	1	1
233	362	312	383	326	241
6	9	6	14	4	3
1	1	1	1	0	0
1	2	0	6	0	2
0	0	1	0	0	0
0	0	0	1	0	0
47	23	21	51	63	34
57	108	131	360	289	162
251	295	324	260	258	239
837	1102	1001	952	1050	637
2	8	7	8	16	3
0	0	1	0	1	0
1215	1369	1342	1235	1284	1049
24	26	26	29	38	27
249	311	289	356	361	276
8	7	2	2	3	5
0	1	3	7	0	1
1	2	1	0	0	1
9	9	5	3	5	1
108	79	56	80	67	74
0	0	0	1	2	0
651	784	734	639	721	550
136	139	119	12	25	23
3	2	0	0	0	0
7	12	8	0	6	4
29	23	20	10	17	12
112	78	106	122	131	100
24	29	23	10	27	17
0	0	1	0	0	0
141	226	216	77	88	61
888	926	926	764	869	706
344	341	310	474	429	367
474	703	618	598	605	360
49	59	48	55	61	45
256	261	212	202	175	194
4533	5136	4239	3339	3788	2810
277	306	286	307	244	238
80	100	68	80	65	57
1	2	0	2	1	1
3136	4445	4569	4803	4266	2717
1	0	2	0	0	3
13	14	13	13	3	15
260	328	300	224	264	208
692	723	786	1162	968	811
291	307	277	218	292	208
0	2	0	0	1	2
81	96	134	92	98	87
147	140	119	120	115	98
0	1	0	1	3	0
1416	1803	1628	1255	1374	979
2618	3126	2739	2808	2927	2349
9	10	10	10	15	8
1088	1170	1122	1134	1007	815
1548	1833	961	695	623	470
1383	1779	1807	1655	1511	1155
3	8	10	9	12	4
1305	1568	1218	1389	1499	1100
129	172	145	172	163	125
558	627	577	570	657	478
88	90	103	106	124	89
72	92	67	80	110	103
725	1000	933	793	755	473
2686	2914	2914	2780	2502	2037
655	751	652	612	728	625
18	22	22	23	30	21
10	11	8	3	4	7
61	67	40	38	56	53
38	68	43	85	79	50
89	117	124	104	136	68
7	3	6	7	6	8
109	134	156	146	162	95
12	6	5	0	3	4
341	536	475	426	478	318
34	59	51	15	46	35
10	4	10	5	7	3
46	71	51	35	61	53
23	26	22	67	33	15
15	16	17	26	30	22
2376	2442	2395	2522	2252	2113
670	840	707	826	758	589
204	280	174	160	161	108
8	10	8	16	16	6
0	0	0	0	0	1
5328	5084	4637	6498	6274	5470
228	268	237	193	232	158
341	382	345	254	239	240
45	43	40	32	30	29
23	33	38	14	27	17
5	6	2	1	1	1
53	81	12	6	29	18
518	669	545	593	654	436
2771	3726	3533	3586	3569	2354
1601	1976	1663	2430	2317	1618
43	65	48	39	68	33
157	141	138	104	171	118
322	486	483	524	440	266
8775	10807	11483	11956	10671	8122
31	36	31	19	18	18
374	377	288	276	411	355
41	52	72	46	38	33
0	1	0	0	0	0
61	61	71	86	88	72
7	16	10	11	2	9
213	263	224	215	216	167
2794	3854	3320	3480	3641	2418
30	23	33	41	37	24
140	140	129	104	133	100
95	110	123	112	132	83
1	1	2	1	1	2
0	0	0	0	1	0
423	642	620	596	584	354
197	214	255	202	196	158
341	414	413	423	378	310
19	19	25	29	21	13
0	1	3	3	1	3
0	0	0	1	0	0
0	0	0	0	0	1
1623	2092	2338	2303	1991	1312
3435	4638	4281	4438	4258	3019
0	0	0	0	1	0
55	79	73	140	119	122
0	0	0	1	2	1
0	0	0	4	1	5
1157	1197	1415	1726	1690	1358
2	1	3	8	3	4
6	19	8	17	10	9
3	0	3	8	1	0
792	913	1034	918	1018	731
730	771	808	836	803	683
370	455	372	524	441	306
14	28	56	272	76	57
11	15	8	23	12	13
866	879	1090	1404	1110	848
364	488	406	406	433	327
38	61	53	62	52	20
604	758	636	408	576	493
482	471	560	572	579	413
56	96	55	40	60	46
685	819	666	826	889	667
4	3	3	6	6	5
8	13	6	11	12	11
1197	1320	1219	1324	1426	1054
106	198	174	161	160	103
791	998	975	1027	1000	701
57	106	111	126	114	56
1073	1190	1299	1045	1072	903
305	387	467	342	374	269
1590	1735	2068	1261	814	712
1242	1451	1387	1586	1273	999
2494	2631	2537	2765	2551	2011
3	1	3	8	4	3
2	3	0	4	1	2
8	15	4	6	6	1
33	56	10	5	1	2
70	112	108	49	61	22
1	4	1	7	4	0
0	0	0	0	1	0
689	866	910	995	851	566
323	403	384	358	424	310
16	35	35	56	24	27
7157	9470	10261	12237	10536	6337
548	671	788	733	635	558
4915	5307	4927	5184	4788	3817
79	141	144	188	132	74
1305	1469	1618	1524	1424	1193
2	1	4	7	5	1
1	0	0	0	0	1
1257	1363	1347	1664	1632	1215
23	22	31	24	34	25
122	104	130	180	112	77
281	356	329	484	352	259
7	8	10	9	8	5
2127	2261	2204	2201	2151	1671
807	1058	1190	1291	1125	803
1291	1539	1635	1493	1405	1086
106	130	146	109	153	94
279	339	370	287	347	220
5653	7147	7084	7186	6339	4526
309	556	499	560	628	322
341	446	414	340	336	274
128	83	116	82	134	127
1	1	0	0	0	0
14	28	4	1	2	3
3789	4591	3115	2320	2670	2374
10	9	14	0	3	4
2	1	1	1	0	0
19	14	11	5	7	5
9	8	13	0	2	2
3	3	4	2	1	3
19	60	57	145	55	21
377	486	491	506	556	395
12	11	5	4	3	2
28	32	39	28	46	48
6638	6156	6018	7218	7659	6152
80	98	93	47	61	50
2421	3101	2481	2896	2884	2052
637	682	585	570	521	380
6	6	7	6	6	4
378	350	318	227	293	294
15633	18517	16669	16274	16688	13207
239	335	300	354	337	207
10	16	4	1	4	5
10	3	7	4	2	5
395	405	548	712	618	471
1613	2007	1729	1322	1605	1214
1958	2628	2483	2198	2312	1462
0	0	0	0	1	0
36	33	42	47	58	36
36	28	51	60	44	17
3	5	3	2	2	1
2	0	2	3	1	2
215	324	274	285	297	207
916	1103	1136	1115	1024	678
16	31	19	45	48	20
726	712	839	1367	1323	1095
0	0	1	0	0	0
0	0	0	1	0	1
2	4	2	1	3	0
156	211	309	268	251	172
95	153	207	197	204	109
54	88	87	77	97	41
54	74	126	131	112	79
29	60	64	57	57	48
151	246	208	227	219	170
47	84	86	101	95	55
183	206	94	129	204	192
18	9	5	9	18	32
225	231	268	145	180	153
143	141	166	179	165	119
548	1076	893	1823	1342	658
720	869	858	938	951	693
1	2	1	0	2	1
33	34	30	43	45	45
447	457	519	554	520	431
189	347	259	270	249	186
175	212	198	151	193	189
233	382	355	358	339	226
1838	2454	2688	2174	2000	1456
71	63	63	55	67	50
5	8	15	4	8	1
0	0	0	2	0	0
337	425	457	451	441	297
189	170	153	281	241	209
0	0	0	3	0	0
349	447	454	500	533	327
32	52	52	39	50	33
1	1	2	3	0	0
375	597	550	591	648	415
2951	3657	3869	2752	2953	2417
8	3	7	6	14	8
223	286	267	207	260	201
580	774	706	530	613	507
17	24	34	45	39	17
0	3	0	0	2	0
65	72	91	82	88	57
26	37	35	49	43	17
6	4	9	7	9	12
7	19	26	15	17	12
2	2	2	4	3	2
31	62	76	57	54	56
102	138	147	152	162	104
28	23	24	36	30	18
2	2	2	3	4	6
313	245	363	351	435	417
79	89	120	102	110	95
68	81	99	87	99	68
11	15	35	20	25	17
124	153	142	185	209	129
149	214	187	209	207	165
175	233	292	229	240	199
180	318	319	312	311	171
116	184	194	230	215	100
191	300	337	305	306	225
47	49	61	40	40	38
56	71	84	117	87	52
49	86	79	70	75	48
1	2	3	7	6	6
1	0	1	4	5	0
745	793	710	622	674	589
323	381	377	351	400	279
2	0	1	1	1	0
38	41	31	12	14	14
517	715	711	739	719	450
5380	5949	5935	6147	6394	4932
93	118	114	127	92	86
5	8	4	7	4	0
627	733	819	696	648	522
2191	2587	2279	1997	2000	1423
4	8	4	2	2	2
206	366	402	219	270	155
3	2	2	9	6	3
1059	1211	1311	1151	1405	994
282	291	311	226	217	198
1031	1118	949	1065	1326	1060
0	0	0	0	0	3
567	584	633	533	619	471
344	380	435	319	332	263
2012	2770	2341	1274	1473	1019
11	10	12	9	7	9
1570	1735	1588	1651	1642	1408
920	1079	1004	1089	888	761
0	1	3	9	3	4
236	264	232	255	263	238
828	911	883	859	856	697
5	12	12	6	4	5
441	508	538	395	438	336
3987	4986	4368	4347	4915	3662
483	655	570	611	618	457
92	77	133	97	112	88
92	112	92	116	120	117
59	83	94	75	90	52
23	50	36	31	18	20
562	727	624	722	816	591
87	105	51	39	65	62
627	871	882	1203	1084	766
345	460	329	273	296	232
137	202	140	239	242	166
0	0	0	0	0	1
34	44	37	40	50	37
1	0	0	1	1	0
35	34	58	34	49	43
1034	1372	1405	1399	1341	852
1	0	0	0	0	1
1	1	1	2	2	0
294	378	400	430	369	237
45	48	54	56	53	33
213	261	272	243	265	247
0	3	6	1	0	0
10	24	19	9	6	4
716	834	962	1698	1603	1163
117	131	122	180	165	110
207	362	372	371	375	267
1616	1975	1749	1767	1831	1411
14	25	21	23	44	18
2254	2343	2299	2178	1982	1800
0	0	0	1	0	0
271	326	285	304	303	258
644	850	820	804	837	681
1138	1495	1465	1664	1629	1030
884	1025	1173	1003	1059	863
9	12	14	10	11	18
2	0	1	1	0	0
803	1142	1264	1505	1526	929
117	105	130	150	147	150
481	508	530	591	569	445
15590	18602	23923	19019	16880	13371
23	14	20	11	14	16
14	22	26	50	31	47
1	0	0	0	0	0
380	453	423	530	448	328
1	0	0	0	0	0
0	4	0	7	6	5
923	1051	1039	1132	1154	929
0	0	0	1	2	0
901	979	907	871	1019	866
1	7	5	9	4	0
5	2	2	5	2	3
116	159	156	171	166	98
1	3	4	9	7	2
85	83	93	243	193	144
1	0	0	0	0	0
160	173	171	231	222	194
3	1	7	8	3	1
466	620	513	479	538	423
359	408	401	451	444	300
653	842	834	805	813	562
619	840	175	27	118	124
271	387	154	31	118	89
984	1331	542	136	541	497
28	57	19	13	41	21
95	183	102	43	138	129
239	343	323	350	341	242
3018	3822	3066	2774	3071	2226
912	1063	1094	1133	1161	841
0	0	1	0	0	0
268	298	257	345	320	315
13	18	10	6	16	12
173	240	225	420	365	254
1747	2157	2111	2401	2242	1668
0	1	2	1	0	0
492	501	535	580	442	322
459	729	640	760	908	516
476	598	433	490	675	461
2	0	0	0	0	0
7	9	8	17	14	6
23	35	18	21	28	18
19	14	10	20	20	13
321	428	418	451	438	307
394	728	672	786	719	366
586	859	822	900	812	576
2000	2434	2541	2835	2140	1521
20	20	20	35	32	21
27	38	31	5	16	23
1295	1731	1696	2669	2258	1543
15	10	12	12	15	9
1742	1966	2081	1798	1779	1393
720	801	736	755	816	604
1208	1444	1529	1796	2035	1438
1323	1590	1986	3163	2636	1671
72	58	80	111	125	77
7	2	13	95	45	54
989	1261	1193	1311	1171	947
134	141	150	160	170	133
2619	3042	3250	3073	3285	2481
19	32	17	7	12	4
10	3	2	5	10	2
856	1346	1114	1028	1193	706
4143	5850	4850	4694	5561	3738
1	2	0	5	2	0
488	610	545	522	561	406
832	955	952	930	896	711
2683	3726	3800	4470	2998	1890
268	277	284	320	362	281
1328	2147	2281	2359	1912	1071
36	24	26	24	23	22
1006	1007	973	1027	1020	862
0	0	4	0	1	1
3	0	1	0	3	1
0	0	1	0	2	2
608	726	727	699	661	615
85	139	82	93	127	42
17	25	33	29	37	18
550	706	665	767	640	483
355	362	480	401	339	291
1	0	0	0	0	2
102	121	119	143	144	126
799	926	1004	908	1004	669
161	207	151	149	177	138
1371	1648	1568	1444	1464	1173
2005	2411	2373	2188	2216	1748
599	786	775	759	770	516
355	735	662	652	727	395
21	24	17	0	4	7
244	339	374	272	312	219
2326	2833	3231	3458	2574	1884
789	1156	1057	957	1102	761
923	991	1041	1063	1030	839
130	210	168	260	284	166
549	607	615	642	587	388
46	42	38	22	37	36
274	397	404	369	349	208
1168	1477	1524	1581	1436	1048
157	149	266	210	220	149
0	0	0	0	0	1
1661	2267	2159	2099	1868	1286
380	484	508	516	392	330
0	1	1	3	1	1
4	1	5	18	11	6
0	0	0	0	1	0
3	3	1	13	9	8
1510	2000	1785	1812	1918	1433
613	620	524	552	683	528
1262	1601	1550	1875	1670	1175
89	126	113	208	159	74
555	572	691	613	521	440
557	799	830	831	905	615
277	282	281	302	303	271
87	132	97	52	98	60
280	343	384	476	440	281
133	126	141	269	283	177
0	2	1	0	0	0
887	1058	1423	1393	1048	797
1123	1419	1628	1412	1326	1044
1	0	0	1	0	0
727	1040	864	694	679	464
592	987	1016	740	692	404
0	0	1	4	3	1
1477	1829	1647	1458	1690	1122
0	0	0	0	0	1
187	168	186	254	197	205
116	99	140	180	146	128
309	309	339	353	413	377
3298	4017	3857	4100	3799	2810
1757	1985	1720	1824	1749	1450
15	24	23	192	96	52
0	0	0	1	0	0
0	1	2	2	0	1
15	31	24	27	37	34
183	272	192	228	232	170
1154	1527	1295	978	1079	763
1	1	0	2	1	0
306	389	310	283	337	276
1600	1774	2151	1718	1863	1483
104	127	166	153	265	217
202	270	252	261	275	183
0	0	1	2	11	3
16	17	17	43	51	66
0	0	0	1	0	0
105	77	96	111	125	82
7	13	17	18	26	11
4	2	4	17	8	5
122	141	191	757	503	375
0	0	4	0	0	1
1204	1215	1128	1012	1124	945
67	61	47	7	7	6
7	6	12	14	7	4
648	788	829	828	699	615
399	428	477	501	477	338
8	22	18	14	12	8
0	0	0	0	1	0
3647	4589	5064	6242	4585	3298
36	45	59	58	65	34
672	1041	975	883	878	526
0	1	2	0	0	0
1	6	3	4	2	0
1	0	0	0	5	0
98	232	429	279	161	72
4	3	4	0	1	0
17	66	89	46	54	14
21	28	60	39	28	15
0	0	2	0	0	0
1	5	18	6	10	0
8	11	6	9	4	2
3	4	20	20	5	2
1579	1817	1775	1785	1719	1304
73	120	102	121	115	71
1614	2276	2252	2284	2244	1412
577	627	494	625	716	588
676	970	937	4288	2653	1623
22	14	17	31	13	13
30	38	60	92	64	55
208	221	196	256	283	212
147	178	151	136	167	122
247	287	285	326	320	228
73	91	104	131	110	85
460	480	505	633	611	409
1010	1358	1548	1688	1475	934
1	1	3	2	2	1
29	11	12	20	37	22
7	7	3	2	3	5
1127	1249	1352	1300	1295	1043
26	52	31	40	42	26
99	182	166	163	152	81
78	71	75	53	47	59
3108	3678	2913	3139	3993	2975
2015	3180	2359	2301	2545	1504
7	6	15	4	6	9
2	8	16	6	7	3
434	445	405	334	380	361
4	8	8	4	5	3
553	721	756	704	704	554
261	323	306	397	253	182
0	4	0	0	0	0
2409	3292	3387	3339	3375	2112
439	442	534	513	587	424
1030	1081	1084	1218	1270	1029
6	5	8	18	7	11
1349	1526	1879	1815	1997	1481
41	53	48	87	68	62
65	69	72	79	71	59
90	89	127	116	140	83
0	1	0	1	0	0
404	512	561	605	555	392
2403	3741	3701	3939	3479	2383
1	0	0	3	2	2
166	224	252	476	444	253
1556	1440	1541	1805	1576	1349
5101	5999	6151	6764	5933	4567
373	406	406	351	443	359
13	2	7	7	11	3
26	43	55	150	114	52
601	949	1007	815	930	584
4	6	13	10	7	3
484	503	405	452	518	491
1774	2736	2925	3082	2483	1613
314	432	324	375	394	261
2	3	7	1	0	3
14	7	13	9	18	12
4504	4868	4889	5484	4450	3802
9	9	4	2	11	8
1974	2211	2136	2225	2067	1656
4959	5207	6282	7977	7182	5414
106	156	104	124	128	95
1	2	2	2	1	2
319	500	373	289	317	194
209	186	199	197	192	150
2125	2440	2064	2067	2191	1854
159	168	163	185	188	132
703	905	933	1059	988	700
2181	2461	2412	2345	2274	1750
31	38	40	31	32	34
339	365	315	329	351	318
86	88	86	75	81	65
228	230	224	225	212	213
4268	4922	4567	4087	4541	3486
65	83	81	132	159	111
686	919	1028	1203	1036	695
4	17	21	20	8	3
47	48	70	75	78	44
2	2	11	20	12	11
1	9	10	8	4	5
37	46	115	319	238	113
0	1	0	1	1	0
0	0	5	1	0	0
9572	10467	13079	10822	10617	8243
467	602	552	542	462	362
937	1033	967	612	720	618
448	432	416	311	307	291
285	338	375	288	278	225
1	0	1	3	2	2
28	42	35	88	60	27
2	0	2	1	0	2
109	119	131	110	133	88
137	173	199	160	197	160
41	51	76	57	52	41
446	661	646	631	651	433
1401	1686	1840	1640	1480	1186
377	565	527	505	496	324
0	0	1	1	0	2
261	255	253	243	292	276
105	100	73	107	101	89
494	623	579	593	665	482
0	0	1	0	0	0
358	506	518	635	529	333
25	26	27	58	60	28
77	86	103	160	122	82
1495	1967	2132	2788	2330	1619
171	229	256	253	262	224
72	86	88	175	135	112
7	1	4	2	7	3
820	939	903	821	901	789
36	50	46	68	74	36
0	3	6	20	10	7
230	312	315	348	319	187
93	117	99	164	183	107
522	663	598	729	769	627
1681	1950	2033	2060	1985	1478
803	908	860	906	1069	761
0	0	0	1	0	2
24	27	32	36	33	18
2	0	1	10	4	3
2	2	3	21	18	13
227	292	332	527	417	331
462	587	602	1080	957	656
0	2	2	3	1	1
0	0	0	2	0	0
937	914	1012	1017	937	848
612	713	674	573	753	524
134	192	231	241	298	163
24	16	22	19	23	20
2	1	2	0	1	3
291	313	309	334	285	238
318	452	460	573	555	394
7	11	22	49	103	31
10	17	15	25	35	17
70	84	84	120	116	95
8	10	10	10	19	4
10	15	15	24	21	10
319	388	384	588	578	317
802	888	897	907	839	645
5	10	6	20	14	10
1182	1436	1413	1643	1448	972
153	139	152	180	189	119
2651	3610	3452	3585	3890	2267
594	753	726	697	696	466
223	250	231	265	270	220
144	124	100	109	106	112
1572	2173	2175	2223	2352	1469
2	0	8	22	33	29
1	0	0	2	2	0
30	26	18	28	25	32
137	172	151	151	192	156
759	771	928	776	705	639
875	954	778	701	791	769
290	380	294	321	314	245
570	733	728	599	461	261
270	299	286	273	334	219
11	8	12	5	12	5
79	126	124	122	133	100
224	272	288	310	352	216
303	353	326	337	346	301
1722	1905	2029	1923	2150	1612
560	743	783	1053	982	660
4	1	0	2	4	1
0	0	0	1	1	1
553	686	629	629	644	422
658	851	856	912	842	511
171	166	177	150	139	146
12	16	27	54	35	19
2	4	1	1	1	1
0	1	0	0	3	0
544	624	609	651	686	535
71	103	78	76	84	72
4	1	9	9	7	6
0	2	0	1	2	0
1	1	0	0	0	0
1	7	3	4	0	0
1282	1592	1322	1190	1223	969
452	520	514	434	426	377
622	808	824	823	765	546
6311	7914	8686	9271	7632	5450
1081	1347	1358	1271	1285	1028
326	410	434	461	407	256
0	0	3	0	3	0
0	0	2	0	0	0
63	71	60	87	108	68
99	170	173	158	159	91
711	1010	989	727	702	499
527	756	761	607	567	496
7348	8930	8480	6349	7226	6193
2497	2923	2353	1490	1960	1621
1657	2364	2481	2395	2272	1379
50	76	42	76	75	47
2890	3332	3318	2830	2679	2190
0	0	1	2	0	1
1386	1472	1813	1495	2396	1628
249	309	329	222	173	157
51	47	46	32	29	30
1434	1728	1524	1318	1267	1112
33	31	22	29	13	25
314	335	311	243	343	283
4	8	9	5	5	9
621	739	529	627	602	478
1663	2382	2592	2311	2082	1435
1596	1413	1499	1491	1479	1333
180	201	175	124	210	161
118	212	141	199	213	107
389	449	384	412	435	290
30	36	31	47	59	32
0	0	1	1	2	1
630	810	681	808	777	539
45	62	53	58	47	29
301	371	383	415	378	286
495	579	635	919	1000	717
0	1	0	0	0	1
16	18	3	22	17	16
0	1	2	1	3	0
552	600	509	457	511	408
522	576	420	182	234	195
449	511	465	463	498	390
2124	2821	2680	2185	2406	1894
864	1454	1531	1807	1450	840
2	1	0	4	3	1
234	278	332	327	296	253
457	594	585	505	536	428
52	48	71	93	108	56
583	818	722	718	701	434
32	43	54	31	51	32
11	18	11	8	13	9
151	188	185	166	147	117
2	1	2	1	0	1
21	25	28	32	37	22
14	9	12	4	3	7
111	108	107	102	104	93
3	1	3	0	0	0
31	25	47	51	31	27
1810	1905	1968	2238	2098	1696
151	169	231	314	290	223
0	0	0	0	1	0
139	239	163	275	269	130
532	888	714	1085	1071	599
1011	1063	1092	1200	1019	946
325	384	367	358	397	309
114	129	144	147	124	94
15	17	17	27	14	18
20	23	20	23	26	10
2032	2530	2355	2883	2539	1823
152	218	242	204	233	144
2	0	1	0	0	0
0	1	0	0	0	0
0	0	0	1	0	0
0	0	0	0	0	1
996	1300	1249	1208	1237	918
232	255	254	259	292	201
38	39	50	41	39	39
701	750	697	688	649	531
3	0	0	0	0	2
67	58	53	72	54	67
7068	8038	7271	6632	7285	5805
41	53	52	51	50	53
151	145	162	137	136	150
410	662	681	652	617	419
175	266	155	105	149	94
7	2	2	6	3	1
1921	2247	1878	1313	1775	1322
161	152	156	603	457	325
28	17	24	18	12	11
752	840	816	894	892	674
88	114	124	32	31	33
261	388	247	198	243	162
926	1159	1187	1255	1349	870
298	391	336	286	334	217
131	116	111	124	148	106
0	0	0	0	0	1
366	571	612	646	621	395
1929	2312	2217	2151	1868	1371
4708	4965	5409	5141	4767	4009
24	17	18	14	14	17
117	192	113	103	136	96
914	1219	752	511	799	601
142	191	163	156	180	126
7	12	27	15	15	4
1196	1276	1365	1282	1172	970
271	349	330	378	315	223
9	14	15	7	4	7
938	1095	1102	795	902	625
43	50	59	29	35	30
820	849	1122	810	719	633
5807	6894	6035	5357	5312	3905
550	694	602	605	622	446
233	264	263	259	267	200
48	86	40	53	54	63
1587	1657	1834	1865	2009	1473
376	468	462	470	461	300
171	227	173	181	195	104
15	10	10	13	10	7
632	962	1178	1184	1005	658
10865	10774	9681	9607	10529	9229
553	681	674	657	691	485
1	1	5	2	2	2
3	0	3	2	1	1
6	10	13	12	11	9
3	2	5	6	5	3
3	8	5	6	8	7
425	583	700	724	636	417
1	2	6	4	4	0
511	505	563	577	533	444
20	20	17	31	39	18
236	314	372	301	360	230
350	451	481	583	593	351
1070	1331	1260	1102	1222	972
2	5	2	2	6	3
21	19	22	16	6	14
669	722	702	829	765	669
439	613	590	652	683	462
13605	17863	20168	19168	15197	11432
487	714	626	608	584	456
3	6	6	13	9	6
492	664	606	786	659	486
347	382	327	294	320	332
30	50	53	56	45	43
38	56	65	144	116	46
3	0	2	3	2	0
1	2	1	15	15	5
5	2	5	8	8	3
91	113	159	173	130	87
1	2	1	5	2	4
852	959	1126	1257	1606	1015
349	399	456	467	407	350
352	425	405	424	428	301
36	59	66	68	49	29
229	223	227	251	258	223
98	112	82	95	115	74
19	15	23	16	17	9
419	476	465	512	477	370
245	304	257	270	301	232
79	99	90	87	92	81
1	2	1	1	0	0
396	552	538	538	435	358
7	7	11	110	84	56
2549	3349	3459	2603	3159	2399
143	195	186	175	190	122
16	6	20	16	16	14
382	381	416	502	431	328
767	906	986	811	971	729
3685	4667	4621	4630	4209	3011
1	4	3	5	6	2
1409	1772	1801	1834	1755	1306
116	151	144	143	157	149
6	9	8	12	6	0
1087	1110	1140	1058	1087	884
548	689	651	644	724	598
54	62	66	87	69	82
14	22	24	12	23	7
512	631	594	670	730	534
1082	1210	1017	1065	1074	950
27	20	42	24	14	15
250	365	378	311	214	129
0	5	1	1	2	0
185	256	205	59	103	81
282	333	330	305	315	240
401	432	415	416	438	318
4	5	4	4	0	0
167	145	125	133	133	124
315	376	397	349	321	200
11251	12350	10746	8149	9535	7986
37	51	44	44	45	24
119	127	147	150	105	72
0	0	1	0	1	0
2521	2525	2449	1786	2053	1767
426	537	618	621	603	396
1	0	1	3	0	0
13	25	15	12	16	11
1	0	1	3	3	0
228	287	292	263	275	212
259	293	266	277	317	209
412	625	606	683	627	418
14	11	19	27	10	13
64	45	63	68	63	44
457	571	562	554	571	444
3229	3368	3347	3289	3461	2913
197	243	127	97	214	192
1280	1521	1405	1252	1399	990
1286	1472	1441	1461	1336	1135
280	308	363	293	423	295
3721	4120	4060	4173	3403	2834
5	10	20	8	7	3
63	187	272	148	100	31
0	1	3	3	0	0
0	7	14	5	8	3
4	1	5	5	4	0
6	8	16	17	2	4
36	127	209	115	82	45
2	10	20	2	8	3
6	14	21	13	10	5
0	2	0	0	0	1
0	1	1	0	0	1
1	4	10	0	4	0
0	7	4	0	4	0
3	13	11	5	5	0
75	141	216	123	112	40
60	157	203	160	124	45
166	159	175	167	183	149
0	0	1	0	0	0
660	807	715	666	571	507
1	0	1	0	1	1
732	874	919	880	765	621
695	715	715	758	790	493
896	1223	1249	1341	1099	720
81	176	153	82	109	52
102	137	130	139	150	95
169	157	211	175	187	135
220	282	257	312	316	185
1374	1596	1569	1642	1704	1334
554	709	639	845	892	568
31	51	48	48	53	44
296	428	462	654	553	374
40	25	48	59	57	37
358	456	367	489	474	414
0	0	1	0	0	2
5256	5801	5749	6048	5756	4664
1048	954	856	901	927	802
4297	4884	4965	6174	5840	4577
560	710	576	615	618	522
177	225	188	264	214	121
353	370	355	483	367	327
0	3	1	3	2	2
2748	3970	3794	3871	3394	2266
3422	4416	4817	4770	4404	3194
3	0	5	4	1	4
12	31	14	7	9	10
733	1056	1025	855	844	525
871	1218	1178	1094	1241	760
277	311	403	328	374	263
1899	2348	2367	2528	2245	1643
0	0	0	0	1	0
23	32	16	6	9	2
629	704	526	373	404	370
642	840	802	829	684	509
405	361	374	192	180	203
2136	2080	1975	1048	1436	1177
18	18	25	23	18	16
93	105	98	100	101	77
53	68	91	101	103	64
1573	2085	2133	2552	2694	1868
427	721	753	844	777	378
1	1	0	0	0	0
2	3	3	2	4	1
0	0	1	4	3	0
0	1	2	0	0	0
9	4	4	0	0	0
25	37	27	25	17	14
2812	3004	2968	3048	2762	2365
8	10	9	6	3	5
0	0	2	0	0	0
21	32	41	48	46	27
0	3	0	0	1	0
15	10	7	1	2	0
1	0	0	0	1	1
2	0	0	0	0	1
162	153	86	14	23	26
2003	2325	2374	3148	2937	2040
142	154	164	196	213	175
34	25	44	40	40	33
515	648	557	543	675	530
4	2	1	3	2	4
760	707	729	560	659	579
86	135	101	49	46	26
5	12	16	5	5	1
15	33	43	11	6	10
0	1	0	0	0	0
887	1088	1052	1045	1019	661
28	47	48	37	35	29
385	470	339	56	34	53
3322	4256	4153	4038	3780	2790
1236	1506	1616	1708	1481	1120
5	10	8	10	8	12
1394	1745	1737	1699	1646	1209
1020	1080	1007	1067	1058	751
558	572	657	562	552	420
5	13	11	7	8	3
2	3	2	0	2	7
11	17	21	11	14	18
399	461	393	593	619	411
3020	3738	3479	4020	3550	2484
3	0	4	4	3	0
21	34	25	19	20	27
1062	1066	1040	1083	960	850
99	79	79	58	85	69
29	49	37	41	41	28
1	6	6	9	4	4
0	0	1	1	2	0
88	144	51	16	47	51
2541	3001	2578	2860	3000	2097
11531	16152	15251	14107	13561	8960
2	1	2	1	0	0
76286	105126	97869	79956	67291	54145
301	448	536	486	426	289
379	520	348	341	295	287
360	502	495	445	477	260
367	354	482	564	532	427
246	328	337	419	395	200
101	125	123	128	105	72
524	668	549	575	611	382
322	343	373	383	358	296
1	4	2	6	1	1
1850	2395	2372	2410	2247	1417
0	1	0	0	1	0
4	7	2	0	0	0
0	0	2	2	0	1
7328	8232	7830	7721	7159	5694
1463	1665	1674	1880	1637	1325
7775	9421	7526	3286	4068	4006
369	322	334	309	307	240
474	567	546	461	460	370
315	355	316	317	364	311
962	1292	1293	1236	1060	767
128	178	159	143	164	97
220	321	282	270	258	160
251	326	264	296	260	202
2371	2490	2962	2407	2319	1826
22	17	38	35	51	38
5	9	16	8	1	6
11	9	27	35	19	14
3	2	5	2	3	0
63	77	154	149	94	65
4	9	6	3	3	5
1209	1176	1360	1416	1473	1239
498	651	597	564	533	418
7	11	23	8	7	7
751	925	1094	1102	1027	710
2	6	1	7	11	2
99	186	251	168	128	65
42	44	69	43	42	37
595	692	704	644	698	559
0	1	1	3	1	2
172	234	345	410	337	215
132	109	152	178	176	123
596	762	753	707	696	496
94	94	102	113	119	97
437	573	527	570	543	397
1	0	0	0	0	0
1967	2446	2258	2510	2446	1574
287	264	310	278	243	236
105	134	150	121	94	77
437	607	583	617	496	383
25	49	35	55	43	25
273	283	246	297	338	287
0	0	0	1	0	0
301	337	420	348	269	199
501	669	622	696	709	523
1212	1610	1380	1283	1498	1024
6	7	7	11	4	3
78	63	88	137	132	116
215	193	194	286	326	286
10	3	10	29	15	10
87	128	134	190	219	110
5	5	11	48	65	41
3	14	21	7	5	2
5	3	8	42	28	30
4	2	2	3	3	1
1	0	2	6	3	2
26	17	28	37	14	23
495	692	669	716	867	558
950	1218	1280	1587	1698	1218
1	1	0	0	1	2
1	1	1	2	2	3
74	102	53	61	80	70
5454	6011	8385	6923	7171	5595
589	833	741	790	799	496
401	433	439	477	487	346
9	9	13	23	19	15
12	11	7	7	16	14
0	0	0	0	0	1
725	982	896	846	869	623
1	0	2	1	1	0
874	1091	1209	1138	1041	764
0	0	1	0	5	2
1	0	0	0	0	0
824	900	964	863	719	612
2036	2591	2425	2258	2380	1771
935	1182	1127	743	818	687
2679	3863	4067	4535	3960	2557
36	35	45	91	95	73
881	1013	1004	1140	1162	826
689	831	762	913	1036	841
326	460	441	619	548	292
129	135	102	103	142	121
11	3	16	17	5	8
3	7	15	7	9	6
3628	4516	4149	4506	3817	2785
2507	2895	3184	2821	3125	2258
274	327	270	295	277	243
2829	3285	3048	3303	3466	2929
194	199	198	141	154	125
0	1	1	1	0	0
5859	6997	7007	6209	5506	4347
228	287	153	91	96	97
3877	4404	5715	5289	4569	3501
2599	3466	3289	3348	3105	2323
1653	2042	1589	1381	1368	916
0	2	0	0	2	3
1037	1181	1092	1206	1181	928
73	91	118	166	88	74
784	976	948	963	1011	689
4948	5291	4764	5088	5411	4240
2	6	11	8	5	3
4	1	5	28	8	11
2	0	1	1	2	1
0	0	0	1	0	0
4	0	8	4	2	3
1	2	5	4	6	0
1567	1578	1553	3913	3007	1892
8485	11793	9945	13240	11372	7715
117	162	130	104	102	82
1767	1798	1678	1656	1578	1370
9	5	6	11	6	3
1	6	3	14	10	6
127	162	107	104	120	79
587	531	474	577	550	422
1	2	1	0	0	4
340	414	367	284	212	147
2	3	4	4	3	2
214	246	221	220	380	272
19	49	47	35	51	24
208	284	362	328	411	264
2	1	2	4	7	0
1004	1308	1403	1649	1425	878
2	2	2	3	1	2
10883	11580	11764	12490	11834	9705
37	41	58	47	54	44
0	6	1	11	11	7
63	89	77	70	114	70
38	32	27	47	36	35
4029	4631	4737	5580	4587	3704
386	351	376	406	371	347
8	8	8	21	20	15
1	2	1	15	8	8
3403	3929	4480	4002	5044	3564
1	6	0	0	1	2
273	360	380	358	371	300
1255	1610	1496	1449	1603	1089
11	12	9	7	9	7
5	10	9	5	17	6
476	549	501	486	476	351
19	35	32	24	17	7
611	735	675	675	728	568
3348	3875	4416	3174	3556	2790
7	14	14	4	3	5
1	1	2	3	2	1
292	329	434	338	329	291
107	129	134	153	117	106
275	374	372	408	386	261
212	277	278	291	293	212
9	6	6	3	5	7
57272	63074	59664	56246	52734	43284
5218	6307	5882	5361	4832	4029
3271	3501	3154	2699	2821	2488
18	18	27	154	63	60
0	5	0	1	2	2
153	153	175	177	133	85
15807	19184	18251	17603	14666	9809
0	0	1	0	0	3
780	1076	969	832	953	545
1501	1767	1734	2083	1940	1436
1022	1123	1317	1216	1198	837
105	125	87	79	84	99
0	2	2	7	7	0
254	249	294	320	300	246
1260	1550	1378	1433	1516	1140
421	511	500	730	612	434
37	41	17	6	20	22
152	157	181	113	121	100
144	165	156	186	146	130
2	4	11	5	33	28
778	1039	856	994	1082	766
2	3	4	4	8	2
1	1	0	1	2	0
9	6	4	4	4	4
3342	3867	3830	3465	3676	2892
910	1091	953	726	743	560
3	5	1	4	4	2
569	672	621	580	624	436
704	764	915	838	851	672
206	234	272	261	215	187
4	2	1	1	2	6
0	1	0	0	0	0
511	555	601	396	339	275
2971	3357	3544	3448	3471	2768
327	321	387	317	298	284
8718	9929	8948	8639	8526	6951
856	1140	923	1489	1242	715
332	408	362	363	381	301
531	462	478	900	784	633
17	10	18	36	41	23
0	0	0	1	0	0
0	0	0	3	0	1
3	4	10	15	11	7
0	1	1	29	5	5
1220	1410	1424	1565	1366	1109
464	502	389	473	482	400
615	873	818	932	941	639
1	4	7	8	10	4
594	661	607	682	688	590
678	787	660	663	709	561
231	211	265	248	249	158
5	6	6	7	6	2
4	12	11	15	9	17
525	555	553	558	600	468
560	663	653	731	625	454
4	1	5	2	1	3
122	106	129	157	155	118
3	1	0	0	1	0
99	146	225	299	284	194
2983	3945	3503	3807	3737	2628
101	107	109	113	108	93
10	11	10	49	26	16
0	0	1	1	0	1
965	1256	1110	1308	1231	906
0	0	1	0	0	0
189	265	253	287	264	151
103	125	109	101	106	87
183	215	205	233	238	192
75	110	126	114	94	81
167	155	215	178	188	162
1619	1965	2025	2924	2808	1992
1292	1446	1426	1965	1706	1238
1769	2245	2076	2136	2295	1685
622	726	699	596	697	598
161	151	134	241	240	170
32	54	55	41	46	22
215	121	228	287	336	282
1	1	1	0	0	2
1360	1771	1552	1464	1789	1317
660	945	808	726	843	599
0	0	0	0	1	0
1272	1885	1540	1459	1677	1134
25	24	15	6	3	12
0	0	0	1	1	1
6	2	1	17	14	7
0	1	2	1	1	1
432	647	597	743	595	420
0	1	1	1	0	1
3	5	10	15	20	4
169	231	282	418	366	269
12	6	7	1	7	1
171	171	178	159	162	129
489	611	583	633	603	476
7	4	3	1	0	1
57	57	32	72	52	47
0	1	0	0	0	0
375	411	359	319	338	267
411	326	415	526	449	376
4909	6789	5631	4216	5852	3743
1057	1279	1240	1460	1339	950
34	25	19	23	19	28
999	1149	1128	1314	1011	774
7	9	6	10	4	0
446	422	668	777	613	506
0	1	0	1	0	2
52	61	58	80	48	39
41	56	48	23	23	19
468	671	733	627	417	305
242	276	218	217	216	205
1	1	1	2	1	1
104	98	97	104	101	78
0	0	1	0	0	1
7	5	12	4	6	9
0	0	2	2	0	0
4	7	4	7	6	6
3	8	4	2	2	1
750	1138	727	613	684	485
1	0	0	0	0	0
256	246	96	24	58	78
9	4	0	1	4	7
3	1	0	0	4	0
1	0	0	0	0	0
0	0	0	0	0	1
3	3	7	5	1	1
170	237	234	221	165	149
108	120	100	96	115	103
20	21	30	21	12	17
220	298	153	169	191	108
115	121	93	109	121	76
72	101	66	34	58	44
15	8	13	4	2	6
63	59	74	22	21	8
5622	5607	5541	5076	4955	4636
16	41	36	31	25	16
232	230	234	145	219	186
337	399	398	374	399	288
204	308	300	331	286	192
124	108	132	81	102	91
40	55	38	41	38	32
9	9	9	4	4	7
94	103	174	166	110	92
4	6	5	13	1	4
1860	2015	2275	2012	1985	1480
2466	2626	2916	2939	2514	2122
19	30	47	16	18	8
66	102	128	80	59	31
0	0	0	2	0	0
1524	1995	2720	1830	1297	953
29	26	35	42	31	35
130	156	196	179	182	83
2	2	1	8	2	10
140	122	121	69	66	60
245	247	293	277	271	211
330	314	352	329	359	208
1788	2051	2118	2044	1894	1535
222	271	247	205	264	205
340	425	509	523	425	289
36	26	36	25	24	25
128	124	148	138	159	105
1	2	0	0	1	0
497	677	593	517	519	366
1665	1653	1728	1725	1835	1428
2	1	2	4	0	1
438	392	496	443	376	354
151	185	197	174	185	123
0	0	5	3	1	0
0	0	0	0	0	1
322	409	437	392	407	254
92	132	93	125	115	78
279	333	323	254	283	183
1859	2022	2031	1926	1877	1508
431	495	463	405	349	264
244	272	267	258	251	180
832	1091	983	795	809	670
643	705	680	849	784	587
51	113	112	82	66	43
552	533	641	839	714	507
312	373	399	323	293	238
67	63	77	92	67	43
18	19	18	28	26	17
978	1124	1027	868	848	756
72	133	103	132	106	88
0	3	1	0	1	3
56	57	74	54	68	49
345	502	500	599	498	316
149	220	240	204	232	164
1063	1410	1520	1347	1559	1005
0	8	1	0	3	3
24729	26137	28846	26099	26379	21408
85	93	97	74	90	79
1253	1244	1170	914	931	885
15	11	14	6	14	14
79	148	174	132	135	93
2614	3159	3152	3267	3148	2293
4	0	3	0	0	0
0	0	0	1	0	0
2	5	5	3	4	1
2	0	5	5	3	7
7023	8126	7927	7150	6665	5359
976	993	1141	1107	1065	1029
236	274	311	273	248	230
7002	6922	6384	5931	5762	5313
0	1	0	0	0	0
106	104	108	143	114	111
0	1	0	0	0	0
0	0	2	0	0	0
93	115	143	110	136	86
220	228	187	200	192	178
274	316	369	405	293	247
0	0	1	6	2	2
0	1	0	0	0	0
2	3	2	3	1	3
4	7	6	1	5	9
90	132	102	119	139	98
3	1	3	5	6	4
0	1	0	1	1	0
9	10	13	17	10	8
86	120	175	164	89	68
21	32	35	16	24	21
623	745	738	559	622	479
1	0	1	0	0	0
83	93	100	30	39	45
53	74	64	41	57	32
526	901	967	694	565	367
1622	1606	1577	1479	1287	1141
960	1192	1272	1376	1250	953
697	943	817	984	1009	686
58	54	73	43	54	41
1	0	2	0	0	0
189	234	302	291	250	180
5371	6009	5535	6189	6629	5035
107	173	209	264	220	92
3	5	5	2	1	8
811	884	1190	1032	1089	885
0	1	1	3	0	0
125	167	181	168	178	127
1	0	0	0	0	0
5	14	6	7	2	2
448	436	402	465	415	399
25	43	57	34	25	11
846	1149	947	759	697	475
1436	1783	1386	987	982	907
14	28	25	22	18	26
55	57	64	45	33	18
6897	8254	8948	9073	8961	6166
54	47	51	97	65	64
6	8	12	13	7	8
448	513	588	635	519	401
808	828	889	920	1008	800
307	399	377	378	445	279
1253	1411	1385	1412	1320	985
301	382	365	224	283	187
178	182	259	209	188	163
71	115	96	162	87	66
1015	1423	1519	1610	1582	1039
1042	1062	1026	1055	1099	800
2355	2726	3109	3708	3697	2668
8	24	42	10	7	6
13349	15693	17902	16608	15823	12306
470	666	922	774	933	587
214	180	164	114	102	163
264	448	276	240	296	204
831	1003	983	947	907	659
4250	6217	5851	5413	4900	3203
812	891	1056	938	772	633
1	1	2	0	0	0
2	1	2	1	3	2
4	5	1	13	20	10
0	3	5	1	3	0
815	1194	1286	1389	1306	787
1677	1699	1770	1925	1937	1684
335	371	399	403	435	318
293	400	420	421	370	254
0	0	0	1	0	1
374	432	393	442	410	382
10188	11746	10788	10770	9961	8156
297	327	387	445	411	295
564	629	645	683	666	480
2356	3505	3339	3770	3370	1944
2420	2584	2557	2996	3318	2553
20	15	12	4	8	4
6428	7513	6627	6342	6235	5053
2195	2685	2357	2207	2418	1757
451	605	510	474	562	427
324	547	533	457	503	214
1263	1324	1347	1405	1388	1095
4106	4927	4616	4572	4437	3277
455	441	466	440	511	416
1	3	2	3	1	2
2335	2674	3036	2742	2948	2157
158	220	218	287	250	133
1241	1246	1153	1197	1403	1147
348	512	415	452	474	325
966	1065	998	896	1025	819
1	2	10	13	2	3
137	171	196	175	132	134
3447	3969	3656	3787	3772	2733
70	139	143	201	162	76
3	7	5	6	4	2
1066	1136	955	952	1046	807
5	12	18	21	27	12
97	163	127	188	182	108
31	13	10	17	22	11
176	244	185	120	138	93
4	12	15	19	8	7
423	442	532	492	500	400
1978	2237	2565	2168	2011	1545
2	0	1	2	2	0
0	0	2	0	0	0
0	1	11	10	0	3
2266	2911	2721	2583	2575	1712
29	20	19	20	12	25
58	78	85	73	80	46
1261	1310	1356	1357	1277	1066
2494	2704	2603	2657	2544	2042
1700	2144	2029	1691	1641	1267
391	508	351	298	371	278
204	283	262	223	224	154
1662	1981	1857	1830	1797	1400
208	269	260	379	300	190
2	4	3	2	5	1
100	102	112	127	118	82
27	20	41	24	23	24
822	946	922	948	989	723
2	4	3	2	0	1
0	0	2	0	0	0
1	0	0	1	0	1
191	171	249	242	165	153
0	0	2	0	0	0
23	32	11	18	10	13
1508	1701	1784	2110	2086	1541
1029	952	1343	590	553	418
6	6	8	9	9	2
7	15	22	3	11	6
56	55	66	94	58	38
116	188	182	270	178	135
64	68	85	35	15	27
100	152	159	164	180	91
8	13	17	11	11	16
3274	4040	4045	4204	3990	2817
339	432	351	346	336	313
470	613	700	659	762	600
119	94	87	126	100	126
0	1	0	1	1	3
683	1113	905	1029	1183	726
1986	2231	2090	2290	2149	1774
18	21	9	12	12	5
1	0	1	2	0	1
76	76	104	77	78	66
0	0	1	0	0	0
31	70	56	54	51	34
4037	4115	4402	4214	4131	3262
107	124	132	156	148	123
596	749	634	411	498	302
68	95	85	85	70	78
11	26	37	29	13	10
367	365	376	350	293	272
12	18	26	31	43	27
0	0	2	0	0	0
2376	3038	2591	2307	2311	1617
195	249	237	258	248	164
86	104	80	83	67	80
911	1088	1225	1113	904	655
938	1044	1326	605	506	321
0	1	2	1	1	1
104	57	95	63	53	79
2	2	0	1	5	0
278	241	313	310	278	173
18	22	28	30	20	20
609	710	782	601	678	489
65	75	79	70	65	57
16	25	14	65	49	18
16	20	57	39	29	26
1931	2563	2656	1557	1853	1367
130	147	147	175	152	127
141	161	147	164	204	136
955	1165	1163	1212	1119	760
7	10	8	17	12	1
542	624	674	572	647	496
3022	3065	3191	3145	3285	2589
5	5	10	4	3	6
8	4	5	7	13	6
1	1	0	0	0	1
1	0	1	1	2	0
0	3	0	2	1	2
0	0	0	1	0	0
18	24	25	47	44	25
107	150	206	223	143	142
102	115	209	315	233	152
59	70	96	251	146	74
1	0	0	0	0	0
101	77	83	105	93	68
458	661	659	752	716	508
10	14	19	7	7	11
45	70	75	208	103	66
45	39	56	100	80	46
6	10	8	160	97	54
0	0	0	3	3	0
0	0	2	1	0	0
16	30	35	21	34	29
919	1313	1328	1215	1193	759
95	131	96	118	99	90
824	795	709	622	442	420
385	415	335	320	308	237
91	45	57	72	57	102
12	8	9	5	1	8
117	131	121	87	87	79
88	105	52	52	59	53
2169	2530	2293	1669	1856	1444
21	48	21	5	15	20
3	2	5	6	12	5
0	0	4	4	6	2
574	664	571	795	773	537
964	1318	1232	1322	1348	861
4788	5989	5600	5944	5811	4158
1754	2303	2468	2666	2219	1484
1482	2120	2970	4761	3244	1928
1702	1930	1449	1691	1953	1336
19	11	22	23	25	7
615	625	583	687	641	441
740	863	799	914	915	693
0	0	0	0	1	0
132	204	210	145	165	113
167	209	178	235	226	166
155	161	138	87	127	128
9	16	29	12	10	18
52	46	32	55	44	42
21	36	53	111	53	40
1419	1678	1520	1576	1664	1297
452	554	532	899	853	605
267	358	279	230	320	282
2	3	2	1	0	6
3	3	2	3	3	1
0	0	1	0	0	0
0	0	0	0	1	0
0	3	4	0	1	3
0	0	0	0	0	1
724	865	871	816	828	612
1165	1771	1806	1688	1703	1009
0	0	1	0	0	0
25	51	42	52	47	25
246	308	399	700	453	308
4994	5647	6070	6076	5145	3848
158	254	178	78	110	56
15	12	5	9	18	9
138	137	170	236	171	133
2682	3084	3127	3140	2757	2117
7	14	3	2	10	2
527	516	523	481	521	449
3652	4767	5023	4769	4116	2611
231	215	276	211	243	215
3	3	5	0	1	8
135	184	169	172	182	89
1678	1928	1896	1938	1842	1490
1037	1063	1019	1747	1094	961
2684	2803	2354	2483	2385	1902
54	60	154	210	64	52
533	718	699	778	658	441
10	13	9	8	6	4
53	105	82	81	83	55
814	858	702	778	789	609
138	122	149	114	99	70
532	557	574	539	566	463
2	2	5	3	4	4
627	641	674	738	636	533
357	533	435	423	398	315
1601	1805	1652	1609	1689	1441
236	352	345	297	311	190
97	130	119	161	155	95
0	0	0	1	0	0
0	0	0	1	0	0
2	7	3	6	5	2
0	1	0	2	1	0
1741	1918	1909	1770	1839	1442
97	119	97	132	107	87
2716	2939	3150	4147	3749	2788
0	1	0	1	3	0
15	15	14	16	23	15
149	191	256	233	228	174
374	448	364	460	483	340
3389	4918	3582	3796	5518	4510
2	3	2	3	0	0
1643	2336	2334	2592	2257	1475
361	492	534	507	448	341
1382	1473	1729	1668	1544	1294
9	4	9	14	11	6
39	56	56	66	67	45
4	1	2	2	1	2
1	1	2	2	3	3
263	349	298	273	263	227
0	0	1	0	0	0
116	98	64	32	64	70
453	484	429	285	366	342
261	352	339	303	288	188
96	121	96	44	70	55
626	769	654	743	646	608
356	317	351	251	318	275
346	405	330	351	496	368
3	1	3	1	2	0
520	660	547	529	713	446
351	337	262	185	235	265
124	110	115	113	127	127
25	21	19	20	6	4
2	2	9	8	6	6
538	635	667	429	616	466
528	945	747	495	515	239
336	649	634	621	514	322
673	725	836	678	609	515
0	0	0	0	1	0
0	0	1	0	0	0
4	5	4	6	1	4
0	0	1	1	2	0
0	0	0	0	2	0
0	0	1	0	2	1
0	0	3	0	1	0
0	2	0	0	0	0
0	1	0	0	0	0
1	5	2	5	2	1
1	0	0	0	0	0
0	0	1	0	0	0
0	0	0	0	1	0
1	0	1	2	0	0
222	195	212	111	148	138
32	30	25	31	28	37
13677	15525	16329	17329	16757	12894
33	55	41	53	32	26
298	417	337	336	323	233
0	2	2	2	0	0
9	23	26	30	28	7
240	323	343	393	375	251
1672	2272	2396	2895	2465	1622
115	99	130	88	71	79
1523	1905	2061	3293	2657	1535
7	6	15	25	20	5
465	471	492	470	507	361
2237	2721	2755	2286	2473	1736
1089	1112	1194	1024	1155	933
559	502	463	476	513	429
1991	2193	1997	1923	2219	1765
2	1	0	1	3	1
2390	3027	3229	3441	3093	2034
26	24	29	23	17	12
571	803	568	199	194	170
5652	6932	6905	7225	7493	5722
242	342	407	344	362	197
0	5	0	0	0	0
812	940	1075	1009	921	744
2	2	0	2	0	1
201	312	299	247	320	196
179	249	259	197	264	180
666	683	763	722	628	576
114	201	210	108	110	61
33	42	40	2	5	3
7	8	5	1	0	0
5	11	5	3	1	4
7	18	14	4	15	15
12	20	14	1	2	6
8	8	7	1	4	2
7	12	7	7	18	10
83	120	85	56	71	64
151	213	176	154	126	117
5882	7417	7506	8348	7624	5323
19453	23438	26723	26713	24136	18403
50	58	38	14	25	25
1749	1873	1645	1547	1626	1301
0	1	2	0	2	0
401	492	480	435	382	281
726	949	864	801	651	487
29	36	37	42	76	28
397	396	379	378	408	342
193	215	206	103	88	95
185	185	171	130	135	145
1	1	1	0	0	0
444	739	661	596	697	390
15	42	30	35	45	18
173	212	218	238	229	156
187	260	207	253	260	177
6	7	6	9	8	3
260	280	300	307	258	202
8	13	9	7	6	1
846	1144	1093	1175	1136	750
0	0	0	1	1	3
2762	3112	2762	2958	3296	2502
1540	2020	2251	2221	1701	1185
56	97	86	93	112	48
214	184	196	193	228	199
529	523	453	601	646	494
410	646	614	607	593	350
135	140	140	126	124	125
337	451	398	365	421	302
17	22	15	17	17	15
1253	1503	1504	1595	1373	1017
346	359	298	385	404	330
613	612	560	586	668	539
370	587	701	653	520	367
2	1	1	2	0	0
436	498	445	387	462	347
658	983	746	574	636	495
359	413	420	412	450	364
219	286	336	309	323	206
2	0	1	0	1	2
11	10	12	9	9	9
321	341	293	314	309	252
3222	3821	3600	3648	3415	2658
594	958	1072	1125	992	524
42	53	81	56	45	27
19	23	24	35	47	18
237	226	252	271	243	194
204	274	266	262	244	202
387	445	382	291	361	253
0	1	1	2	0	0
0	0	1	1	0	0
67	77	78	82	77	67
34	23	24	48	52	33
236	317	346	368	380	267
529	636	639	678	613	532
422	545	589	803	614	451
10542	13611	11981	12590	12725	8621
711	909	789	877	893	614
16	18	7	1	1	7
292	301	286	267	310	276
130	154	169	184	183	154
49	31	46	13	26	18
2	1	1	3	1	4
2229	2469	2219	1920	2135	1817
17	21	14	9	18	11
19	9	11	5	7	13
38	80	74	68	80	31
427	512	572	522	510	386
23	35	25	25	19	26
126	139	146	183	136	127
332	415	403	219	299	234
81	135	163	199	172	112
299	396	371	412	328	237
956	1350	1343	1367	1210	859
4381	4657	4755	4499	4850	3873
4220	4860	4620	5482	4944	3686
0	0	0	0	0	1
109	124	128	193	156	139
575	531	625	613	630	519
0	0	0	0	1	0
497	650	567	649	605	404
460	645	544	666	644	424
987	1018	1016	1106	1074	809
274	334	317	332	262	256
65	105	85	109	103	84
31	19	21	34	28	28
74	72	80	115	99	86
3726	4137	4090	4612	4805	3625
196	231	211	247	248	194
1714	2227	1814	1947	2280	1571
235	261	214	333	349	269
16	58	43	35	55	38
346	470	318	616	763	522
1011	1334	1255	1301	1284	883
975	1239	1228	1270	1386	989
13	12	15	15	14	15
203	235	222	206	253	170
764	960	796	786	845	666
7	5	5	8	8	2
18	22	21	41	20	22
4	5	2	4	0	4
137	153	158	179	157	112
4457	5323	4188	4114	5131	4049
787	939	932	942	1061	725
134	145	158	164	182	161
12	39	24	67	53	28
521	488	518	552	529	504
214	266	302	397	394	285
299	363	412	445	392	306
2120	3262	2950	2538	2901	1926
208	368	349	504	483	250
2	3	4	11	3	4
11	12	7	11	4	12
13	28	25	13	7	12
1303	1349	1242	1378	1337	1210
859	1035	977	1020	1084	779
2144	2604	2486	2660	2669	1974
39	68	57	73	75	57
1160	1283	1198	1247	1216	972
287	316	383	433	408	336
315	358	465	423	384	274
22	15	10	20	20	13
129	132	138	202	197	123
1036	1148	1020	995	1122	842
62	78	70	70	66	40
1231	1814	1779	1675	1605	1004
106	192	99	97	117	82
644	878	856	911	943	604
331	471	414	412	354	221
840	1190	997	1090	1147	740
13	19	28	22	34	22
399	452	555	496	511	341
112	119	119	108	125	81
1	2	0	1	1	0
1	0	0	2	1	2
4	5	9	4	6	2
2273	2798	2294	2350	2404	1955
12	11	4	10	12	24
933	1149	1062	980	923	720
1160	1520	1274	854	1086	924
7	18	11	3	14	12
1	7	1	3	2	1
1	0	0	0	0	0
285	345	329	357	314	254
0	0	1	0	1	0
512	638	552	611	624	453
12	15	7	9	15	13
1469	1732	1496	1429	1602	1250
2	5	2	2	2	4
159	187	223	248	248	164
258	306	367	287	311	232
1	2	1	0	0	0
236	340	363	327	363	220
1665	1848	1819	1925	1984	1565
709	885	736	686	791	589
1237	1395	1409	1424	1377	1096
107	103	101	92	75	91
961	1095	1038	859	961	818
268	258	238	244	235	244
54	58	56	67	76	59
82	109	88	68	95	64
17	28	27	26	26	18
4	2	9	5	8	2
0	0	0	0	1	1
1	0	1	3	0	1
4	13	14	49	51	17
1167	1261	1151	1292	1256	949
884	1109	887	860	959	708
226	193	193	233	197	184
934	945	881	781	788	710
288	311	360	358	371	270
0	0	1	0	0	0
4	1	1	4	0	4
375	595	521	416	573	338
347	467	474	542	478	283
954	1193	1094	1247	1289	956
33	30	19	18	28	11
1056	1210	1177	1120	1307	1000
9	6	2	0	3	3
2767	3723	3462	3749	3977	2711
6910	8380	6692	5348	6783	5536
642	963	867	777	818	527
1973	2561	2315	2280	2306	1629
566	750	748	649	650	492
2	12	4	8	4	3
188	187	151	188	192	153
19	26	24	24	21	26
46	47	76	58	47	25
15	29	31	26	31	21
7406	9005	8458	7459	7269	5823
24434	27473	25399	24404	24164	18456
2	13	14	13	11	5
448	697	845	650	626	394
548	553	605	548	632	525
37	76	71	17	12	7
48	64	67	19	16	7
2	2	1	0	0	1
455	597	596	351	325	278
329	422	380	353	361	273
256	492	224	164	440	237
166	220	165	195	224	158
33	36	45	43	52	29
148	163	123	156	180	152
868	807	834	1045	939	828
1942	2212	2321	2901	2694	2009
1781	2140	1779	2304	2140	1809
4090	4407	4547	4659	4244	3511
3070	3104	3040	4000	4132	3424
10	7	6	10	10	4
245	270	283	277	232	222
1647	1878	2038	1988	1756	1299
24	20	22	12	21	9
323	371	227	100	190	202
4	3	0	6	5	9
0	1	3	1	1	0
2	4	0	8	6	3
10525	12630	12950	12343	12229	9333
386	392	409	339	391	316
163	163	123	88	99	66
1	8	5	2	0	1
2	3	2	1	1	2
2	0	1	1	1	0
2	4	4	0	1	3
92	111	73	22	50	55
238	277	291	190	203	147
7	1	1	5	5	1
1	2	1	3	3	2
0	0	0	1	0	0
12	21	15	16	24	17
1	2	8	13	22	16
515	766	621	681	714	505
397	432	439	392	547	415
1	3	3	11	2	4
1528	1825	1667	1778	1741	1355
652	696	599	314	405	341
0	3	1	0	0	0
283	407	187	126	146	163
2	1	3	3	0	1
1723	2301	2050	2361	2384	1493
138	120	116	68	80	66
2352	2422	2428	2439	2320	2021
595	918	736	1006	856	550
420	513	411	441	443	384
1097	1501	1444	1495	1485	943
1383	1622	1462	1384	1339	1231
208	251	209	180	259	205
1149	1586	985	417	899	805
1966	2269	2307	2489	2280	1867
4	6	1	8	8	5
1	0	1	0	3	3
203	269	244	242	243	163
1277	1499	1831	1686	1570	1203
408	556	493	527	519	395
1763	2562	2069	2217	2030	1436
241	285	301	326	309	230
382	475	508	510	440	330
44	62	43	39	54	48
3	2	2	1	0	2
619	842	768	855	843	550
205	231	266	213	225	187
1375	1577	1685	2056	1823	1290
1309	1865	1806	2002	1990	1163
102	127	119	93	125	89
482	599	571	516	536	405
58	108	89	21	10	13
2	4	0	2	0	0
5035	8417	7500	4879	4554	2701
2865	3328	3206	2792	2926	2196
0	1	1	0	0	0
2	0	0	1	0	0
2	0	0	2	1	0
204	286	347	318	286	151
1179	1555	1441	1460	1432	998
311	490	452	533	507	303
237	195	195	224	232	196
2695	2772	3888	3117	3239	2420
88	140	138	146	126	74
492	806	844	668	619	406
1617	2086	1796	1854	1777	1228
722	1154	986	844	960	606
147	177	253	377	300	241
108	123	98	74	92	61
6	3	5	1	2	2
665	701	584	626	760	644
1627	1603	1494	1435	1669	1524
194	225	214	201	208	223
0	1	0	1	1	0
570	704	670	749	704	509
8	12	5	9	17	7
556	700	752	779	772	583
22	45	21	47	34	18
132	159	155	163	199	142
454	576	400	332	441	361
233	305	325	434	470	326
336	416	339	350	360	248
1432	1542	1581	1345	1477	1187
89	116	72	18	23	23
393	467	413	332	369	269
196	272	161	88	129	127
1644	2053	1941	1731	1637	1077
14	18	17	22	22	21
717	654	694	755	735	718
863	897	1112	1082	1038	796
17	14	12	0	3	0
0	0	1	0	1	0
921	1115	1082	653	637	495
69	98	106	76	65	54
7	12	10	9	5	5
532	635	649	637	521	432
3210	4685	4619	4635	3870	2491
0	0	0	2	1	0
6	4	7	19	14	15
314	484	484	498	476	287
3	7	3	13	3	2
996	1147	1120	1364	1262	962
294	384	339	320	338	261
1	1	1	1	2	0
192	190	208	156	190	149
427	620	690	1981	2345	1359
0	2	0	1	0	0
518	737	821	780	827	502
1	1	0	0	0	0
1273	1689	1428	1249	1210	877
5	10	3	5	2	5
73	47	64	53	65	72
48	48	54	36	28	32
0	1	3	4	3	1
199	201	212	196	260	196
1938	1942	1736	1847	1861	1618
172	195	290	377	312	213
428	408	373	377	378	382
885	1081	1033	861	1083	790
800	1046	979	804	877	613
3	4	7	3	10	8
58	55	41	55	63	42
0	0	0	0	0	1
0	1	0	0	0	0
4	4	1	2	2	2
0	1	0	0	0	0
7	11	40	51	33	14
78	77	91	81	99	67
2	1	1	1	0	1
392	517	598	601	500	378
252	213	337	359	235	193
91	107	87	65	89	72
7	7	5	3	13	5
2428	3232	2984	2623	2669	1988
3731	4485	4965	4700	4333	3442
556	860	649	728	802	448
2	1	2	3	1	2
448	453	630	702	556	447
2	2	4	9	3	9
61	77	57	62	56	37
865	903	825	841	832	729
84	69	101	86	95	85
0	0	1	1	0	0
0	1	3	1	0	1
0	0	1	1	1	0
64	87	94	82	90	68
675	698	778	800	678	571
9	18	20	10	84	75
2	4	3	7	0	2
0	0	2	0	0	3
2	0	1	0	1	0
55	115	58	66	75	59
260	367	378	418	408	277
113	151	146	83	160	126
25	52	31	42	51	33
0	0	0	1	4	5
586	599	542	552	636	520
399	473	487	685	679	515
873	844	903	1383	1215	1010
807	755	610	926	996	712
1934	2253	2332	2666	2299	1892
584	810	826	975	728	516
1716	2321	2479	2362	2277	1527
2	0	0	0	0	0
365	389	334	350	415	351
73	101	87	157	140	107
516	575	614	1146	874	544
195	320	239	271	264	201
11	15	10	14	8	11
50	62	46	28	25	27
46	45	55	29	50	31
204	291	286	371	333	174
5	5	2	3	3	4
646	897	1093	1138	915	565
508	694	684	679	649	546
601	764	828	785	766	518
51	70	66	56	68	31
0	3	0	2	0	0
2	0	2	2	2	1
853	1043	1064	997	973	848
0	0	0	0	1	0
46	41	33	65	65	57
0	0	1	0	0	0
4695	5408	5641	5369	5383	3868
313	371	387	366	398	278
672	870	797	880	823	577
0	1	0	1	0	0
326	315	400	321	389	332
10	6	4	13	17	13
0	0	0	1	0	0
586	852	689	702	777	475
5	6	5	3	10	5
5	3	5	5	16	10
627	715	749	874	761	538
278	332	326	356	324	204
0	0	0	1	0	0
956	922	972	1180	997	879
119	132	171	261	221	129
161	183	195	177	192	153
0	0	0	0	1	0
112	103	105	136	109	127
320	402	500	457	375	239
574	694	703	289	260	239
0	1	0	0	0	0
644	798	770	863	951	684
610	979	896	860	851	602
2343	2735	2445	2303	2495	1909
0	0	1	0	0	1
448	608	620	487	516	358
53	65	94	55	45	63
1	1	2	2	0	2
63	92	73	82	68	62
821	999	934	879	978	760
0	1	0	2	0	1
1	2	2	5	1	0
246	339	368	344	327	209
2	1	1	0	4	3
333	386	297	337	378	247
81	110	80	80	103	81
531	696	654	674	663	367
148	112	94	186	177	145
285	297	399	475	510	332
0	0	0	1	0	0
1957	2003	1948	1835	1993	1600
3461	4412	3359	2285	2994	2089
2828	3263	3837	3155	3203	2515
3277	4166	3648	3572	3619	2596
53	114	121	106	97	48
11	6	39	71	29	23
0	0	1	5	1	1
0	1	3	0	0	0
252	269	276	326	311	309
980	1295	1332	1389	1341	871
174	212	197	167	212	119
1012	1372	1337	1454	1262	843
6748	7784	7912	7916	8198	6288
971	1224	1150	1035	964	698
0	0	1	0	0	0
637	737	740	752	537	407
7369	7929	8989	8529	7709	6302
1971	2672	2671	2728	2201	1634
1105	1356	1018	1075	1117	797
411	563	523	497	517	340
0	0	2	1	2	1
1255	1539	1592	1500	1486	1102
20	23	7	5	8	7
1212	1294	1128	1057	927	883
522	755	690	681	649	429
1562	1616	1580	1844	1681	1233
1	5	6	5	0	4
49	55	58	46	50	29
12	17	16	7	11	6
436	547	556	706	649	446
57	66	72	141	160	139
180	257	195	181	204	126
21	35	55	47	40	21
5277	5875	5270	5501	6173	4752
9356	11265	10783	10976	10524	7776
282	408	321	383	370	282
273	342	339	347	316	253
1779	2339	2137	2523	2190	1411
831	912	1032	894	1042	784
58	80	93	68	75	64
1	1	0	0	0	0
101	118	128	106	121	78
0	0	0	1	0	1
353	374	416	411	294	303
639	669	648	483	530	435
17	19	9	6	5	14
4	5	4	0	2	1
195	173	228	181	157	133
519	522	507	469	457	379
0	0	1	0	0	0
461	574	527	478	513	327
517	679	498	644	763	487
2884	3686	3585	3695	3357	2373
1174	1311	1066	987	1256	1037
2	1	0	0	0	2
0	0	0	6	1	0
99	88	68	150	142	129
1	3	8	4	3	1
69	61	66	64	91	71
1561	2218	2566	2838	2560	1646
300	368	368	363	377	256
1379	1659	1625	1706	1551	1197
0	1	0	0	0	0
1	0	1	1	1	1
3	3	1	4	4	2
540	740	496	387	553	392
877	959	885	964	1201	905
2560	3423	3210	2394	2296	1518
12905	13988	14634	14979	13396	11289
350	423	458	446	509	357
4	4	3	7	2	4
7	10	10	7	5	9
0	1	1	0	0	1
6	10	3	10	16	15
0	1	2	0	0	0
0	3	2	0	0	4
7	5	8	6	7	5
0	0	0	1	0	0
0	1	0	1	1	0
117	103	134	181	234	135
271	392	395	339	337	223
132	173	167	189	171	126
479	563	688	586	555	354
76	110	165	131	140	80
141	229	408	414	311	135
1517	1822	1866	1914	1851	1321
37	35	25	10	34	24
184	203	189	206	225	175
1	0	1	0	0	2
875	1190	1033	1014	1064	723
302	299	267	303	305	259
50	61	63	71	64	51
17	25	24	16	16	14
504	587	516	520	413	332
104	131	122	97	53	43
238	304	242	203	267	205
317	317	341	297	338	321
167	275	236	261	207	166
538	895	417	158	386	250
131	177	128	105	124	109
20	21	22	20	31	33
6	18	9	5	8	5
35	54	50	36	62	33
17	27	27	24	24	18
10605	12517	10206	8265	8643	6829
3	11	8	5	12	4
57	81	59	84	67	50
1	1	0	3	0	0
673	871	801	813	972	641
0	0	0	0	1	0
3	5	1	0	1	0
29	22	21	21	26	16
31	30	29	24	32	17
6	3	6	7	5	13
699	915	966	985	929	666
240	267	224	188	237	167
84	85	84	98	72	43
3	1	7	7	2	1
0	1	0	3	0	0
12	26	34	12	63	40
0	6	7	5	19	2
0	1	0	0	0	2
15	10	10	9	13	9
39	22	16	14	31	27
3232	4089	3630	2998	3155	2408
2	1	0	1	0	0
3	0	4	0	0	3
39	65	121	146	96	53
1130	1339	1179	1538	1430	1004
0	0	3	0	0	0
1695	2155	1881	1509	1724	1358
0	0	0	0	2	0
170	163	153	159	159	150
2471	2647	2723	2793	2567	1995
13831	16279	13985	14797	14345	11065
2	0	0	1	3	1
469	560	612	673	635	500
2359	2891	2837	2185	2122	1658
3751	4529	4085	2333	2388	1809
1	4	0	1	1	1
1	0	0	0	0	0
1	0	0	1	0	0
0	0	1	0	0	1
3	2	1	9	14	2
3264	4075	3794	5222	4325	2752
746	808	980	611	837	590
0	1	1	0	3	2
0	12	3	37	22	16
5	4	5	4	2	2
126	192	220	206	228	144
1189	1628	1678	1945	1645	1053
4	19	11	16	7	9
8	10	15	32	26	5
130	135	170	260	213	165
8	12	40	249	72	13
316	303	336	459	370	304
2786	3212	3060	3018	3171	2436
557	718	675	710	696	481
455	508	576	514	583	422
26	40	50	43	50	34
2737	4198	4000	5083	4575	2752
90	134	128	111	121	78
171	222	200	172	182	119
161	226	222	155	177	145
1522	1813	1600	1551	1828	1503
47	53	39	23	63	71
1285	1760	1814	1783	1772	985
5	2	0	3	1	1
86	241	231	176	168	56
1	0	0	0	0	0
0	2	0	0	0	0
0	0	0	0	0	2
1	0	0	0	0	0
0	0	0	0	1	0
0	2	3	0	4	1
0	0	0	0	1	0
2751	2963	2754	2773	2707	2243
209	278	297	284	293	220
3	1	4	15	12	11
17	20	26	29	23	14
94	176	197	177	166	113
137	181	193	219	185	131
58	93	130	127	123	78
82	74	74	145	138	137
8	9	10	10	18	10
0	2	7	5	4	3
120	181	243	277	285	163
1169	1580	1638	2016	1939	1319
292	440	369	197	261	182
95	129	201	151	152	99
147	244	244	215	264	174
55	63	82	84	68	42
39	58	54	35	39	30
45	69	92	81	79	47
182	264	375	302	270	156
226	329	365	250	272	177
111	168	189	156	142	78
66	94	146	154	128	89
292	414	491	476	527	304
0	0	1	0	0	0
0	0	0	1	0	0
70	69	79	100	83	93
0	0	2	1	0	0
0	0	0	1	0	0
135	156	162	160	163	122
416	501	490	394	458	317
2728	2566	2946	2886	2607	2153
11	10	9	125	56	17
5	2	8	4	5	4
929	935	1007	1000	1058	894
357	435	357	271	296	210
42	73	67	71	65	39
16	14	16	26	29	24
1	1	3	3	4	1
3	0	0	0	2	0
450	474	447	397	461	359
17	19	15	10	22	19
7	3	11	13	4	1
431	431	510	646	514	442
8	7	11	24	18	18
20206	24478	23167	21415	21649	15656
1255	1293	1500	1386	1373	1058
1	0	0	0	0	0
17	24	25	20	25	19
0	1	0	0	0	0
0	1	1	0	0	0
0	2	1	0	0	0
0	0	0	1	0	0
0	0	1	0	0	1
1	5	3	0	0	1
1161	1347	1172	1260	1261	1005
1455	1599	1420	1118	1077	762
327	343	407	291	308	284
731	821	773	705	810	589
303	600	555	551	542	310
17	37	23	37	27	21
442	505	467	422	437	330
4788	5791	5645	4935	5221	3779
2	0	0	0	0	0
95	144	67	87	124	74
2387	2709	2598	2624	2675	2109
317	427	391	410	456	350
7	4	2	4	2	4
483	567	611	536	433	355
692	758	767	740	652	527
414	450	415	343	379	348
0	2	2	0	0	0
51	94	40	26	33	12
1101	1307	1324	1255	1338	1001
24	57	60	65	54	21
304	459	427	388	421	248
2008	2402	2316	2221	2418	1733
444	431	494	530	543	412
464	558	563	636	566	394
2	1	5	3	2	1
2485	2630	2765	2565	2398	1840
8	27	16	25	12	7
1755	1900	2036	2308	2102	1569
18	27	27	31	43	31
967	1185	1289	1105	1204	882
3	1	0	3	3	2
12694	14650	15937	13659	14617	11559
1569	1917	2103	1857	1692	1253
16	10	15	23	26	10
135	143	138	121	142	120
3	2	1	9	9	1
0	0	2	3	5	0
158	203	208	221	231	167
102	137	192	129	114	87
18	24	35	33	28	17
781	890	879	734	742	571
143	205	232	203	195	146
18	26	23	22	20	18
682	927	1002	871	901	626
847	724	847	1005	1000	763
2666	2784	2603	2529	2847	2380
460	622	511	538	554	344
486	434	405	396	410	356
0	0	0	0	1	4
306	356	421	369	356	273
401	544	629	601	516	328
0	1	1	0	0	0
0	1	0	0	0	0
330	369	406	374	417	310
81	109	121	141	129	71
144	148	176	152	134	110
370	341	413	380	352	316
2	5	4	2	2	1
2662	3047	3015	2884	3052	2375
0	0	0	1	0	0
3	2	3	7	1	0
19	27	15	22	22	26
4	5	4	8	14	2
54	61	62	65	53	50
0	1	1	1	0	1
1370	1628	1609	1343	1450	1078
140	202	226	179	157	110
2	1	0	3	0	0
11	9	12	7	5	2
266	340	324	305	299	229
59	108	96	91	108	44
1	0	2	2	0	1
59	85	79	92	95	58
63	117	98	104	94	43
57	81	80	93	52	33
292	310	369	339	329	241
112	153	151	164	162	130
2520	2707	2738	2586	2613	2091
1	2	5	2	4	4
528	557	602	584	559	404
160	170	188	156	144	143
48	50	70	68	87	43
59	94	72	69	73	62
18	18	25	16	29	14
324	447	420	390	432	314
513	640	557	533	583	451
0	1	1	0	0	1
0	0	1	1	1	0
525	645	688	617	555	431
625	755	731	727	615	469
303	310	289	202	324	267
779	840	964	989	1258	876
462	538	600	646	795	640
646	684	746	694	807	565
1354	1578	1646	1630	1552	1125
3	0	0	0	1	1
38	36	48	46	46	37
20	11	19	16	11	5
250	292	247	258	259	188
2391	3149	3071	2997	2713	1877
4	8	5	4	3	6
300	348	402	278	328	242
750	876	746	658	891	705
333	402	397	347	361	346
194	268	332	337	314	144
108	134	110	128	139	119
4	2	2	2	2	0
689	943	1010	1043	930	611
173	222	230	193	174	131
520	605	646	561	592	462
73	76	106	210	119	85
2	1	0	0	0	1
7	13	13	10	7	3
1274	1599	1250	1137	1282	866
1988	2829	2240	1799	1794	1038
469	538	606	588	581	516
523	811	764	650	575	387
38	49	37	27	16	21
3100	3960	4083	4571	4324	2978
43	81	86	59	53	40
692	882	910	851	837	590
117	116	150	106	110	94
150	218	140	119	109	65
5	0	0	0	0	0
2085	2327	2141	2220	2000	1525
1012	1051	1187	1087	1126	982
886	1135	856	781	996	628
569	615	644	600	702	522
560	622	521	459	426	335
34	33	22	16	13	13
287	475	486	359	375	244
145	212	247	209	191	130
1352	1557	1781	1897	1928	1287
458	620	751	587	495	369
231	271	278	281	271	183
6167	6926	7610	6748	7770	6013
56	94	100	67	50	29
25	29	38	60	52	42
2916	3108	3140	2759	2612	1973
1	1	1	1	1	0
0	0	2	0	0	0
3	4	2	1	1	3
6	5	1	4	1	2
3054	3458	3352	3268	3068	2471
3	2	5	2	6	4
1165	1369	1277	1272	1379	1021
8	15	7	2	11	10
45	62	51	38	28	28
2515	3187	2527	2104	1834	1383
0	2	4	1	1	1
71	102	81	98	94	48
15	14	11	13	14	10
1391	1628	1585	1725	1696	1267
3420	4358	3836	3618	3930	3105
4053	4883	5173	5178	4768	3772
812	1528	1226	1107	1320	735
9	10	9	2	0	1
105	116	79	103	100	108
1281	1361	1536	1433	1493	1214
200	194	221	209	228	196
0	2	0	0	0	0
1067	1362	1277	1296	1363	921
3	4	15	2	2	2
1476	1823	1256	941	1144	945
17	26	23	11	12	13
554	563	616	592	581	445
50	75	65	57	66	59
33	37	34	31	41	26
85	114	100	93	129	84
60	122	112	170	151	78
587	637	504	604	561	528
225	248	262	282	292	202
1481	1551	1979	2089	2256	1842
2445	3079	2748	1958	4192	3597
38	35	80	61	50	32
0	0	0	0	2	0
361	531	446	410	439	326
0	0	0	2	0	0
3	2	0	0	0	4
1	1	0	5	2	1
99	134	124	132	137	96
73	66	74	65	40	50
179	180	209	331	286	195
127	83	105	204	216	155
498	499	663	636	548	503
1077	1321	1421	1376	1494	1062
346	429	409	419	408	315
549	587	460	417	716	548
3614	3897	4723	4094	3826	3224
0	0	0	0	0	1
1402	1798	1505	931	917	701
1185	1287	1315	1352	1334	956
3240	3188	3024	2982	3117	2579
565	619	689	889	983	724
6	1	5	4	2	4
6109	7722	7374	6923	6499	4719
5649	6699	6404	6399	6128	4565
1208	1457	1476	1535	1439	1013
728	820	801	961	863	634
4	5	7	5	8	2
52	56	43	22	36	27
128	130	172	164	150	107
103	95	101	77	76	80
3	8	3	0	0	0
6	6	1	2	2	0
1	1	0	0	0	1
670	1006	981	1056	1063	651
107	157	141	127	171	120
274	296	323	366	333	252
435	671	641	578	516	323
6	9	6	6	2	1
108	122	127	115	111	78
200	229	260	227	214	173
110	206	180	171	154	107
151	245	218	254	210	155
69	106	119	121	88	58
3	1	7	2	6	3
0	0	0	1	0	2
259	348	393	362	366	285
0	1	0	0	0	0
282	368	425	458	408	266
192	257	264	341	282	244
220	278	301	338	319	230
132	175	159	191	171	127
333	413	369	593	429	277
147	152	148	145	175	126
15926	17837	18173	18119	16700	13753
99	139	152	167	167	97
490	566	612	599	565	411
323	375	317	324	408	277
980	1231	1235	1253	1400	944
1239	1460	1732	1566	1564	1185
622	753	806	683	834	608
207	245	265	301	287	231
0	1	0	1	0	0
2068	2328	2463	2511	2551	1957
97	125	130	200	188	123
1602	1834	1826	2008	1853	1469
552	725	644	461	389	287
552	606	593	527	536	407
368	424	532	639	586	355
1425	1475	1835	1466	1526	1145
1842	2018	2063	2089	1970	1591
48	51	65	47	44	37
4638	5086	6560	5375	5058	4127
693	648	660	588	620	598
70	82	76	72	88	54
169	145	147	146	129	123
339	410	304	267	329	179
639	856	932	826	837	487
18	20	14	31	13	16
0	1	0	0	1	1
7102	8238	7736	8151	7271	5728
7	6	8	7	3	2
1	0	0	0	1	0
7	5	3	5	6	7
4	5	2	3	6	2
38	54	61	101	85	52
4	6	4	4	4	3
3	9	2	1	2	1
1	0	0	0	1	0
26	19	23	19	43	22
0	0	0	1	0	0
3	0	4	1	1	2
1	1	1	3	2	6
340	422	384	445	467	315
36	36	24	59	64	22
446	573	548	649	512	381
7	11	16	17	7	14
525	673	632	536	621	451
672	793	699	624	582	463
0	3	7	5	3	2
11	17	21	14	11	13
0	0	1	0	2	0
151	164	189	175	158	100
656	771	876	784	655	516
0	0	1	1	1	0
7	6	2	15	10	4
142	169	232	164	170	118
233	217	257	226	206	150
657	762	881	786	762	542
1172	1269	1286	1082	1072	888
3	4	0	2	5	3
425	479	450	499	503	321
1989	2317	2173	2267	2334	1741
53	51	30	45	66	46
303	434	390	355	368	232
43	69	96	49	38	46
18	18	28	12	5	6
0	2	1	0	1	0
667	773	728	647	757	585
3754	4423	4316	4153	3938	2892
5	3	6	1	1	2
8	18	18	18	18	13
12	7	6	4	8	7
738	781	839	631	662	551
644	626	697	413	388	343
3	3	2	1	2	2
1	1	0	0	0	0
8	8	10	3	0	1
109	79	90	6	4	7
180	225	258	250	198	128
0	0	1	0	0	0
8	0	5	1	4	7
1508	1883	1674	1446	1499	1169
425	579	509	472	446	326
60	98	84	56	77	46
34	32	38	27	26	25
4947	5730	5107	4843	5005	3878
8935	10173	9729	9711	9116	6924
0	0	0	0	0	1
3	1	6	6	3	4
4	3	5	7	3	2
308	340	288	297	263	212
0	0	0	0	1	0
1	17	11	13	12	1
3458	3780	3555	3913	4043	3249
119	153	162	138	129	94
0	0	1	0	0	0
1	7	2	3	0	1
35	34	23	41	32	36
2	5	0	12	3	2
3	1	1	3	1	0
11	23	20	9	8	3
19895	20128	20430	21731	22351	18379
93	168	174	126	152	83
797	852	937	741	704	664
19	18	12	25	9	16
20	24	11	28	28	19
9	9	9	3	5	3
4	4	3	7	3	4
467	514	411	379	386	375
347	372	397	352	345	299
175	224	260	307	174	146
30	28	29	26	18	24
208	202	236	149	142	113
26219	29941	27491	28565	30286	23400
3115	3949	4225	4229	3695	2520
103	141	117	112	115	89
658	1193	940	760	629	328
4618	5304	5535	5116	5383	4009
194	277	276	229	211	138
150	245	221	164	173	119
959	926	1005	895	918	799
2636	1663	1700	1745	1602	1924
7162	8277	8490	8583	7097	5707
393	427	452	401	359	300
1857	2165	2164	1800	1769	1345
0	0	1	0	0	0
17	15	11	10	18	19
0	0	0	1	0	1
234	277	126	83	75	61
0	1	0	1	2	1
1	1	1	0	0	1
1	1	1	1	0	0
1	2	0	0	2	0
201	196	225	200	170	159
421	599	533	605	587	394
0	0	1	0	0	0
1532	1782	1572	2502	2195	1458
0	1	0	0	0	0
4	0	2	0	2	1
0	0	1	0	0	5
0	2	0	1	0	0
9	7	9	8	15	12
591	684	680	642	689	493
521	548	578	467	474	408
186	199	276	261	210	149
88	92	71	80	102	111
1314	1650	1380	1341	1442	942
8061	8364	8179	8752	9701	7278
1	0	2	1	3	0
1380	1819	1653	1528	1642	1063
0	1	0	0	0	0
2	2	4	6	2	5
0	0	0	0	1	0
0	0	1	0	2	0
0	0	0	2	0	0
8	10	8	26	15	18
1	0	0	0	0	0
2	1	3	3	5	3
335	419	463	386	457	319
673	781	716	765	833	648
0	1	0	1	0	0
0	0	0	0	4	0
1768	2646	2189	2574	2479	1604
389	496	447	444	516	372
1	1	0	1	1	1
22	29	11	19	20	13
0	0	0	0	0	1
0	0	0	2	0	0
10	7	13	12	15	6
0	0	1	0	1	0
24	29	29	58	50	26
19	4	23	13	19	26
6	17	23	13	27	18
15	15	19	23	20	17
125	169	82	97	108	83
0	0	0	7	2	0
0	0	1	4	0	0
125	109	116	124	114	106
7385	8530	6534	4644	4671	4279
41	49	58	23	31	27
784	888	935	881	852	662
1	0	0	0	0	2
39	65	87	63	35	27
48	106	82	88	54	33
326	369	409	299	321	278
165429	187785	176278	186449	163744	131628
1618	1641	2038	2026	2225	1796
194	160	224	186	239	187
6	5	3	3	9	5
883	1185	985	1070	1051	692
174	176	228	203	197	151
691	1256	715	534	378	199
386	420	415	409	451	397
6	7	12	5	4	11
95	98	110	89	120	68
224	359	333	316	299	182
113	143	175	128	137	86
2258	2827	2502	2514	2740	2003
845	992	1098	967	1001	748
471	551	541	619	457	395
11	9	5	7	7	15
850	1087	1010	933	998	795
0	0	2	0	1	0
154	182	194	157	172	125
750	1265	1206	1273	1065	581
2	1	1	0	1	0
21	15	14	10	10	11
14	10	20	9	7	6
383	371	474	392	356	339
11	16	24	24	18	22
686	768	723	863	779	520
2193	2642	3554	3982	3900	2728
336	415	456	392	371	288
1405	1473	1499	1498	1599	1262
2209	2592	2301	2348	2190	1683
510	551	544	572	527	434
739	977	992	1070	913	714
911	990	1075	1079	978	744
2246	2765	2462	2461	2579	1776
319	284	289	314	305	286
1	2	7	5	6	3
937	957	1036	1051	1004	836
0	1	0	1	0	0
22	24	31	32	23	16
4502	5251	4890	4872	5108	3792
1392	1416	1375	1644	1794	1243
446	419	383	442	408	354
0	1	2	3	1	1
1269	1715	1666	1693	1467	1010
925	977	940	885	851	738
2	0	0	0	0	0
57	70	81	36	39	24
670	767	745	786	781	620
2885	3295	2894	2087	2121	1544
2666	2914	2483	2588	2614	2207
165	262	273	263	281	205
144	129	147	105	153	117
0	0	1	0	0	0
0	1	3	2	1	2
77	101	122	94	82	75
38	51	44	9	7	4
683	1027	1190	448	349	182
11	15	26	36	36	18
1689	2270	2590	1737	1661	975
0	0	1	0	0	0
1	0	0	3	0	1
14	13	9	10	9	6
0	0	1	2	1	1
0	0	0	1	0	1
0	0	0	0	0	2
580	861	817	864	921	530
1287	1362	1440	1531	1570	1206
202	259	274	378	359	200
3	4	6	1	5	12
16	24	13	21	24	13
0	0	0	2	1	0
120	137	159	156	129	111
1	0	0	0	1	0
0	0	2	3	3	1
78	135	66	29	58	64
348	281	253	199	258	318
123	176	123	79	193	147
177	138	114	94	118	138
128	136	100	119	94	72
6	5	11	9	8	8
50	81	55	48	87	49
1210	1412	1273	1219	1264	939
0	2	1	2	0	1
1227	1962	1730	1987	1930	1191
958	1339	1545	1475	1323	867
0	0	1	0	0	0
2	1	2	9	8	2
162	195	168	203	188	128
21	24	37	35	38	25
50	76	95	82	79	62
75	85	108	117	83	74
4	1	1	6	8	6
367	360	393	360	387	341
0	3	4	3	1	3
131	140	111	110	93	92
35	45	72	44	31	32
1119	1276	1160	1002	1083	775
1102	1187	1172	1096	1209	1064
3731	4369	3944	4139	3992	3003
623	658	629	621	641	479
5349	5975	6061	5519	5085	4368
0	0	1	3	2	0
5	10	14	16	10	8
22	29	53	45	26	20
13	14	16	18	10	25
442	463	494	475	477	384
653	818	894	916	805	632
441	525	471	492	455	350
102	99	91	81	79	73
1363	1355	1516	1695	1602	1504
5	7	5	1	2	1
10851	11698	10039	8245	8958	7534
715	848	850	867	788	613
803	1081	1187	1264	1117	778
0	0	0	0	0	1
10	10	7	17	7	13
4644	5737	6448	6335	5236	3874
8473	9978	10688	10513	8841	6882
319	420	538	439	430	344
4955	5929	7831	6148	6146	4726
3479	3882	4135	4034	4003	3186
28	31	47	59	85	69
1495	1808	1875	1890	1930	1383
132	184	158	173	182	96
1042	1199	1437	1295	1123	924
48	42	61	34	22	19
934	917	1063	1054	950	720
8	6	3	2	7	3
985	1194	1080	765	761	613
40	41	26	28	15	28
578	674	702	366	274	196
401	567	501	581	504	347
0	0	1	0	0	1
1010	954	1057	1028	1100	833
109	101	138	118	141	106
3948	4191	4393	4155	3383	2864
0	0	0	0	0	1
4537	4923	5249	5419	4824	3745
1	0	0	1	1	0
149	164	193	216	169	128
15	24	40	26	20	12
20	19	22	12	3	14
6	7	1	9	4	7
1	5	7	13	4	4
0	0	5	0	0	1
99	176	162	135	143	94
1119	1408	1472	1308	1225	882
6	5	6	4	2	3
10	9	5	14	11	9
97	106	105	104	93	67
20	32	31	50	33	22
85	91	72	84	103	77
472	579	571	523	451	355
372	553	491	580	551	357
1315	2325	1336	1181	1341	801
1	0	0	0	7	0
2312	2580	2492	2487	2399	1992
0	3	0	3	0	0
182	285	282	256	180	130
1262	1555	1526	1483	1438	1111
3158	3895	3784	2928	2678	1996
429	611	580	705	738	430
450	820	1170	1024	748	461
2555	3026	2421	2214	2759	2258
711	814	851	807	702	545
1286	1654	1313	1260	1442	1041
2961	3573	3920	4477	3897	2650
571	642	536	522	541	457
1	3	1	4	1	2
7	8	2	2	9	7
1278	1885	1592	221	459	342
131	151	131	207	206	139
0	1	0	3	0	0
211	342	251	350	402	211
394	498	400	402	432	304
0	0	1	3	0	0
82	97	60	50	78	111
1469	1716	1525	1451	1584	1186
48	43	37	46	51	38
422	486	424	423	479	370
15	15	20	19	22	6
158	233	222	188	227	139
2	3	5	6	0	4
1300	1879	1702	2126	1837	1196
5	2	8	5	10	3
1330	1691	1781	1834	1546	1182
0	4	0	1	2	1
5873	6536	6514	6586	5997	4697
0	0	4	1	0	0
0	1	0	0	1	1
97	134	117	149	203	122
10	7	8	13	6	13
263	385	330	380	415	325
20	26	7	8	14	13
133	146	127	101	112	101
0	0	1	0	0	1
27	40	53	48	16	16
0	0	0	2	1	0
350	455	473	507	499	339
3026	2946	3136	2467	2706	2108
921	995	1027	995	976	677
136	166	150	101	178	123
15	23	32	81	79	55
353	386	419	340	389	297
4701	6317	5961	5693	5577	3364
690	765	760	744	835	675
56	108	101	141	138	82
7	2	7	22	20	11
719	933	896	982	937	723
66	71	92	144	115	79
263	319	280	287	301	238
0	1	0	0	1	0
628	883	834	871	800	535
454	639	607	580	557	377
528	694	706	781	636	443
905	1235	1009	830	826	637
191	150	208	237	237	189
455	568	587	560	582	482
3594	4292	4333	3861	3955	3107
156	189	215	194	200	148
733	881	878	951	902	651
77	77	57	33	35	32
227	321	189	275	271	222
79	111	83	95	120	79
5	18	9	7	8	2
809	886	883	888	924	651
1701	2131	1880	2302	2024	1624
206	212	237	202	235	202
5426	5716	6223	6069	6137	4973
0	1	1	0	0	0
743	767	961	975	710	562
459	495	592	625	614	447
35	25	54	29	43	41
9	14	4	13	10	11
0	0	0	0	1	0
885	1463	1212	1336	1292	802
9	12	12	15	6	9
1191	1478	1399	1598	2000	1284
4	4	7	3	4	3
163	188	236	226	211	185
1	4	3	4	10	7
3	5	9	18	7	4
2194	2942	2610	2940	2923	2129
515	564	768	752	766	545
2	2	9	9	9	8
1940	2249	1952	2910	2645	1925
0	0	1	1	0	0
494	445	476	551	591	515
869	949	822	885	941	765
156	193	164	245	257	148
106	107	91	114	108	117
2865	3269	3427	3659	3516	2578
2034	2749	2464	2403	2236	1663
1	1	2	1	0	0
548	636	635	664	573	493
144	166	114	123	114	87
0	3	1	1	2	0
1	2	6	6	4	1
830	865	964	1185	1059	761
82	69	103	141	127	83
337	444	528	930	632	382
0	0	1	0	0	0
59	133	116	164	128	61
199	216	218	274	250	181
202	226	237	189	218	191
93	161	170	200	176	93
357	428	440	414	414	327
65	64	78	81	95	70
0	0	1	0	0	0
7805	8648	9549	9871	7922	6219
360	396	375	775	652	469
5579	6464	5523	5333	6756	5090
4	2	2	0	3	1
18156	20712	17697	18529	18265	14431
937	1604	1484	1455	1468	854
1106	1441	1314	1300	1278	807
418	508	558	510	530	330
117	185	114	112	121	80
0	0	1	1	2	2
30	34	29	35	39	20
10	4	1	12	14	9
3	3	3	3	4	5
348	502	499	567	550	351
18	21	26	24	33	19
153	151	111	190	181	188
8	9	11	4	9	11
1254	1769	1699	1715	1626	1122
291	408	420	508	475	288
1217	1528	1562	1585	1612	1114
5	6	7	13	15	8
1	0	2	3	4	3
0	0	0	0	1	0
0	0	0	1	0	0
0	0	1	0	0	0
1	0	0	1	1	0
0	0	0	0	0	1
109	150	124	147	154	101
1700	2326	2022	1802	1984	1411
141	128	111	122	119	112
49	62	35	48	73	36
253	282	241	242	273	238
221	328	206	271	324	201
572	768	807	1089	1020	678
37	41	55	61	49	45
471	629	579	666	540	382
696	991	1000	1065	961	568
5914	7843	7110	7646	6538	4802
894	933	881	995	921	753
1793	2301	2328	1389	1207	982
51	81	93	90	70	49
0	2	0	0	0	0
448	520	518	520	509	395
1142	1471	1340	1337	1354	961
127	114	103	157	132	91
909	1094	1002	1186	1027	781
36	52	33	81	72	35
1848	2088	2232	2076	1992	1667
1464	1695	1467	1538	1688	1237
1815	3038	3356	3451	2560	1646
25	42	17	63	42	21
374	669	653	615	657	417
3603	3858	4301	3781	3459	2982
13	21	24	10	15	17
1421	2076	1914	2063	2046	1251
6	2	2	1	3	3
867	1094	949	910	848	644
37	91	37	69	98	64
9	19	17	17	13	18
1533	1804	1822	2033	1849	1359
478	593	535	502	554	387
561	907	799	800	770	437
0	1	1	1	2	2
146	120	143	75	69	65
42	64	54	37	53	43
8	4	4	2	5	6
1306	1567	1453	1419	1412	1144
3319	4810	4863	5478	4911	2942
11	10	11	14	15	20
1921	2356	2360	2863	2912	2267
241	302	317	397	474	262
404	497	462	467	486	370
76	100	104	82	53	53
137	140	126	151	190	109
2	0	4	2	0	0
6	9	4	10	7	8
0	1	0	0	0	0
0	0	1	0	0	1
2355	3046	2185	1545	2070	1580
1801	2549	2268	1883	2248	1495
892	1333	1411	1386	1223	741
213	244	240	309	252	209
878	1046	1176	1226	1232	942
200	192	164	133	166	159
130	257	164	196	221	119
12	23	26	26	42	33
5	1	7	3	3	5
36	57	95	165	147	92
399	522	474	693	654	445
208	377	363	432	390	183
603	708	699	611	687	580
651	921	1023	1012	979	647
614	633	610	624	595	557
1188	1648	1316	1146	1213	976
157	151	158	187	189	166
563	721	707	790	712	545
439	597	507	453	456	299
1543	1766	1715	1657	1764	1390
51	53	38	40	37	24
165	144	197	298	258	179
2	0	0	0	0	0
256	252	262	309	278	265
229	211	234	214	214	188
52	63	90	139	155	132
720	865	756	802	749	601
7	6	4	7	15	13
12	8	6	21	11	7
323	489	484	536	457	306
0	1	0	0	0	0
1697	2027	1810	1795	1710	1322
290	481	452	501	492	279
786	807	857	1019	942	776
2171	2589	2620	2637	2387	1806
35	38	34	49	41	36
8	2	2	1	0	7
0	0	1	2	1	0
2379	2897	2796	2944	2541	1817
6	11	8	12	10	6
171	331	282	340	336	165
1168	1403	1348	1406	1243	928
124	122	212	433	515	284
2	1	1	1	3	0
1282	1527	1417	1482	1557	1169
2	8	5	3	6	2
732	943	829	1075	992	657
45	36	42	56	35	36
1527	1580	1995	2327	2693	1894
3250	4832	4223	4247	4427	2675
2318	2304	2443	2422	1983	1663
85	125	104	105	109	86
3	0	0	0	2	0
816	1212	1170	1344	1202	786
12	7	6	37	26	23
5	0	0	1	1	1
7	5	12	4	3	3
4335	4621	4466	4497	4358	3511
4210	5136	4950	4274	4364	3336
2539	2963	2787	2798	2928	2286
1	0	3	4	1	2
323	407	372	374	360	309
18	9	12	14	13	12
759	1079	1034	929	952	670
5887	6531	5315	3877	4966	4015
46	27	34	42	32	26
58	19	162	121	10	83
6759	8292	7731	7692	7930	6072
18506	22626	22337	22869	20030	14872
9665	11507	9986	10698	10545	7828
109	114	132	145	126	97
0	0	1	1	1	0
2359	2918	3252	3255	3092	2130
1960	2223	2316	2457	2490	1841
0	2	2	10	8	4
0	0	0	2	1	0
26	42	25	33	53	39
4	4	3	1	7	5
339	542	551	447	554	337
10	14	18	7	5	9
8	15	30	11	15	10
78	88	60	16	32	17
455	503	469	506	634	477
515	730	746	781	784	569
13	13	18	24	18	17
18	26	22	46	23	20
672	948	1075	1427	1212	679
24	53	82	69	77	25
106	126	121	120	85	89
2493	2774	2871	2536	2604	2069
391	452	365	335	379	224
6	14	12	19	13	12
2763	3588	3525	3179	3047	1965
0	0	0	0	1	0
0	2	1	2	1	0
463	408	482	460	393	380
121	111	132	124	135	86
579	688	576	586	656	515
8	2	0	4	12	0
0	2	3	3	1	2
122	131	122	197	128	109
897	940	1219	1102	1034	848
4060	4966	5008	5177	4146	3263
864	778	879	967	896	807
32	32	57	70	77	44
1481	1719	1828	1843	1803	1428
287	341	345	362	357	236
3861	4022	4158	4100	3466	2829
0	0	1	0	0	0
0	0	0	1	0	0
0	1	0	0	0	0
0	0	0	0	2	0
3	1	1	4	0	2
0	0	0	0	0	1
0	0	0	0	0	2
1	0	1	0	0	0
0	0	0	1	0	0
0	1	1	0	0	0
3	0	1	2	4	4
1	0	0	0	0	0
0	0	0	1	0	0
0	0	0	0	2	0
0	1	0	0	0	0
0	0	1	0	0	1
0	0	0	0	1	0
4	5	4	2	10	2
1	4	1	2	6	4
4908	5334	5336	4863	4500	3762
52	89	90	82	101	64
12	16	17	15	15	11
11	25	34	13	17	13
7	7	8	4	4	8
10	11	5	6	7	7
18	25	13	16	16	13
7	10	12	9	9	9
2	1	2	5	0	1
15	13	23	18	20	10
6	12	5	8	7	13
11	31	15	14	17	17
16	29	24	25	24	7
11	6	10	7	3	7
14	15	14	2	12	6
53	40	52	33	32	42
23	30	32	19	23	16
31	57	48	32	43	26
73	63	103	28	42	50
325	419	366	319	584	376
6	14	23	7	5	8
13	18	29	13	11	13
4325	5294	4838	4621	4332	3405
884	937	876	808	895	712
9	8	13	23	8	9
120	119	120	85	110	72
2	6	6	11	4	4
55	83	94	164	137	68
458	544	595	711	604	519
461	617	628	677	578	437
1172	1381	1298	1345	1393	1114
782	918	942	962	936	747
110	43	252	200	101	120
5	10	18	74	23	13
134	115	136	209	217	151
190	240	316	460	402	246
481	496	576	679	707	496
0	0	1	3	3	0
75	65	53	22	41	21
15	37	22	43	28	16
0	0	0	0	0	1
3517	4546	4581	4941	4380	3112
2208	3212	3210	3564	3083	2079
1	1	3	11	2	2
7135	8891	8048	7863	7700	5659
1	1	0	3	0	1
9	10	17	19	19	8
80	106	187	310	153	87
298	281	253	349	354	235
0	1	2	5	1	0
3	0	3	0	0	0
0	0	1	0	0	0
17	24	23	5	6	8
4292	5755	4858	3675	3829	2609
186	219	200	202	340	296
369	518	526	598	534	313
25	48	62	49	49	42
29	35	27	198	141	65
476	696	773	810	735	508
266	248	308	370	247	188
613	747	681	715	675	520
19	22	17	7	11	4
963	1124	993	998	1027	794
2992	3436	3855	3174	3013	2588
314	413	229	200	334	340
498	642	601	683	608	443
250	273	301	275	345	285
3	5	4	1	3	0
825	885	712	644	669	624
712	861	682	688	812	642
103	66	58	126	118	83
37	25	29	41	46	42
1850	2280	2344	2408	2541	1802
241	293	339	330	288	192
1158	1860	1556	1291	1446	921
74	92	77	46	71	47
1345	1635	1399	1517	1518	1146
1	1	0	0	3	3
0	0	1	0	0	0
1252	1396	1567	1469	1312	1144
0	0	0	0	1	0
7	7	9	9	9	3
2436	3182	2867	2316	2354	1801
90	80	82	173	154	145
468	635	559	537	841	608
1	6	0	2	2	6
902	1150	1255	1595	1194	861
427	534	478	550	555	387
3	4	7	16	10	3
7	12	9	15	20	8
1050	1094	1072	1273	1456	1217
952	1038	1125	1097	1034	790
0	0	0	2	0	1
17431	17996	17406	17305	16649	14229
13	15	21	17	21	15
50	68	81	64	71	65
1930	2233	2364	2383	2508	1781
0	0	1	6	4	0
1131	1302	1422	2242	1872	1255
4	24	19	50	48	9
0	0	0	0	1	0
240	299	215	221	276	215
0	0	3	3	3	0
1	0	0	0	2	2
0	3	7	3	1	5
1	0	0	0	0	0
48	80	72	75	125	62
688	798	788	833	821	618
1184	1249	1308	1277	1219	1087
0	1	0	0	0	0
6	2	3	0	1	2
567	762	618	514	520	357
6640	6867	9809	7421	7350	5709
5	6	8	9	8	9
8648	9875	9074	8070	8587	6919
0	0	0	0	1	0
81	122	77	33	86	71
98	180	210	65	154	75
245	463	200	35	149	126
79	137	54	12	39	33
0	0	0	1	0	0
669	926	878	774	813	530
351	428	384	222	247	195
5	8	5	2	1	1
102	179	207	186	167	97
4	5	1	2	2	3
5471	6224	5786	5591	5796	4609
4	1	2	4	1	2
128	191	232	269	227	124
439	640	670	653	589	376
15	28	29	18	14	37
1	0	1	1	2	0
6	5	2	7	2	1
35	32	58	53	26	42
0	4	0	0	0	1
1560	1967	1916	2010	1910	1405
1	1	3	10	2	1
365	405	247	152	209	179
538	601	590	463	518	413
1	6	3	3	6	3
2383	2393	2528	2480	2761	2217
421	437	482	486	475	342
2	6	1	12	6	12
48	116	88	76	101	43
385	510	483	504	508	439
5726	6796	6896	6463	5717	4545
5	11	5	1	1	0
433	404	415	410	398	303
1	0	0	0	0	1
266	413	348	397	348	240
1151	1108	1349	2109	2188	1660
0	0	1	1	3	5
254	313	327	343	319	211
0	0	0	1	1	1
2	3	7	4	1	1
2224	2678	2475	2517	2401	1908
78	108	73	28	112	118
103	113	150	239	202	189
122	187	86	51	80	90
597	664	524	417	513	443
318	269	235	138	191	215
2864	3010	2433	2075	2508	2119
100	93	48	16	25	18
1018	1257	1093	1264	1359	925
2147	2581	2733	2419	2379	1839
20	15	11	19	33	28
271	322	311	472	469	396
341	454	413	571	479	333
300	368	321	372	371	329
1130	1336	1345	1276	1316	944
1760	2149	2028	2095	2306	1667
2528	3575	3107	3054	3148	2115
44	48	49	53	74	76
417	588	599	554	598	397
1574	1707	1644	1626	1756	1330
26	52	42	18	59	31
1042	1417	1420	1549	1460	1168
54	84	55	33	46	35
0	0	0	2	1	0
257	358	340	376	324	238
0	1	1	2	4	1
528	619	602	593	678	474
407	476	454	534	557	415
1	2	6	9	3	1
621	875	840	1152	971	622
781	935	795	994	1059	747
85	135	84	125	113	83
1067	1251	1156	1469	1527	1077
1	0	1	3	0	0
166	161	184	213	322	246
0	0	0	0	0	1
780	816	878	992	840	746
1286	1558	1655	1729	1617	1173
567	715	606	602	751	513
8	2	7	6	9	4
27	31	29	101	98	81
577	685	501	466	568	486
26	13	36	15	14	12
6414	7414	9025	7089	7279	5711
264	352	384	393	361	252
471	515	446	426	522	404
1814	1505	1219	868	1212	1269
225	204	190	134	134	122
53	26	41	31	27	29
679	926	878	978	975	647
1	0	0	2	0	0
197	228	244	185	199	167
24	24	16	33	39	36
11	5	5	6	1	13
1967	2561	2101	2130	2353	1748
52	48	21	1	0	3
1	3	3	4	0	0
78	92	137	207	122	88
912	1328	1276	1483	1308	832
585	580	535	537	649	572
16616	19165	17612	17606	18392	14409
36	39	47	55	46	55
264	421	449	475	487	253
0	2	1	0	1	0
10	4	8	6	5	5
28	39	45	100	75	48
172	207	204	220	373	186
1334	1562	1490	1415	1602	1247
1075	1216	1339	1302	1314	1018
2599	2760	2457	2637	3080	2512
230	234	222	211	279	230
1	0	1	0	1	0
75	96	112	101	74	52
0	2	0	2	0	2
1243	1355	1417	1402	1308	1020
5	4	13	5	6	3
557	557	587	666	636	490
531	894	912	1486	1566	909
3	2	0	1	3	2
147	182	91	146	174	171
506	694	601	646	668	422
681	1038	755	544	497	338
50	51	71	51	52	44
49	62	83	40	62	22
633	690	720	683	649	531
3	0	1	0	0	1
2582	2890	2492	2445	2524	1912
0	0	1	4	1	1
4	2	3	6	4	4
1030	1094	1156	1276	1255	991
2767	2840	2693	1774	1556	1435
129	145	143	275	280	210
0	1	0	0	1	1
0	0	2	2	1	2
56	81	17	1	3	10
514	569	626	576	580	478
246	310	341	319	342	205
4	0	3	1	4	0
858	1114	1050	1123	1009	783
136	172	193	163	142	103
334	365	366	329	336	273
760	879	854	800	810	677
1596	2628	1881	1106	1495	877
12	10	18	23	19	11
0	1	0	0	0	0
2349	3011	2668	2947	2725	2027
821	1003	795	670	800	583
314	439	340	362	336	262
1045	1259	1275	1288	1204	906
1063	1486	1050	1001	1067	874
171	287	213	174	235	150
532	587	608	538	530	443
9	14	19	11	11	7
23	21	15	10	16	18
1	5	1	0	0	1
48	42	26	34	39	32
0	0	1	0	0	0
2	1	0	2	3	3
7	4	4	11	1	5
1406	1695	1720	1539	1668	1316
446	506	494	552	531	431
452	454	378	333	388	290
77	52	80	58	62	68
256	342	384	323	299	205
20	30	37	39	21	6
321	373	411	409	430	331
271	404	380	334	337	251
35	37	28	26	18	19
0	0	0	1	0	0
1093	1153	1158	1114	1132	857
6	9	14	27	13	8
324	335	357	330	331	228
15	20	24	15	11	16
3	6	5	10	10	6
6395	7516	6848	6848	6966	5564
404	529	545	487	457	299
4	7	4	0	1	1
10	12	9	5	9	7
20	19	32	23	25	24
38	43	61	66	66	43
926	1102	1071	1254	1285	821
1558	2434	2527	3054	2826	1445
59	109	120	98	94	68
5	6	0	3	3	1
0	0	0	0	0	2
350	311	411	422	480	384
94	159	197	208	222	94
274	239	258	280	243	216
3	1	0	0	0	0
250	282	277	269	181	206
19	15	15	8	9	18
103	143	159	229	221	133
48	58	85	57	52	31
871	1116	1078	979	1132	673
507	625	626	689	816	501
7	6	12	7	9	9
146	190	182	247	264	164
94	148	138	433	282	117
113	166	187	219	205	114
108	84	113	105	103	95
2043	2466	2400	2391	2297	1782
44	67	76	121	72	34
744	739	770	832	861	732
0	0	0	1	0	0
98	134	136	115	142	102
0	0	0	1	0	0
45	50	60	34	39	25
11	11	17	16	8	5
7	15	13	12	10	6
178	167	182	136	180	132
3	3	6	6	2	5
906	1001	1105	1131	1020	828
246	295	297	430	301	251
127	228	200	296	264	160
12538	13825	13280	13294	12369	10360
67	109	63	48	36	59
0	0	3	0	1	0
1623	1660	1863	1848	1832	1480
1284	1521	1512	1496	1439	1090
4719	4820	5198	4947	4481	3790
43	65	50	37	59	32
1850	2036	2046	1918	2005	1492
154	188	213	205	258	158
6	8	15	13	6	5
196	300	389	383	414	238
201	227	235	195	226	179
3	4	9	8	8	3
98	114	109	72	92	82
155	156	184	148	170	133
12688	13640	12902	13305	12545	10226
10	21	34	25	18	11
6	6	13	7	11	2
3	2	6	1	0	1
31	33	26	63	43	31
879	836	992	911	793	607
649	632	724	721	700	600
441	540	525	479	436	303
127	202	167	200	205	165
805	1011	1006	875	840	635
354	434	409	403	389	288
2	0	2	0	2	2
44	68	80	60	42	27
5	6	6	5	6	5
18	29	27	18	16	11
765	925	891	778	731	517
390	464	515	449	427	343
0	7	2	5	1	2
20	42	40	34	28	22
1032	1160	1067	1099	1067	892
9	8	10	0	2	1
1641	1843	1791	1824	1830	1434
3	4	5	9	3	3
932	1040	1026	790	777	632
393	574	660	628	443	323
641	795	764	808	821	661
5447	6333	7293	6535	6628	5210
226	229	271	282	226	206
142	178	168	132	174	94
202	207	224	199	175	171
0	0	0	0	4	0
3	0	0	1	1	0
269	280	327	268	269	188
862	929	873	926	998	854
22	17	17	11	14	12
73	43	37	48	45	67
271	308	344	328	292	204
111	135	136	132	126	104
243	336	348	346	315	240
2	4	6	0	6	2
46	19	25	28	26	34
1	1	2	2	1	0
190	319	305	233	191	123
1053	1345	1283	921	942	635
2913	3644	3557	3627	3509	2396
1660	2145	2339	2377	2422	1566
998	1316	1288	1298	1031	701
178	222	258	230	310	225
8066	8573	7509	7586	7915	6749
56	45	65	46	31	46
487	451	721	847	422	406
74	115	91	111	78	73
0	0	0	1	0	0
84	138	134	95	62	56
41	70	34	46	39	19
612	697	672	653	695	543
444	445	504	501	474	355
139	205	191	160	217	121
8	4	5	6	5	4
12	14	9	9	7	1
96	144	138	112	114	82
194	263	251	257	193	153
2023	2867	2578	2490	2220	1549
2450	1533	1530	2997	2472	2069
762	858	1002	929	780	550
455	602	546	535	524	449
166	164	164	120	152	111
71	83	106	66	48	71
47	59	39	41	32	34
81	72	87	71	53	55
8248	8913	8334	8672	8169	6771
46	41	35	29	60	37
15	24	18	10	6	6
1242	1373	1394	1344	1227	1038
2137	2486	2457	2433	2146	1721
2770	3497	3396	3092	3163	2313
2476	2625	2577	3941	3974	2917
1174	1316	1275	1342	1239	979
951	996	945	1218	1159	887
910	1040	969	1098	1147	822
821	1003	888	1077	1153	873
756	1021	838	1021	1051	688
123	159	138	193	205	123
6	6	7	1	1	2
2333	3087	3406	3955	3284	2451
1244	1237	1308	1248	1381	1075
5	5	2	6	5	1
562	732	712	666	679	454
2469	3191	3074	2668	2917	2135
74	63	54	68	63	44
89	112	95	118	124	81
367	423	467	405	454	306
884	995	894	788	902	740
80	78	85	64	71	40
805	1254	1004	1114	1144	734
9897	11360	10697	10392	9201	7347
303	341	427	879	573	344
414	423	448	483	474	372
27	57	36	28	25	22
10013	9952	9377	8667	7804	7031
368	375	470	513	451	347
163	185	186	196	200	173
2	5	3	1	1	1
808	982	860	773	846	629
2369	2592	2473	2362	2472	2056
362	384	356	341	375	252
23	13	28	17	18	7
262	308	288	239	283	182
4301	4830	4437	3937	4428	3398
1048	1112	1096	1064	1043	828
12523	14916	13852	13285	14458	11291
2370	4283	4899	2426	2695	1466
301	356	345	347	422	281
6352	7531	7024	6929	6079	4929
6427	7855	8429	8981	8229	6523
1	2	3	3	4	2
46	56	97	55	39	28
1	4	5	8	2	0
2375	2657	2019	2442	2818	2127
1128	1356	1060	1027	1210	926
1884	2183	2073	2147	2033	1685
155	186	207	192	224	166
42	23	41	778	180	133
10	6	10	18	6	3
57	56	39	120	65	50
2	2	1	4	1	0
3	8	4	2	1	4
408	409	514	490	475	354
1048	1289	1293	1259	1388	991
50	49	64	55	69	56
153	165	178	164	172	116
63	57	71	63	57	44
235	275	186	174	248	198
14483	16642	15889	14976	15848	12421
6	7	9	17	7	8
13	14	9	5	5	8
227	242	222	276	238	136
1	0	0	0	0	3
1	5	0	4	2	4
2	0	0	0	1	1
223	300	305	354	287	200
139	150	202	224	194	141
3164	3201	3404	3501	3367	2988
0	0	0	0	0	1
0	0	1	0	3	0
998	1083	1137	1222	1093	1028
20	17	34	61	51	59
0	0	0	1	2	0
0	1	0	0	1	0
1	0	0	0	0	0
1	2	1	0	2	1
8	14	6	40	17	11
0	0	0	0	5	0
0	0	0	1	0	0
0	0	0	0	1	0
0	1	2	2	1	1
633	640	602	704	709	626
747	1071	1260	1498	1658	1025
0	0	1	0	1	1
970	1180	1132	1073	1120	782
653	934	905	993	911	570
0	1	0	0	0	0
0	0	0	1	0	0
0	0	0	0	1	0
0	1	0	0	0	0
1	0	0	0	0	0
7	6	4	0	0	0
17	34	14	18	13	12
426	480	398	759	690	644
0	0	0	1	0	0
1	0	0	1	2	0
591	655	650	674	670	506
1	3	0	2	1	4
4	4	1	0	1	1
22	24	12	1	1	5
1516	1591	1559	2910	2613	1851
1768	2476	2450	2364	2245	1567
401	460	473	574	555	393
339	412	399	467	515	333
8	23	9	1	8	8
540	773	729	721	854	517
1	1	0	0	1	0
459	538	521	729	784	495
151	276	194	188	270	150
332	365	373	315	338	279
4	19	9	8	11	1
1407	1739	1432	1116	1318	1080
146	223	159	131	186	135
519	484	480	555	553	511
524	511	536	552	581	454
3	12	8	1	11	8
0	0	3	3	0	1
151	114	137	63	104	130
0	0	4	1	2	2
0	0	0	0	0	1
1	1	4	5	2	8
831	1012	939	1124	915	724
0	0	1	1	1	0
298	347	414	448	435	346
227	208	208	259	257	220
680	829	1114	2258	1566	1052
4	8	5	2	2	4
1893	1955	2039	2104	2012	1808
1931	2525	2522	2601	2313	1671
1	0	0	0	1	0
384	471	571	545	531	395
4	2	4	3	7	4
56	42	49	38	73	90
4746	5341	5020	4301	4632	3654
253	258	283	339	324	296
199	248	183	157	290	197
120	103	135	90	142	100
0	0	1	0	0	1
0	0	2	0	1	0
5	14	6	7	7	4
1	1	0	0	2	0
408	489	517	560	440	372
1	2	3	4	2	2
352	417	458	359	414	283
206	369	149	149	232	190
14	39	17	19	23	17
7	21	19	3	6	10
136	143	136	288	251	231
31	60	71	85	68	46
1	0	0	0	0	0
4125	4825	4880	5220	4753	3790
66	95	123	144	107	79
227	257	183	126	202	212
146	135	138	72	59	62
1	3	3	5	0	1
43	42	48	37	69	42
1378	2013	1697	2118	2062	1385
94	124	75	86	118	62
1444	1476	1328	1308	1573	1207
135	217	165	201	261	160
2	3	4	9	10	10
5	8	7	7	11	19
84	131	112	121	112	99
0	6	5	9	4	5
490	740	699	759	738	514
622	834	710	993	1172	819
27	44	38	47	50	51
445	720	798	805	720	425
200	203	205	230	216	202
1	1	0	9	3	4
1	0	0	1	1	1
452	576	414	563	817	758
1488	1646	1795	2238	2331	1618
7	3	15	5	4	10
6	9	9	0	7	7
3	4	0	4	0	1
1202	1344	1413	1448	1236	967
0	0	1	0	0	0
3	4	0	4	6	4
306	341	329	425	410	278
56	24	29	48	52	54
203	261	218	296	298	216
7	5	9	12	14	11
450	526	606	773	701	508
1034	1474	1592	2499	1938	1210
8	13	8	15	15	18
54	59	53	57	73	61
22	16	28	32	23	10
0	1	2	0	0	0
0	1	0	0	0	0
4	0	4	3	3	0
75	65	84	58	101	92
0	0	0	1	0	0
3	9	9	6	7	8
25	30	39	62	57	57
27	21	22	37	15	25
0	0	0	0	0	1
1	0	0	0	0	0
0	0	0	1	0	0
1	1	1	0	0	1
1	3	5	2	3	3
437	568	613	636	670	406
2883	4556	5469	5396	4564	2608
0	0	2	1	5	9
271	281	332	291	335	270
0	0	1	0	0	0
84	86	109	110	99	78
28	29	30	28	35	22
3	3	2	2	3	4
3823	4811	4564	5635	5146	3629
5	15	18	15	15	6
1636	2213	2201	2238	2221	1392
78	103	96	77	89	62
978	1055	1063	1309	1269	927
1545	2218	1729	2007	1980	1341
2737	3668	3735	3914	3322	2342
217	250	191	169	192	130
321	334	390	399	297	228
0	0	0	0	0	2
2	0	0	0	0	0
3983	4868	4306	3141	3456	2509
2600	3074	2931	2838	2940	2383
2	2	12	6	5	0
1	4	5	1	0	3
0	0	0	0	1	0
511	643	681	824	671	487
2	1	1	0	1	0
688	904	705	516	668	469
294	420	244	155	197	141
1665	1881	1822	1817	1802	1306
84	149	162	115	111	82
9914	12415	12199	12905	10790	8124
1	2	7	3	2	3
0	0	1	0	0	0
1	0	0	1	1	0
0	0	2	0	0	0
2	3	2	9	6	3
5	11	4	4	13	10
652	796	694	783	912	685
193	222	175	121	123	99
592	724	748	721	654	491
72	68	61	73	73	62
0	0	0	1	0	0
1	0	0	0	0	1
123	147	187	213	179	127
678	747	944	1117	924	733
10	11	9	12	6	9
1	0	0	0	0	0
0	1	1	1	0	0
0	0	0	1	0	0
1844	2224	2326	2864	2477	1675
4	5	6	7	4	2
811	968	860	977	968	667
3	5	6	4	5	4
1122	1516	1594	1797	1498	941
19	31	35	24	28	13
82	92	109	135	110	69
2992	2976	3239	3236	2955	2283
748	871	783	825	855	615
575	652	577	626	660	533
224	281	288	237	277	198
1047	1302	1167	976	1040	808
222	264	263	201	217	117
0	0	1	0	0	0
11	10	8	5	10	9
5	1	1	5	3	2
162	179	148	152	159	131
730	776	647	725	707	561
1053	1335	1351	1286	1088	742
216	364	399	519	427	171
243	364	360	384	329	294
19	14	23	16	10	6
1	2	4	3	1	2
24	13	25	25	26	14
269	398	456	473	416	285
2	1	3	2	0	0
1	2	1	3	1	2
241	270	262	221	235	165
7	2	5	0	0	0
29	18	47	18	24	18
2410	2696	2708	2300	2218	1763
1	2	4	1	1	0
667	913	753	790	864	561
109	144	159	165	132	81
446	544	463	557	534	392
50	42	54	55	49	55
23	25	18	32	29	46
708	916	740	728	718	501
14	28	15	30	19	16
3	0	0	1	1	3
433	577	481	452	535	434
699	802	840	933	845	669
270	286	267	253	279	228
412	515	570	545	559	462
216	366	197	274	341	207
19	16	17	19	22	15
14777	19335	15247	16271	18666	13967
1	1	2	1	0	1
5169	6514	4494	4679	4943	3997
3	0	1	5	3	3
4	6	7	16	10	9
1078	1224	1365	1313	1342	1074
996	1171	1208	1213	1091	861
4	1	0	4	3	1
1507	2165	2282	2330	2161	1352
120	183	110	76	125	60
661	709	720	628	649	530
1001	1170	1123	1145	1100	858
405	559	705	1076	699	498
20	29	23	11	12	15
157	239	197	123	138	93
5	6	8	5	3	2
8	35	23	4	4	4
2	2	6	11	12	1
568	667	568	616	586	412
144	134	143	145	154	109
200	209	241	240	231	205
87	104	125	137	130	95
1	3	4	9	11	3
1866	2065	2055	2124	2061	1667
5039	4848	4752	5425	5537	5010
17	25	38	40	55	23
496	467	477	441	495	415
126	167	160	128	128	95
3180	3804	3607	3516	3504	2331
4591	5451	5130	4457	4343	3371
10435	11462	11584	11998	10777	8282
0	2	3	5	1	0
1030	1153	1123	1263	1213	886
142	225	276	196	170	116
5	13	8	7	6	6
31	31	40	39	33	20
1205	1453	1500	1342	1459	1079
131	143	132	99	146	112
5	3	5	3	2	5
1309	1631	1673	1557	1452	1109
378	427	471	461	449	339
2611	3368	3246	3095	3274	2341
644	652	741	659	801	576
155	230	276	256	255	212
654	847	767	702	774	575
54	46	51	66	61	48
133	159	130	119	140	106
637	773	704	666	681	488
776	943	888	1095	1008	753
218	281	326	896	501	342
1151	1240	1120	1170	1162	973
396	504	502	512	516	316
381	444	528	381	461	356
4403	5221	5203	5032	4885	3722
63	96	78	64	68	51
2	8	9	9	3	1
201	223	286	233	221	156
845	940	939	641	1057	978
401	352	395	378	421	357
1587	2034	1812	1588	1693	1139
12	13	11	10	2	3
3542	4116	4690	4576	4026	3128
21	3	17	9	14	14
252	214	171	105	124	141
1	2	1	0	0	0
15	23	22	19	15	10
2	0	1	1	0	0
2	1	0	0	0	0
0	0	1	0	0	0
2575	3015	2346	2124	2417	1860
1679	1877	1522	1313	1449	1140
650	800	673	756	815	552
1782	2003	1779	2101	1947	1572
40	50	34	72	59	51
24	11	12	25	37	27
6676	9445	9668	10448	8632	5860
36	69	55	215	142	97
422	544	574	628	585	451
89	92	116	86	120	90
460	728	748	889	698	431
6	2	3	2	0	1
202	277	268	348	321	203
0	2	1	1	0	0
76	94	67	122	123	100
448	555	550	533	566	427
262	207	207	227	167	220
128	132	130	114	84	83
1	0	0	0	0	0
2	2	4	0	2	5
165	126	106	84	82	102
2	4	5	3	1	2
281	330	276	295	330	243
808	879	849	755	719	585
6	10	8	8	3	6
546	835	818	877	734	417
4	8	8	8	7	9
4	3	2	6	4	6
77	75	69	82	79	92
417	478	405	186	289	252
549	728	608	629	649	435
459	517	526	540	476	370
83	110	91	72	84	81
4	7	4	2	5	3
17	31	20	27	29	25
4	6	2	7	6	7
32	38	50	44	52	27
8	10	16	26	23	18
49	42	42	49	48	40
893	1104	1107	1247	1148	796
2	1	1	1	3	0
71	74	79	135	113	82
658	698	593	624	581	524
0	0	0	4	0	0
1271	1721	1409	1551	1457	1059
102	123	112	159	139	89
29780	36041	36748	38436	31139	24199
234	310	225	199	243	191
22	15	23	22	10	16
731	808	685	728	857	623
110	126	162	155	112	93
93	158	196	204	172	109
1	1	5	3	5	2
87	73	95	111	84	93
0	3	7	1	5	0
46837	48077	77943	48267	46954	41224
16884	19650	30528	19503	20192	15651
144170	162723	234003	164361	148129	120067
9991	11432	17099	11494	10784	9283
23867	29798	40660	30797	27436	20232
6745	8242	10634	7908	4815	3802
42507	44282	67390	48267	42350	36391
0	1	0	1	0	0
2	4	3	6	0	0
2	1	5	8	0	3
91	115	129	115	106	93
12	5	9	8	8	9
0	1	0	1	0	0
0	1	0	1	0	0
0	2	2	1	2	0
2	4	1	0	0	0
2	4	10	2	2	3
930	1434	1543	1427	1287	872
205	203	240	219	208	209
13	13	19	17	7	12
