tf,condition,primetime_logFC,chromVAR_dif,primetime_sign,chromVAR_sign,primetime_pval_adj,chromVAR_pval_adj
AHR::ARNT,Chiron_removal,-0.143413457053819,-0.002649559880394592,NS,NS,0.908130000950612,0.849032979238393
AHR::ARNT,FOXA1_overexpression,0.328294657978282,0.014248456437556938,NS,NS,0.92869572764428,0.18858150492632292
AHR::ARNT,LIF_removal_24h,-0.306137016034605,0.013189112856350004,NS,NS,0.624311823964817,0.14671534321325785
AHR::ARNT,POU5F1_degradation,-0.22756029238387,0.012751616808442803,NS,NS,0.652642869048641,0.07270810770695665
AHR::ARNT,SOX2_degradation,-0.397736064830295,0.027490341256044305,NS,Upregulated,0.311129664481955,2.966516391011139e-4
AHR::ARNT,Serum,-0.278201607391952,0.010019659292600874,NS,NS,0.220945763555256,0.6180134095865403
AHR::ARNT,Forskolin,-0.126518026430182,0.013214586945465038,NS,NS,0.664735117957934,0.67589823935099
AHR::ARNT,Heat_shock,-0.108523637172716,0.022043217355125173,NS,Upregulated,0.569265210173949,0.016914099468669428
AHR::ARNT,LIF_removal_1h,-0.525085759967338,0.0035452865080661186,NS,NS,0.902470035765118,0.9967208797546465
AHR::ARNT,LIF_removal_3h,0.0728168753597656,0.00925851114958454,NS,NS,0.941411719001189,0.9990609479484573
AHR::ARNT,LIF_removal_6h,0.172306887596952,0.006709557530265449,NS,NS,0.585474944051297,0.9972264321673686
AHR::ARNT,mNPC_differentiation,-0.215376817243776,0.014446464230162652,NS,NS,0.310326328757336,0.06523491577306635
AHR::ARNT,TFCP2L1_knockdown,0.224621619326697,0.02296519300143651,NS,NS,0.407557745794002,0.11011455457640937
AR,Chiron_removal,-0.0412839618756966,0.009573973759713597,NS,NS,0.968371354433597,0.7113708224802776
AR,FOXA1_overexpression,0.861779721941016,-0.0036003257736025376,NS,NS,0.789720059729306,0.8370377253209992
AR,LIF_removal_24h,0.329265700542341,4.419223899572314e-4,NS,NS,0.768745598943699,0.9742796780951672
AR,POU5F1_degradation,-0.828312213882648,0.015113207355493647,NS,NS,0.252296003771503,0.32458443531237846
AR,SOX2_degradation,0.544500415062547,0.003097564725621991,NS,NS,0.571482764304678,0.8427805047208303
AR,Serum,0.0955613861587954,-0.0054342172417402,NS,NS,0.722563468863308,0.9517175066834885
AR,Forskolin,-0.15249881424066,0.0065291981092954,NS,NS,0.596195974639501,0.9681364143246259
AR,Heat_shock,0.749759893664163,-0.028806496644572997,Upregulated,NS,8.02064187682987e-5,0.1373186540427959
AR,LIF_removal_1h,0.294388301969924,0.0018311151920778748,NS,NS,0.932201579881635,0.9967208797546465
AR,LIF_removal_3h,0.0379192367321269,0.010824927701406497,NS,NS,0.962348152841308,0.9990609479484573
AR,LIF_removal_6h,0.318128525561585,0.013574254598321494,NS,NS,0.45859884875666,0.9972264321673686
AR,mNPC_differentiation,0.564975223893727,-0.02262052068098211,NS,NS,0.0111585100807568,0.1607094395889738
AR,TFCP2L1_knockdown,0.275924355036773,0.009986533033598274,NS,NS,0.357129154853888,0.9451855424841861
ATF2,Chiron_removal,0.236525043943328,-0.006239647580472416,NS,NS,0.908130000950612,0.8586879062073746
ATF2,FOXA1_overexpression,0.577136501420924,0.024811844774856057,NS,NS,0.922631756910257,0.7747498597074288
ATF2,LIF_removal_24h,0.707574981263899,0.016930242003281658,NS,NS,0.392037494231172,0.579930792618031
ATF2,POU5F1_degradation,-0.490708114323791,0.08375588925997743,NS,Upregulated,0.620399033732159,2.9210031938238593e-4
ATF2,SOX2_degradation,-0.754690920877808,0.09023941505987584,NS,Upregulated,0.323968297792402,7.310141407092974e-5
ATF2,Serum,0.386199157640155,0.016840377957536415,NS,NS,0.048821198910752,0.8585517871460399
ATF2,Forskolin,0.069894176883494,0.020155912292300307,NS,NS,0.800456935908377,0.8351111067758511
ATF2,Heat_shock,0.278040371512567,0.025844143820227546,NS,NS,0.180504366766146,0.3530161867622956
ATF2,LIF_removal_1h,-0.147567744710529,-3.5652898765047014e-4,NS,NS,0.932201579881635,0.9967208797546465
ATF2,LIF_removal_3h,0.160221336465406,0.002924012336893756,NS,NS,0.884335268735684,0.9990609479484573
ATF2,LIF_removal_6h,0.134900528243749,0.00762401653134611,NS,NS,0.705556703168765,0.9972264321673686
ATF2,mNPC_differentiation,2.60945328839663,0.11175790441429531,Upregulated,Upregulated,7.57576591702512e-17,1.7743934753942828e-5
ATF2,TFCP2L1_knockdown,-0.0291447847583985,0.023693785839047722,NS,NS,0.949428193153183,0.9451855424841861
ATF4,Chiron_removal,0.0332175947217956,-0.015920006931942232,NS,NS,0.908130000950612,0.624823844522862
ATF4,FOXA1_overexpression,-0.436733079575817,0.02018065532011423,NS,NS,0.82062655765857,0.4398927525756454
ATF4,LIF_removal_24h,0.351381897344822,0.006657135549507448,NS,NS,0.0706582714740318,0.8513529197036497
ATF4,POU5F1_degradation,-0.449969740021172,0.09582197517814497,NS,Upregulated,0.252296003771503,1.0406500647112954e-5
ATF4,SOX2_degradation,1.28125915421513,0.09541276464790274,Upregulated,Upregulated,9.6277852818743e-8,6.995515164828863e-6
ATF4,Serum,0.384687994919952,0.025270362236141687,NS,NS,0.0264525969243475,0.6180134095865403
ATF4,Forskolin,0.418099212631292,0.024884191001407742,NS,NS,0.0433957529662045,0.8015285467688589
ATF4,Heat_shock,-0.209300775278994,0.06344682645042696,NS,Upregulated,0.190069381960383,0.006200108932616141
ATF4,LIF_removal_1h,-0.206327399737551,0.004971449161410631,NS,NS,0.918319072311947,0.9967208797546465
ATF4,LIF_removal_3h,-0.0717320582250654,0.006503710450432677,NS,NS,0.928017973129343,0.9990609479484573
ATF4,LIF_removal_6h,-0.0418863870121654,0.011870775330728403,NS,NS,0.876253386824243,0.9972264321673686
ATF4,mNPC_differentiation,-0.345252547783838,0.11557598339451855,NS,Upregulated,0.0897862492600027,1.4985187697246868e-6
ATF4,TFCP2L1_knockdown,-0.00649045948425098,0.02031532906710154,NS,NS,0.994241358064554,0.9451855424841861
ATF6,Chiron_removal,0.0859203222272394,-0.00706768952970399,NS,NS,0.908130000950612,0.7530667305908444
ATF6,FOXA1_overexpression,0.586997578970789,0.013844360280132369,NS,NS,0.789720059729306,0.7747498597074288
ATF6,LIF_removal_24h,-0.0366274100686756,0.008443581049349103,NS,NS,0.980345129532246,0.7008808153459658
ATF6,POU5F1_degradation,0.870714888477544,0.019623786908735914,NS,NS,0.0755353404880841,0.1442379168314173
ATF6,SOX2_degradation,1.23597555756838,0.04324181138172527,Upregulated,Upregulated,2.18467743528801e-5,0.0015424481819951126
ATF6,Serum,0.334204205222628,0.0028153093955123427,NS,NS,0.0602543432567036,0.9517175066834885
ATF6,Forskolin,1.13864819330107,0.026512807119862626,Upregulated,NS,8.67975065446629e-8,0.67589823935099
ATF6,Heat_shock,-0.554986946246092,-3.548786791897976e-4,Downregulated,NS,0.00206112210525314,0.989656590604974
ATF6,LIF_removal_1h,-0.523419568717997,-0.003672026386843835,NS,NS,0.758425703361982,0.9967208797546465
ATF6,LIF_removal_3h,0.00859032264789372,0.001878962485693048,NS,NS,0.984763658191153,0.9990609479484573
ATF6,LIF_removal_6h,-0.109879388014416,-0.001299078412873687,NS,NS,0.707654528191483,0.9972264321673686
ATF6,mNPC_differentiation,-0.813184163825669,0.034931146344952695,Downregulated,Upregulated,3.5274069404266e-4,0.02039605378233441
ATF6,TFCP2L1_knockdown,0.208362286593154,0.0068107754494831476,NS,NS,0.418148666035748,0.9451855424841861
CEBPA,Chiron_removal,-0.182771238353846,0.002222270897117986,NS,NS,0.908130000950612,0.9291199963894756
CEBPA,FOXA1_overexpression,-0.782237679464532,0.07502946719923631,NS,NS,0.789720059729306,0.4788353239860636
CEBPA,LIF_removal_24h,0.0405329118211827,0.03638837834527881,NS,NS,0.988405941782305,0.18757626227424531
CEBPA,POU5F1_degradation,-0.332502448380041,0.061789765481418235,NS,Upregulated,0.701636315408747,0.006785024355276414
CEBPA,SOX2_degradation,1.26155198200388,0.07076365559683587,NS,Upregulated,0.102761924022039,0.0013831796537057074
CEBPA,Serum,0.0169771826184666,0.01225388366896948,NS,NS,0.950041600602559,0.916538091579
CEBPA,Forskolin,-0.0225676684881397,0.019404535264154834,NS,NS,0.927057200252658,0.8360084871427297
CEBPA,Heat_shock,0.336720773496451,-0.027062001736252783,NS,NS,0.0472371404368099,0.35479935212486075
CEBPA,LIF_removal_1h,0.0265126783806111,0.020731515066038382,NS,NS,0.986010299900544,0.9967208797546465
CEBPA,LIF_removal_3h,0.090771216083844,0.01769152673150195,NS,NS,0.927518162808151,0.9990609479484573
CEBPA,LIF_removal_6h,0.120122812762381,0.005223597801836774,NS,NS,0.705556703168765,0.9972264321673686
CEBPA,mNPC_differentiation,0.981742794813418,0.11648829984545928,Upregulated,Upregulated,1.66874667475359e-5,2.080225728323342e-5
CEBPA,TFCP2L1_knockdown,0.0728381779872334,0.0016782065670273155,NS,NS,0.848545318525105,0.9844654444247022
CEBPB,Chiron_removal,0.00470682280947144,0.020945126241511725,NS,NS,0.990636637755619,0.5682053278449876
CEBPB,FOXA1_overexpression,0.464339839113154,0.04931434622556932,NS,NS,0.789720059729306,0.4788353239860636
CEBPB,LIF_removal_24h,-0.141983120390307,0.021978468528201935,NS,NS,0.768745598943699,0.3684504228333427
CEBPB,POU5F1_degradation,-0.196122468967471,0.042998315730906136,NS,Upregulated,0.55808781469597,0.022530771507262907
CEBPB,SOX2_degradation,-0.419540194969811,0.02403945073670966,NS,NS,0.102761924022039,0.19215813153844571
CEBPB,Serum,-0.209764293045964,0.021478874868620698,NS,NS,0.458827123185263,0.8067923298553594
CEBPB,Forskolin,-0.0193498020133498,0.017279440354858056,NS,NS,0.940011051437551,0.8351111067758511
CEBPB,Heat_shock,-0.626378961351586,0.018080488146933207,Downregulated,NS,0.00365609623806083,0.49210673959360796
CEBPB,LIF_removal_1h,-0.173257501667081,0.004975313958317438,NS,NS,0.932201579881635,0.9967208797546465
CEBPB,LIF_removal_3h,-0.0355089711338847,0.021034238014199635,NS,NS,0.971859608156162,0.9990609479484573
CEBPB,LIF_removal_6h,0.0891775153819161,0.017418498993630523,NS,NS,0.789676869403813,0.9972264321673686
CEBPB,mNPC_differentiation,-1.11352548054134,0.20161612912034568,Downregulated,Upregulated,4.6979569799751e-4,1.168947468406304e-10
CEBPB,TFCP2L1_knockdown,0.0361335771001845,0.015605295049375217,NS,NS,0.945290474301951,0.9451855424841861
CLOCK,Chiron_removal,-1.20436302065945,0.019607033669010513,Downregulated,NS,0.00111693801332066,0.4649690746170821
CLOCK,FOXA1_overexpression,-1.41604149221581,0.04509587456850256,NS,NS,0.213085877604381,0.7747498597074288
CLOCK,LIF_removal_24h,-0.399384429634678,0.001682168142307818,NS,NS,0.31857278348172,0.9567074446425562
CLOCK,POU5F1_degradation,-0.511538466142,0.009508975459987568,NS,NS,0.0891896047848227,0.5434209117064923
CLOCK,SOX2_degradation,0.447373220594909,-0.0018366382550231986,NS,NS,0.0928322498105826,0.8922690340383836
CLOCK,Serum,-0.378136235812719,-0.0017458144004525644,NS,NS,0.0407434951351652,0.972072074307946
CLOCK,Forskolin,1.24707070207297,0.022846618471165158,Upregulated,NS,8.67975065446629e-8,0.8015285467688589
CLOCK,Heat_shock,-1.11429119532472,0.0938113230777537,Downregulated,Upregulated,3.28218513802538e-6,6.633140147706096e-6
CLOCK,LIF_removal_1h,0.0202993482139658,0.003301963206132549,NS,NS,0.978707603082499,0.9967208797546465
CLOCK,LIF_removal_3h,-0.0259505244628303,0.0015481680546246296,NS,NS,0.971859608156162,0.9990609479484573
CLOCK,LIF_removal_6h,0.0661707498823325,0.005374160381774088,NS,NS,0.795410260872647,0.9972264321673686
CLOCK,mNPC_differentiation,-2.7312519777522,-0.03698135855272176,Downregulated,Downregulated,2.7666716828556896e-11,0.020778541810528652
CLOCK,TFCP2L1_knockdown,-0.171337904488156,0.012698195665894883,NS,NS,0.494098207084412,0.9451855424841861
CREB1,Chiron_removal,-0.066387078543894,-0.004400225295091693,NS,NS,0.908130000950612,0.8873181759329664
CREB1,FOXA1_overexpression,1.0680333356336,0.03143069010376286,NS,NS,0.213085877604381,0.7490158888992825
CREB1,LIF_removal_24h,0.563131689336171,0.025476147182126506,NS,NS,0.0151140820198106,0.41211883763949725
CREB1,POU5F1_degradation,0.521575756302145,0.08501731613037297,NS,Upregulated,0.161561530358856,6.846887887002306e-4
CREB1,SOX2_degradation,-0.526328824451998,0.0955972837497181,Downregulated,Upregulated,0.00700113090421863,1.2345698896568555e-4
CREB1,Serum,0.688038200440145,0.01680589040175804,Upregulated,NS,0.00342184283382406,0.8708738109832502
CREB1,Forskolin,1.81815523144497,0.027256342205164402,Upregulated,NS,7.0279107976412e-9,0.8015285467688589
CREB1,Heat_shock,0.1748306317085,0.03652229352861662,NS,NS,0.380190852240883,0.23284715759052463
CREB1,LIF_removal_1h,0.405499281923877,-6.047556622615219e-4,NS,NS,0.709892979811474,0.9967208797546465
CREB1,LIF_removal_3h,0.289582903270087,4.959330436246079e-4,NS,NS,0.672542266954426,0.9990609479484573
CREB1,LIF_removal_6h,0.399068600144948,0.009104148840676972,NS,NS,0.438034625924758,0.9972264321673686
CREB1,mNPC_differentiation,-0.483186287822433,0.10342004874710536,NS,Upregulated,0.0518813498397629,1.9927359843285606e-4
CREB1,TFCP2L1_knockdown,0.376599826433912,0.02775230647924993,NS,NS,0.332453983409833,0.9451855424841861
E2F1,Chiron_removal,0.361757939141423,0.016214155362503917,NS,NS,0.297047016807896,0.5878240919735946
E2F1,FOXA1_overexpression,-1.03702556049333,0.04999966089741338,NS,NS,0.086936499032718,0.5393383648204009
E2F1,LIF_removal_24h,0.176964677910692,0.036005933075086455,NS,NS,0.682813233196246,0.056149176616780386
E2F1,POU5F1_degradation,-1.24806400229095,0.03727653179730531,Downregulated,Upregulated,1.10645406465621e-6,0.01863005496734308
E2F1,SOX2_degradation,-1.7313269042549,0.025088217139256297,Downregulated,NS,3.01574995380698e-10,0.09294590353500957
E2F1,Serum,-0.416444876811496,0.004380589957834344,Downregulated,NS,0.0032788681912037,0.9517175066834885
E2F1,Forskolin,-0.527430162038316,1.3894449515316695e-4,Downregulated,NS,0.00171011653668499,0.9982454964048935
E2F1,Heat_shock,-0.73994698075782706,0.01559064722837533,Downregulated,NS,2.11892023152349e-5,0.4673413796979875
E2F1,LIF_removal_1h,-0.0601018829927322,-0.0096740178344801,NS,NS,0.932201579881635,0.9967208797546465
E2F1,LIF_removal_3h,-0.0991715479983155,-0.0021529823771285796,NS,NS,0.86802305667349,0.9990609479484573
E2F1,LIF_removal_6h,0.0466339782497785,-2.8318199363287777e-4,NS,NS,0.811234350158928,0.9972264321673686
E2F1,mNPC_differentiation,-3.20806927429423,0.016289928683080306,Downregulated,NS,1.96439962052076e-13,0.3299694990517411
E2F1,TFCP2L1_knockdown,-0.421018502751068,0.008077599183631112,NS,NS,0.0281064276558288,0.9451855424841861
EGR1,Chiron_removal,-0.127985139660588,0.0047124080650039896,NS,NS,0.908130000950612,0.784262364816185
EGR1,FOXA1_overexpression,-0.198043670571164,0.008396460715636593,NS,NS,0.92869572764428,0.7953684861383196
EGR1,LIF_removal_24h,-1.00791280313094,-0.00524847233259849,NS,NS,0.131046942847728,0.756027857836633
EGR1,POU5F1_degradation,-0.86987487567869,0.01851918073942727,NS,NS,0.365989549531941,0.06254305434172133
EGR1,SOX2_degradation,-1.13994872582932,0.01726701273775586,NS,NS,0.0112219253628252,0.07188178294123161
EGR1,Serum,2.64537807138255,0.009873649120226789,Upregulated,NS,1.41405955752552e-11,0.8552617658543936
EGR1,Forskolin,-0.582739815963366,3.561660271479989e-4,NS,NS,0.0333110605372589,0.9982454964048935
EGR1,Heat_shock,0.267656491316656,0.015036592141032278,NS,NS,0.117252990347268,0.25063545109931057
EGR1,LIF_removal_1h,0.146256378380531,-0.0026397819461542495,NS,NS,0.932201579881635,0.9967208797546465
EGR1,LIF_removal_3h,0.0676475215498912,-7.805611307756359e-4,NS,NS,0.941411719001189,0.9990609479484573
EGR1,LIF_removal_6h,0.133556655921167,-0.007005276396624345,NS,NS,0.642112526782556,0.9972264321673686
EGR1,mNPC_differentiation,-0.393887043948326,0.03564515765407362,NS,Upregulated,0.060757004655006,0.001954177353776681
EGR1,TFCP2L1_knockdown,0.057877185287042,-0.0017100561948012278,NS,NS,0.867989986349093,0.963724134899497
ELK1,Chiron_removal,-0.0392720815364906,5.2560034515731e-4,NS,NS,0.908130000950612,0.9761062798313263
ELK1,Serum,-0.274812814537874,0.013190427323659494,NS,NS,0.123040538920686,0.8552617658543936
ELK1,Forskolin,-0.137637547470241,0.004649689183265152,NS,NS,0.506896185859356,0.9681364143246259
ELK1,Heat_shock,-0.328577447862073,-0.01991582700606997,NS,NS,0.0271367643500858,0.3402411160102197
ELK1,LIF_removal_1h,-0.0624069333463705,-0.006023978643577756,NS,NS,0.932201579881635,0.9967208797546465
ELK1,LIF_removal_24h,0.252289940659698,0.029453006085727373,NS,NS,0.415520040853831,0.12313597215569504
ELK1,LIF_removal_3h,0.126993086799407,-0.0016049424179972634,NS,NS,0.86802305667349,0.9990609479484573
ELK1,LIF_removal_6h,0.194596965342645,6.837588098092262e-5,NS,NS,0.533305518051098,0.9972264321673686
ELK1,mNPC_differentiation,0.688803926836293,0.08140681846290418,Upregulated,Upregulated,0.00129295084666068,1.9852675177416413e-5
ELK1,SOX2_degradation,-0.445705373178629,0.0771781897418932,NS,Upregulated,0.0255337778512205,1.0988623820564863e-5
ELK1,TFCP2L1_knockdown,0.174607864030336,0.004108708951971213,NS,NS,0.407557745794002,0.963724134899497
ELK1_A,FOXA1_overexpression,0.126108151666294,NA,NS,NA,0.92869572764428,NA
ELK1_A,POU5F1_degradation,0.560972560659074,NA,Upregulated,NA,0.00231409442228531,NA
ELK1_B,FOXA1_overexpression,-0.208552514891924,NA,NS,NA,0.922631756910257,NA
ELK1_B,POU5F1_degradation,-0.166001658409328,NA,NS,NA,0.55808781469597,NA
ESR1,Chiron_removal,-0.34295936639021,-0.015514609468945478,NS,NS,0.908130000950612,0.17666897892738082
ESR1,FOXA1_overexpression,0.971359570332107,5.149056252988504e-4,NS,NS,0.797866376144013,0.7490158888992825
ESR1,LIF_removal_24h,-0.300107473128551,-0.027572703120408014,NS,Downregulated,0.812619426714483,0.006231334989688779
ESR1,POU5F1_degradation,-0.0061841572158941,0.02077312451135998,NS,Upregulated,0.998183087815994,0.006785024355276414
ESR1,SOX2_degradation,0.120665073199239,0.022153600470688588,NS,Upregulated,0.858968577418159,0.0027316758082766984
ESR1,Serum,0.0688553387877174,-0.0178778612382966,NS,NS,0.79170321070972,0.17846571111885282
ESR1,Forskolin,0.0854585661976259,1.775346491896014e-4,NS,NS,0.735113616830221,0.9982454964048935
ESR1,Heat_shock,0.77568645671919,0.039316852773251754,Upregulated,Upregulated,7.39334525634666e-5,1.0441726782909949e-4
ESR1,LIF_removal_1h,0.364804079143786,0.0042985540777484114,NS,NS,0.918319072311947,0.9967208797546465
ESR1,LIF_removal_3h,0.0888960748324598,-0.0033066146299415965,NS,NS,0.89918293817698,0.9990609479484573
ESR1,LIF_removal_6h,0.0337188175976233,-0.017952857250575008,NS,NS,0.901840921210465,0.549014057977543
ESR1,mNPC_differentiation,0.647208302306004,-0.08722356849223732,NS,Downregulated,0.013885421332508,1.759191465735776e-11
ESR1,TFCP2L1_knockdown,0.122512082653452,-0.007266522362804897,NS,NS,0.682044658219212,0.9451855424841861
ESRRB,Chiron_removal,0.635061512832989,-0.021591285311696608,Upregulated,NS,0.00662890456700209,0.4649690746170821
ESRRB,Serum,-0.0693347668415113,-0.053732314193733435,NS,Downregulated,0.722563468863308,0.034145970825212944
ESRRB,Forskolin,0.248486903900656,-0.002289139659755083,NS,NS,0.161675345118865,0.9982454964048935
ESRRB,FOXA1_overexpression,0.402630347638422,0.006267215591263319,NS,NS,0.789720059729306,0.8622678245079521
ESRRB,Heat_shock,0.838651611132644,0.14928100028748784,Upregulated,Upregulated,3.77511094356477e-6,5.996808291077042e-9
ESRRB,LIF_removal_1h,0.0749848791798785,0.013635204327696961,NS,NS,0.932201579881635,0.9967208797546465
ESRRB,LIF_removal_24h,0.134860906440826,-0.056369435396032314,NS,Downregulated,0.768745598943699,0.006231334989688779
ESRRB,LIF_removal_3h,0.204366540089655,-0.004407520743094796,NS,NS,0.672542266954426,0.9990609479484573
ESRRB,LIF_removal_6h,0.285637206344576,-0.020398976977926156,NS,NS,0.317182468473736,0.9900224097324921
ESRRB,mNPC_differentiation,-1.333135786001,-0.24737609363540977,Downregulated,Downregulated,1.05233624341262e-7,3.414480861669184e-14
ESRRB,POU5F1_degradation,-0.146134125836905,0.003811265608887244,NS,NS,0.696790721196656,0.8138834788852818
ESRRB,SOX2_degradation,-1.95402300038977,-0.058520097591451145,Downregulated,Downregulated,5.59737123925227e-8,3.3715820660035125e-4
ESRRB,TFCP2L1_knockdown,-0.208656053392753,-0.01938419053033512,NS,NS,0.418148666035748,0.9451855424841861
ETS2,Chiron_removal,0.179100676905392,0.012926257846765762,NS,NS,0.908130000950612,0.6589854866644699
ETS2,FOXA1_overexpression,-1.31206095051387,0.07434902455765588,NS,NS,0.789720059729306,0.47834243610031113
ETS2,LIF_removal_24h,0.272203541949365,0.024987634690487294,NS,NS,0.824105336145308,0.25517201129246264
ETS2,POU5F1_degradation,0.222677206875625,0.02957485458703487,NS,NS,0.846572753454252,0.08076286463917878
ETS2,SOX2_degradation,1.89189737088598,0.06340873462609156,Upregulated,Upregulated,5.9379360494177e-4,3.914341754368403e-4
ETS2,Serum,-0.0653701271820228,0.0056400453836506475,NS,NS,0.861980064550013,0.9517175066834885
ETS2,Forskolin,-0.11923506309747,-0.005569899901068792,NS,NS,0.735113616830221,0.9681364143246259
ETS2,Heat_shock,0.241045047477209,-0.026002204361285617,NS,NS,0.277038269628505,0.25063545109931057
ETS2,LIF_removal_1h,-0.486119207899105,-0.011004336839447737,NS,NS,0.856605853241138,0.9967208797546465
ETS2,LIF_removal_3h,-0.0926488096962155,-0.0014099239289937088,NS,NS,0.92661924613285,0.9990609479484573
ETS2,LIF_removal_6h,-0.0417899642645029,0.008038906050713966,NS,NS,0.901840921210465,0.9972264321673686
ETS2,mNPC_differentiation,3.09967816122559,0.09109449391710754,Upregulated,Upregulated,1.24279832347176e-18,2.2839710258947626e-5
ETS2,TFCP2L1_knockdown,-0.0524326610456067,0.00714331901141305,NS,NS,0.923006195966558,0.9451855424841861
FOS::JUN,Chiron_removal,-0.466767276757013,0.0038173354262720643,NS,NS,0.182383825142532,0.8835985234540152
FOS::JUN,FOXA1_overexpression,0.474413037115839,0.06470526018430754,NS,NS,0.671825225493959,0.10294415984291148
FOS::JUN,LIF_removal_24h,-0.398335363866176,-0.04392515381095009,NS,NS,0.291143786948877,0.056149176616780386
FOS::JUN,POU5F1_degradation,1.04104901730996,0.07047244351876128,Upregulated,Upregulated,3.5715013893478e-4,6.644412962414075e-4
FOS::JUN,SOX2_degradation,0.480760366539388,0.05540195344345077,NS,Upregulated,0.0341148969020267,0.0031213179565797037
FOS::JUN,Serum,1.49624158115953,0.10798686714205581,Upregulated,Upregulated,4.1640955737428e-11,3.433242405276258e-4
FOS::JUN,Forskolin,1.12044845768536,0.048627733317424246,Upregulated,NS,9.17139827147474e-9,0.3960255728694819
FOS::JUN,Heat_shock,-0.398438635667955,0.04111560996609252,Downregulated,NS,0.00293358945862256,0.08602470410916324
FOS::JUN,LIF_removal_1h,-0.0260806660873941,-0.007883167343788303,NS,NS,0.978707603082499,0.9967208797546465
FOS::JUN,LIF_removal_3h,0.152556178427574,-6.106266048169495e-4,NS,NS,0.672542266954426,0.9990609479484573
FOS::JUN,LIF_removal_6h,0.147505674362091,-0.0039792496198560665,NS,NS,0.533305518051098,0.9972264321673686
FOS::JUN,mNPC_differentiation,0.266860832328691,0.147674266800844,NS,Upregulated,0.104618051209122,4.050334132460402e-8
FOS::JUN,TFCP2L1_knockdown,0.0975641765893717,0.002332671184550595,NS,NS,0.592241145386977,0.9744275698663154
FOSL1,Chiron_removal,0.0168070313054625,-0.015172244843997915,NS,NS,0.948826322066587,0.5581339513765601
FOSL1,FOXA1_overexpression,0.825015290575286,-0.009019467660484228,NS,NS,0.279449248096178,0.9976522362495521
FOSL1,LIF_removal_24h,-0.177279582511632,-0.0027465738393484176,NS,NS,0.682813233196246,0.919771315091135
FOSL1,POU5F1_degradation,0.579649036171998,0.05390767496161294,NS,Upregulated,0.0891896047848227,2.560690331842486e-4
FOSL1,SOX2_degradation,-0.376975537288597,0.054968009433394846,NS,Upregulated,0.119127476246147,1.033518138274764e-4
FOSL1,Serum,-0.247089032103281,-0.0026029917452846402,NS,NS,0.0694905416572889,0.9517175066834885
FOSL1,Forskolin,0.302902689126288,0.01447669273709424,NS,NS,0.0837247666781763,0.8015285467688589
FOSL1,Heat_shock,-0.40678105125794,0.015800139248261874,Downregulated,NS,0.00630159153581901,0.36608014970047914
FOSL1,LIF_removal_1h,0.0211051706680508,-0.004416237163603143,NS,NS,0.986010299900544,0.9967208797546465
FOSL1,LIF_removal_3h,0.0147365683655697,0.009842038868672971,NS,NS,0.984763658191153,0.9990609479484573
FOSL1,LIF_removal_6h,0.086530235495075,0.009678913724267841,NS,NS,0.678563577410635,0.9972264321673686
FOSL1,mNPC_differentiation,-0.310015456048974,0.02601338027154504,NS,NS,0.065289096231956,0.0673153626058608
FOSL1,TFCP2L1_knockdown,0.0681248384757365,0.013136269577822771,NS,NS,0.758442033547021,0.9451855424841861
FOXA1,Chiron_removal,-0.346189813155033,0.014927625195215413,NS,NS,0.843494006530403,0.18124392723050578
FOXA1,FOXA1_overexpression,3.99358818535591,0.23385131806356638,Upregulated,Upregulated,0.00635746711040553,2.319252926993119e-19
FOXA1,LIF_removal_24h,-0.653446653685081,0.02076293445239508,NS,Upregulated,0.31857278348172,0.02540292853046204
FOXA1,POU5F1_degradation,0.580792003512075,-0.009617966128248034,NS,NS,0.505634085049571,0.1826032775796517
FOXA1,SOX2_degradation,0.487842108757551,-0.016343527094144418,NS,Downregulated,0.336249942457815,0.02104151583625568
FOXA1,Serum,0.0909715015079399,-0.00914329813765695,NS,NS,0.78387486156696,0.7418039476758472
FOXA1,Forskolin,0.164827120004693,0.007781827081400885,NS,NS,0.664735117957934,0.8016676930934444
FOXA1,Heat_shock,0.722545540963071,-0.004288832357033102,NS,NS,0.0153740181176103,0.7129896064915634
FOXA1,LIF_removal_1h,0.400334211661059,-0.0015079283203203262,NS,NS,0.821903708456973,0.9967208797546465
FOXA1,LIF_removal_3h,0.121952163601968,-0.002854402481128048,NS,NS,0.910647543770054,0.9990609479484573
FOXA1,LIF_removal_6h,0.181950656828904,3.984515841366368e-4,NS,NS,0.638265149569028,0.9972264321673686
FOXA1,mNPC_differentiation,1.0395435925083,0.06592937030810345,Upregulated,Upregulated,4.8554946919289e-4,4.4543959224986734e-9
FOXA1,TFCP2L1_knockdown,0.159525779289953,-0.0016886271979799587,NS,NS,0.616641025748658,0.963724134899497
FOXO1,Chiron_removal,0.110183435650613,-0.0016884459865809179,NS,NS,0.908130000950612,0.8906940699253507
FOXO1,FOXA1_overexpression,0.547196161618587,0.06714867194440487,NS,Upregulated,0.92869572764428,4.995882291645195e-4
FOXO1,LIF_removal_24h,0.110361105539358,0.024288567169254975,NS,NS,0.84182677613822,0.050478181107892345
FOXO1,POU5F1_degradation,-0.383080212033694,0.030704916959825062,NS,Upregulated,0.694348875996288,0.00374707511788672
FOXO1,SOX2_degradation,-0.437110977558121,0.04111578170571651,NS,Upregulated,0.525342095481583,1.321863741992206e-4
FOXO1,Serum,-0.0555981590073244,0.009418173544657673,NS,NS,0.807842122262047,0.8552617658543936
FOXO1,Forskolin,-0.402803812661707,0.016071335652665008,NS,NS,0.0698384180847273,0.8015285467688589
FOXO1,Heat_shock,0.496955399786565,0.01722608881010458,Upregulated,NS,0.00199674535408488,0.1868220562703343
FOXO1,LIF_removal_1h,-0.168943064300336,-0.0038812899090385836,NS,NS,0.923016082670136,0.9967208797546465
FOXO1,LIF_removal_3h,-0.0345324560272005,0.007292684758125688,NS,NS,0.948797978487585,0.9990609479484573
FOXO1,LIF_removal_6h,0.0309215722448455,0.008230317571291291,NS,NS,0.901840921210465,0.9972264321673686
FOXO1,mNPC_differentiation,0.503478058898836,0.07954228687289834,NS,Upregulated,0.0281894131856522,3.774906902780582e-8
FOXO1,TFCP2L1_knockdown,0.0402594698160485,0.0069515989153725415,NS,NS,0.926318681766063,0.9451855424841861
GATA1,Chiron_removal,0.0695810593344579,-0.0039031027530730495,NS,NS,0.908130000950612,0.8654149824712218
GATA1,FOXA1_overexpression,-0.115888140283639,0.014463064655574119,NS,NS,0.9678307207156,0.47834243610031113
GATA1,LIF_removal_24h,-0.155706296458268,-0.003783915171631064,NS,NS,0.785376171246892,0.88647356047514
GATA1,POU5F1_degradation,0.0826311147218985,0.04601359636555375,NS,Upregulated,0.939042585085944,0.0016787487004992633
GATA1,SOX2_degradation,-0.721103149943192,0.022116300751978832,NS,NS,0.146252798398673,0.09321714244960824
GATA1,Serum,-0.267685756605911,-0.007735880846578816,NS,NS,0.151887866610967,0.916538091579
GATA1,Forskolin,-0.185510150866439,0.0037663993568184803,NS,NS,0.450822228876544,0.9681364143246259
GATA1,Heat_shock,0.204419656968453,-5.103436238412776e-4,NS,NS,0.131375683671124,0.989656590604974
GATA1,LIF_removal_1h,0.397908895145537,-5.270111009829702e-4,NS,NS,0.615102425574056,0.9967208797546465
GATA1,LIF_removal_3h,0.238682509937318,0.009410593825267089,NS,NS,0.672542266954426,0.9990609479484573
GATA1,LIF_removal_6h,0.162962060417046,-0.016466369716763164,NS,NS,0.587914025556574,0.9907498573814619
GATA1,mNPC_differentiation,-0.111058338959621,-0.12054030811433528,NS,Downregulated,0.525619297852306,5.573817591985627e-9
GATA1,TFCP2L1_knockdown,0.219593953747702,-0.02019402163888329,NS,NS,0.416109564289721,0.9451855424841861
GATA3,Chiron_removal,0.311661078465941,-0.006698171302223934,NS,NS,0.908130000950612,0.7113708224802776
GATA3,FOXA1_overexpression,3.37470294897257,0.04060448751768142,NS,NS,0.086936499032718,0.09944383467112651
GATA3,LIF_removal_24h,0.435792493047471,0.0036388540664565178,NS,NS,0.761975290896259,0.8549681514967399
GATA3,POU5F1_degradation,-0.828404407729663,0.04122809103142601,NS,Upregulated,0.43657381650942,3.4303965548800237e-4
GATA3,SOX2_degradation,-0.188215431284925,0.019576593598343454,NS,NS,0.807150419109337,0.05010973313427454
GATA3,Serum,0.17982887424603,-0.0025119832989348462,NS,NS,0.592731043503094,0.9517175066834885
GATA3,Forskolin,-0.184951312043079,0.011621070859815077,NS,NS,0.584074666080654,0.8015285467688589
GATA3,Heat_shock,0.278489964793591,0.018089191519681774,NS,NS,0.169754973747699,0.18392929843452469
GATA3,LIF_removal_1h,0.150833384726252,0.005601060865896581,NS,NS,0.932201579881635,0.9967208797546465
GATA3,LIF_removal_3h,0.0792814043192328,0.01486408201675355,NS,NS,0.941411719001189,0.9990609479484573
GATA3,LIF_removal_6h,0.168541791363987,0.010315850670466057,NS,NS,0.683217397042394,0.9972264321673686
GATA3,mNPC_differentiation,1.03529338052481,-0.12425252067615195,Upregulated,Downregulated,6.2843570539759e-4,1.4708954951960776e-11
GATA3,TFCP2L1_knockdown,0.0288488719558385,-0.01883048962864818,NS,NS,0.950884552876781,0.9451855424841861
GATA4,Chiron_removal,-0.132439263584176,-9.063972353687971e-4,NS,NS,0.801236930285329,0.9472990363440517
GATA4,FOXA1_overexpression,-0.98764799924488,0.04657348071201513,NS,NS,0.421065485740562,0.10341436998718244
GATA4,LIF_removal_24h,0.0441545203959633,-0.012812262683193118,NS,NS,0.886248731931273,0.4425768176383107
GATA4,POU5F1_degradation,-0.741017110072785,0.045467982921186846,Downregulated,Upregulated,0.00462471831235906,6.846887887002306e-4
GATA4,SOX2_degradation,-0.252015925281753,0.04041505399670273,NS,Upregulated,0.130145879978054,0.0012221531249364044
GATA4,Serum,-0.523270765867856,-0.009352062377455311,Downregulated,NS,0.00442437101968551,0.8708738109832502
GATA4,Forskolin,-0.312716680401995,0.006306355900790549,NS,NS,0.10743502829085,0.9681364143246259
GATA4,Heat_shock,-1.68191100664369,0.0536420127728698,Downregulated,Upregulated,9.9980507388448e-8,0.0010885950309837164
GATA4,LIF_removal_1h,-0.1445966085129,-0.013885440000028604,NS,NS,0.923016082670136,0.9967208797546465
GATA4,LIF_removal_3h,-0.0495245320639562,-0.002639064769798574,NS,NS,0.941411719001189,0.9990609479484573
GATA4,LIF_removal_6h,-0.0488833350764707,0.003077157444478038,NS,NS,0.847685360720486,0.9972264321673686
GATA4,mNPC_differentiation,-3.04249554337721,-0.094449053716888845,Downregulated,Downregulated,4.27874682571484e-13,6.1433879264519e-8
GATA4,TFCP2L1_knockdown,-0.192699930963022,-0.008472610490048861,NS,NS,0.430729877820719,0.9451855424841861
GBX2,Chiron_removal,0.529087049093384,0.011689909706857068,NS,NS,0.0120953255215188,0.61443629483598206
GBX2,FOXA1_overexpression,0.767688367860788,-0.07641445661520677,NS,Downregulated,0.789720059729306,8.229266740942026e-4
GBX2,LIF_removal_24h,0.264567122213536,-0.023181050057277722,NS,NS,0.31857278348172,0.14381522159318263
GBX2,POU5F1_degradation,-0.540579677563603,-0.03126518335964594,NS,Downregulated,0.192240597521956,0.014768330659586673
GBX2,SOX2_degradation,-2.08738491512726,-0.030036754838588677,Downregulated,Downregulated,1.0340855519712e-7,0.013146629116923811
GBX2,Serum,2.2741511087635e-4,0.0027624164723164327,NS,NS,0.998980054615421,0.9517175066834885
GBX2,Forskolin,0.0833606491643279,-0.006965660132999206,NS,NS,0.796221184247031,0.9681364143246259
GBX2,Heat_shock,0.245640303169547,-0.05580679242739414,NS,Downregulated,0.19190127842344,8.642892543103974e-4
GBX2,LIF_removal_1h,0.215103555658586,0.003459638328069014,NS,NS,0.932201579881635,0.9967208797546465
GBX2,LIF_removal_3h,0.53259790139629,-0.003174612870250058,NS,NS,0.306304898440413,0.9990609479484573
GBX2,LIF_removal_6h,0.522925765580548,-0.017017859071409232,NS,NS,0.252546210204418,0.9900224097324921
GBX2,mNPC_differentiation,-0.700314189943958,0.07052047061564849,NS,Upregulated,0.0132644282832073,9.611460087240523e-6
GBX2,TFCP2L1_knockdown,0.0881029594391901,-0.01686513620602096,NS,NS,0.831811140216594,0.9451855424841861
GLI1,Chiron_removal,0.274090676007199,0.0018874983754448987,NS,NS,0.423277604798234,0.8835985234540152
GLI1,Serum,-0.185894487662945,-0.004687420737783709,NS,NS,0.328761326068509,0.9421461768246958
GLI1,Forskolin,-0.386531465339608,-0.01577097440867093,NS,NS,0.0600639687229716,0.67589823935099
GLI1,FOXA1_overexpression,0.307903094943009,-0.0768635261578113,NS,Downregulated,0.922631756910257,7.842792686532867e-6
GLI1,Heat_shock,0.602600507357341,4.471092306262796e-5,Upregulated,NS,5.9761572167138e-4,0.9960316541123533
GLI1,LIF_removal_1h,0.170821508578554,7.333840326521415e-4,NS,NS,0.923016082670136,0.9967208797546465
GLI1,LIF_removal_24h,0.477092888063752,0.023923224260083385,NS,Upregulated,0.14513774469412,0.0326863887892933
GLI1,LIF_removal_3h,0.00356509796034341,0.009094071367317725,NS,NS,0.984763658191153,0.9990609479484573
GLI1,LIF_removal_6h,0.116646167236582,0.004814798111987753,NS,NS,0.683217397042394,0.9972264321673686
GLI1,mNPC_differentiation,-0.227958206389658,-0.08259146997218203,NS,Downregulated,0.244433086099456,2.57619840372675e-9
GLI1,POU5F1_degradation,-0.322062968265895,-0.03319976110396402,NS,Downregulated,0.620399033732159,6.846887887002306e-4
GLI1,SOX2_degradation,-0.499068938482184,-0.05434393440689633,NS,Downregulated,0.0255337778512205,8.472926277289417e-7
GLI1,TFCP2L1_knockdown,0.222960912007833,-0.013975674580194516,NS,NS,0.407557745794002,0.9451855424841861
GRHL1,Chiron_removal,-0.642273489484658,-0.058088809842175286,Downregulated,Downregulated,0.00650473336501761,0.0072695129356603804
GRHL1,FOXA1_overexpression,-0.493498152409824,0.02403406334053087,NS,NS,0.797866376144013,0.7936633891140812
GRHL1,LIF_removal_24h,-0.99762985188839,-0.02494909298134674,Downregulated,NS,6.4617113609168e-4,0.25517201129246264
GRHL1,POU5F1_degradation,-1.75062615721425,-0.0029167639986000596,Downregulated,NS,1.43491785069173e-5,0.8715220111430408
GRHL1,SOX2_degradation,-0.204629777944335,0.0653955181254895,NS,Upregulated,0.35639058712591,3.23247526449256e-4
GRHL1,Serum,-0.135028992954192,-0.012768623774602054,NS,NS,0.592731043503094,0.8708738109832502
GRHL1,Forskolin,-0.520442502149201,0.0334274335172351,NS,NS,0.0252964256622352,0.67589823935099
GRHL1,Heat_shock,-0.499650176068452,-0.0866265307530552,Downregulated,Downregulated,0.00427612567382066,2.299038158788457e-4
GRHL1,LIF_removal_1h,-0.105568950693649,0.009466662122694118,NS,NS,0.932201579881635,0.9967208797546465
GRHL1,LIF_removal_3h,0.0157380304685483,-0.008555943714242996,NS,NS,0.984763658191153,0.9990609479484573
GRHL1,LIF_removal_6h,-0.00820514677912535,6.562590615610932e-4,NS,NS,0.973286817510173,0.9972264321673686
GRHL1,mNPC_differentiation,-1.23818317384746,-0.09485391088793436,Downregulated,Downregulated,2.4839265818618e-7,1.4373832675513626e-5
GRHL1,TFCP2L1_knockdown,-1.37814199852754,-0.0588660387972913,Downregulated,NS,1.51335907362676e-7,0.09581714672559943
HIF1A,Chiron_removal,0.28198857144626,-0.010112522142502738,NS,NS,0.351852639194024,0.5581339513765601
HIF1A,FOXA1_overexpression,0.0353056559093325,-0.006206130326408651,NS,NS,0.9678307207156,0.7747498597074288
HIF1A,LIF_removal_24h,-0.00255291865825059,0.02077667766405214,NS,NS,0.988405941782305,0.056149176616780386
HIF1A,POU5F1_degradation,-0.502865614264656,0.00484975330556616,NS,NS,0.37557624446745,0.6050663257776604
HIF1A,SOX2_degradation,-0.958102514046326,0.006377327898648843,Downregulated,NS,8.30825072739651e-5,0.46789258822145785
HIF1A,Serum,-0.405059582033127,0.013178639788179005,Downregulated,NS,0.00202508819276789,0.5752607689382614
HIF1A,Forskolin,-0.163198660917035,0.009615239277137764,NS,NS,0.410277691344872,0.8015285467688589
HIF1A,Heat_shock,-0.20987849676377,0.033564271072762206,NS,Upregulated,0.132434398490874,0.0029621800339762073
HIF1A,LIF_removal_1h,-0.221374804560949,0.0042297020624178245,NS,NS,0.923016082670136,0.9967208797546465
HIF1A,LIF_removal_3h,0.0817334522492681,0.013722234186513898,NS,NS,0.884205695569746,0.9990609479484573
HIF1A,LIF_removal_6h,0.0492758954488566,0.003322258681567573,NS,NS,0.789676869403813,0.9972264321673686
HIF1A,mNPC_differentiation,-1.29912207501425,-0.02809649071581614,Downregulated,Downregulated,5.34910273180013e-8,0.004927693562177867
HIF1A,TFCP2L1_knockdown,0.0161821493757761,0.010483487374771814,NS,NS,0.949428193153183,0.9451855424841861
HNF1A,Chiron_removal,-0.0808490838075263,0.013912397070587956,NS,NS,0.908130000950612,0.26412399151909105
HNF1A,FOXA1_overexpression,-1.23263001237812,0.028410123681024857,NS,NS,0.893231578489261,0.10632751506986864
HNF1A,LIF_removal_24h,-0.52374212390943,0.02582889397439796,NS,Upregulated,0.405005078301245,0.012665020008081514
HNF1A,POU5F1_degradation,-0.804204542306218,-0.019072407249728852,NS,Downregulated,0.620399033732159,0.021716542249042774
HNF1A,SOX2_degradation,0.615531815307768,6.80890707776975e-4,NS,NS,0.296318217141997,0.918854694324089
HNF1A,Serum,-0.448665492937637,0.004579344607550128,NS,NS,0.279132791630254,0.916538091579
HNF1A,Forskolin,0.17453332882264,-4.933548370157103e-4,NS,NS,0.62222688874659,0.9982454964048935
HNF1A,Heat_shock,-0.573380626013151,-0.010357662507088467,NS,NS,0.0317142538711285,0.34793540353359353
HNF1A,LIF_removal_1h,0.0971632177441893,-1.0793905042690705e-4,NS,NS,0.932201579881635,0.9967208797546465
HNF1A,LIF_removal_3h,-0.0709210386110309,0.0033351644703580033,NS,NS,0.962348152841308,0.9990609479484573
HNF1A,LIF_removal_6h,0.0503282718113138,-0.003236566977882765,NS,NS,0.93086229787534,0.9972264321673686
HNF1A,mNPC_differentiation,-2.07212573403066,0.012335254413992752,Downregulated,NS,3.60424837179747e-6,0.1607094395889738
HNF1A,TFCP2L1_knockdown,0.116122107614118,-0.001267180966003244,NS,NS,0.848545318525105,0.963724134899497
HNF4A,Chiron_removal,-0.0619238800436152,-0.009852811301999071,NS,NS,0.908130000950612,0.5869403246403412
HNF4A,FOXA1_overexpression,1.81203477807367,-0.01751862919483558,NS,NS,0.679063970513105,0.10341436998718244
HNF4A,LIF_removal_24h,-0.106369737062612,-0.018397267352526604,NS,NS,0.785376171246892,0.11133673430198167
HNF4A,POU5F1_degradation,1.34675377402059,0.004505484626180554,NS,NS,0.0733754744683463,0.6502856834544644
HNF4A,SOX2_degradation,-0.979715747151637,-0.048713069690366095,Downregulated,Downregulated,3.165914604463e-4,6.995515164828863e-6
HNF4A,Serum,-0.218472902687703,-0.029022727570114856,NS,NS,0.313598888012664,0.06324659314911356
HNF4A,Forskolin,0.0809802508715098,2.0373220001637313e-5,NS,NS,0.732926761185336,0.9982454964048935
HNF4A,Heat_shock,-0.38825217409969,0.023298579324861627,NS,Upregulated,0.0255047282918493,0.04750146793270103
HNF4A,LIF_removal_1h,-0.058759412842133,0.0015234983840535909,NS,NS,0.974078750991532,0.9967208797546465
HNF4A,LIF_removal_3h,0.132772753503351,-0.002272105911745141,NS,NS,0.874902412697374,0.9990609479484573
HNF4A,LIF_removal_6h,0.20338177511048,-0.020179821468601575,NS,NS,0.533305518051098,0.6085347332480323
HNF4A,mNPC_differentiation,-1.25313557371431,-0.1013796111187072,Downregulated,Downregulated,1.71858080768699e-6,8.171614061097122e-11
HNF4A,TFCP2L1_knockdown,0.0478841744810087,-0.0058356221321619875,NS,NS,0.867989986349093,0.9451855424841861
HOMEZ,Chiron_removal,0.18997337307279,0.004283654637674328,NS,NS,0.908130000950612,0.8777681576597088
HOMEZ,FOXA1_overexpression,-1.34197937413192,0.03910205975123544,NS,NS,0.922631756910257,0.8016897778518431
HOMEZ,LIF_removal_24h,0.326160147561439,0.015420275263662887,NS,NS,0.914065452334078,0.5502031183453447
HOMEZ,POU5F1_degradation,-1.4193766204606,0.024315466172233603,NS,NS,0.481420166913038,0.16215082609311254
HOMEZ,SOX2_degradation,-2.17232699881178,0.033804440316119844,NS,Upregulated,0.052997332472424,0.04590128113490467
HOMEZ,Serum,-0.0545859225379282,0.01310071972971863,NS,NS,0.909518325976253,0.8708738109832502
HOMEZ,Forskolin,0.0152127890461713,0.0070474015192896165,NS,NS,0.97037440198142,0.9681364143246259
HOMEZ,Heat_shock,0.531710188610601,0.02906489130826891,NS,NS,0.0307532957304708,0.20553759176629377
HOMEZ,LIF_removal_1h,0.718455657221583,0.007440310787421651,NS,NS,0.709892979811474,0.9967208797546465
HOMEZ,LIF_removal_3h,0.37118460290732,-0.006682311868737328,NS,NS,0.672542266954426,0.9990609479484573
HOMEZ,LIF_removal_6h,0.469909265276996,-0.009651154665166996,NS,NS,0.444388578361643,0.9972264321673686
HOMEZ,mNPC_differentiation,-0.491521327359746,0.1176724847565491,NS,Upregulated,0.128640482816145,6.261674313745034e-7
HOMEZ,TFCP2L1_knockdown,0.555100903483804,0.01913756330514039,NS,NS,0.242479509002446,0.9451855424841861
HSF1,Chiron_removal,-0.676575058590382,-0.007454361365582952,NS,NS,0.285631010498879,0.624823844522862
HSF1,FOXA1_overexpression,1.35308266553686,0.04562949482288112,NS,NS,0.789720059729306,0.05723705475379788
HSF1,LIF_removal_24h,-0.451930015427365,-0.011803274875212235,NS,NS,0.452935337312247,0.3017597569945026
HSF1,POU5F1_degradation,0.300936129380838,0.039223882934762845,NS,Upregulated,0.620399033732159,1.3309807942013348e-4
HSF1,SOX2_degradation,0.673542043777729,0.07573168258451979,NS,Upregulated,0.311129664481955,1.7060511872494305e-9
HSF1,Serum,-0.146505215140295,-0.00846232553231165,NS,NS,0.592731043503094,0.8552617658543936
HSF1,Forskolin,0.136190592517061,-0.011097133006263148,NS,NS,0.694703803121313,0.8015285467688589
HSF1,Heat_shock,5.98245028181948,0.09278982677827091,Upregulated,Upregulated,9.08033364925286e-23,1.6907035497170565e-9
HSF1,LIF_removal_1h,0.567104906475024,-0.0030115683604935136,NS,NS,0.379866164458962,0.9967208797546465
HSF1,LIF_removal_3h,0.236263647699663,-3.401364218731089e-4,NS,NS,0.730512097997482,0.9990609479484573
HSF1,LIF_removal_6h,0.222558487306929,-0.006511899133584627,NS,NS,0.585474944051297,0.9972264321673686
HSF1,mNPC_differentiation,0.342392251679481,0.024964619008880688,NS,Upregulated,0.129669679609447,0.01334898230655306
HSF1,TFCP2L1_knockdown,0.370584423401872,-0.0017698865341411758,NS,NS,0.263584646905987,0.963724134899497
IRF1,Chiron_removal,-0.841615094679527,-0.004912040680409633,NS,NS,0.409833045666911,0.7474107990133397
IRF1,FOXA1_overexpression,0.0665056194427014,-7.27514816923451e-5,NS,NS,0.971156371146452,0.4801155388067512
IRF1,LIF_removal_24h,-0.646402233547858,0.006178319587832416,NS,NS,0.452935337312247,0.6725064295491626
IRF1,POU5F1_degradation,0.0433619380471148,0.019302494494392284,NS,Upregulated,0.984251096088978,0.030595146010506988
IRF1,SOX2_degradation,-0.234011776177196,0.023144516173448204,NS,Upregulated,0.709825190908595,0.008288992459553272
IRF1,Serum,-0.143855255102993,0.0028255747538438493,NS,NS,0.58939424056589,0.9517175066834885
IRF1,Forskolin,-0.554624293367531,0.0038436123454104647,NS,NS,0.0293012347830407,0.9681364143246259
IRF1,Heat_shock,0.381960192305028,0.0019103785957886293,NS,NS,0.106593977096429,0.9223061656733618
IRF1,LIF_removal_1h,-0.143116479984662,0.0027897737456026635,NS,NS,0.932201579881635,0.9967208797546465
IRF1,LIF_removal_3h,0.0624018559009192,-0.003955223475011984,NS,NS,0.941411719001189,0.9990609479484573
IRF1,LIF_removal_6h,0.0869638565886067,-0.006596202767113651,NS,NS,0.794299955754805,0.9972264321673686
IRF1,mNPC_differentiation,0.541828125060667,0.07339548653485746,NS,Upregulated,0.020895225350599,1.7962232011987303e-8
IRF1,TFCP2L1_knockdown,0.153224828533247,0.005797465593856283,NS,NS,0.553072105451196,0.9451855424841861
IRF3,Chiron_removal,-0.619194619066102,-0.007456636511959113,NS,NS,0.240497322608023,0.6589854866644699
IRF3,FOXA1_overexpression,-0.745720533820395,0.013447552954296553,NS,NS,0.82062655765857,0.8016897778518431
IRF3,LIF_removal_24h,-0.562512896289499,0.0023780444886795874,NS,NS,0.34835373234529,0.9106791517539704
IRF3,POU5F1_degradation,1.08670368542708,0.025475437387428572,NS,Upregulated,0.0895861196300131,0.014031266514537757
IRF3,SOX2_degradation,1.46641100024235,0.029902786140278505,Upregulated,Upregulated,3.32415910796484e-6,0.002991372036049693
IRF3,Serum,-0.211862738416549,0.008512383258010145,NS,NS,0.550029443862824,0.8552617658543936
IRF3,Forskolin,-0.140218742919975,0.006714313475698662,NS,NS,0.657349972971015,0.9681364143246259
IRF3,Heat_shock,-0.794547592367807,0.02047231383735428,Downregulated,NS,0.00162786027933393,0.11169532696285574
IRF3,LIF_removal_1h,-0.220080502423281,0.004739493825152371,NS,NS,0.932201579881635,0.9967208797546465
IRF3,LIF_removal_3h,0.0825453549033061,-0.004312960218368123,NS,NS,0.941411719001189,0.9990609479484573
IRF3,LIF_removal_6h,0.119119884529951,-0.00916393776336525,NS,NS,0.789676869403813,0.9972264321673686
IRF3,mNPC_differentiation,2.07727278212223,0.071293966049537,Upregulated,Upregulated,9.027271530591e-8,2.583942013872879e-7
IRF3,TFCP2L1_knockdown,0.462218639936305,0.008445074455570857,NS,NS,0.217201267901146,0.9451855424841861
IRX3,Chiron_removal,0.593361676378424,-0.017310478957284946,NS,NS,0.628725718119776,0.4063855140202114
IRX3,Serum,-0.192938148529662,-0.0056005887439092164,NS,NS,0.526739680978155,0.942650531837139
IRX3,Forskolin,-0.347797633432723,-0.015319016222210324,NS,NS,0.240709959163954,0.8015285467688589
IRX3,FOXA1_overexpression,0.739896396038023,-0.0025442023045280093,NS,NS,0.923104213148729,0.2866404198079901
IRX3,Heat_shock,-0.0900021103021321,0.010659989420331448,NS,NS,0.67324520198115,0.5200516057861981
IRX3,LIF_removal_1h,-0.611987558748585,-0.012767805660163875,NS,NS,0.709892979811474,0.9967208797546465
IRX3,LIF_removal_24h,-0.0405007097622731,-0.007725249118336031,NS,NS,0.988405941782305,0.681051117711011
IRX3,LIF_removal_3h,0.0296854969315159,-0.023654423619159138,NS,NS,0.984763658191153,0.9990609479484573
IRX3,LIF_removal_6h,0.0611484968116009,-0.0042175147662381965,NS,NS,0.861793619198995,0.9972264321673686
IRX3,mNPC_differentiation,-0.251181475342328,0.04817729078698715,NS,Upregulated,0.34823549928981,4.516100894900744e-4
IRX3,POU5F1_degradation,-1.14521997250582,0.02941994370706781,NS,Upregulated,0.620399033732159,0.014031266514537757
IRX3,SOX2_degradation,0.605876177131067,0.038640214607250215,NS,Upregulated,0.56969594091143,0.0011389938292433672
IRX3,TFCP2L1_knockdown,-0.00347888317542358,0.0030317484937394494,NS,NS,0.995887257620177,0.963724134899497
KLF4,Chiron_removal,0.300065832852085,-0.0106257400938232,NS,NS,0.0504601180351061,0.61443629483598206
KLF4,FOXA1_overexpression,-0.103028971654681,0.004780928378673681,NS,NS,0.92869572764428,0.9521766524725884
KLF4,LIF_removal_24h,-0.280329977056105,-0.031466469635658925,NS,Downregulated,0.131046942847728,0.025584980936915264
KLF4,POU5F1_degradation,-1.40949622897044,-0.015619728968154504,Downregulated,NS,0.0034801987341565,0.16215082609311254
KLF4,SOX2_degradation,-1.65172711628996,-0.00631241688430217,Downregulated,NS,2.0468834276375e-12,0.5844167804115087
KLF4,Serum,-0.226329464378411,0.004676943182448404,NS,NS,0.0520188278843501,0.9517175066834885
KLF4,Forskolin,-0.420189229105378,0.0053329579300024086,Downregulated,NS,0.00166226483159956,0.9681364143246259
KLF4,Heat_shock,-0.294750659874401,0.04496331770074812,NS,Upregulated,0.0346725543478819,0.00204634320146718
KLF4,LIF_removal_1h,-0.100325206668997,0.004414576053457687,NS,NS,0.923016082670136,0.9967208797546465
KLF4,LIF_removal_3h,-0.0430715417473411,-0.007999411365197957,NS,NS,0.941411719001189,0.9990609479484573
KLF4,LIF_removal_6h,-0.1535659222573,-0.010664529858477824,NS,NS,0.523330243592412,0.9972264321673686
KLF4,mNPC_differentiation,-2.19717344414463,-0.09695542856839597,Downregulated,Downregulated,1.09289903297712e-11,9.138428621849534e-9
KLF4,TFCP2L1_knockdown,-0.261342498777604,-0.004712869086731526,NS,NS,0.180448840273506,0.9451855424841861
MAF::NFE2,Chiron_removal,0.14239456904099,-0.007085016265465601,NS,NS,0.83037504193506,0.7400327432847673
MAF::NFE2,FOXA1_overexpression,0.126426506521005,0.019562203191953204,NS,NS,0.934471774660713,0.4788353239860636
MAF::NFE2,LIF_removal_24h,0.152577664519611,-0.02093818094246487,NS,NS,0.682813233196246,0.1793644214215753
MAF::NFE2,POU5F1_degradation,0.431172951857115,0.0337303311436599,NS,Upregulated,0.445595774930785,0.008043087397938863
MAF::NFE2,SOX2_degradation,0.755575209469839,0.015778722697058246,Upregulated,NS,1.1684935343974e-4,0.19215813153844571
MAF::NFE2,Serum,-0.375806294045676,0.031226189759402223,Downregulated,NS,0.00310006886986044,0.1776512980849143
MAF::NFE2,Forskolin,-0.646322130838705,0.017726047601140747,Downregulated,NS,1.7207083623989e-4,0.8015285467688589
MAF::NFE2,Heat_shock,-1.11034592561073,0.004372155001814234,Downregulated,NS,3.22283618228422e-6,0.8395940150446333
MAF::NFE2,LIF_removal_1h,-0.0882595931500379,-0.0017083793631838713,NS,NS,0.932201579881635,0.9967208797546465
MAF::NFE2,LIF_removal_3h,-0.0928579723829092,-0.0014748612736193278,NS,NS,0.86802305667349,0.9990609479484573
MAF::NFE2,LIF_removal_6h,-0.0364895201807738,-0.004060812441528632,NS,NS,0.847685360720486,0.9972264321673686
MAF::NFE2,mNPC_differentiation,0.910007187572099,0.004043591565626921,Upregulated,NS,1.44168048710412e-6,0.7650758348898917
MAF::NFE2,TFCP2L1_knockdown,0.153626784030189,0.0025653274853833065,NS,NS,0.421992504717877,0.963724134899497
MEF2A,Chiron_removal,-0.112064095408347,-0.0034771028338542176,NS,NS,0.908130000950612,0.849032979238393
MEF2A,LIF_removal_24h,0.567323849448761,0.008271827936462268,NS,NS,0.0248318878397752,0.579930792618031
MEF2A,POU5F1_degradation,0.916482494806322,0.051429205917042725,NS,Upregulated,0.494007620094485,1.6914999641723115e-5
MEF2A,SOX2_degradation,2.18797730259022,0.04358663956859858,Upregulated,Upregulated,1.6091309240812102e-15,8.709445318813858e-5
MEF2A,Serum,0.0438324424098828,0.00902682861890352,NS,NS,0.866828405212337,0.8552617658543936
MEF2A,Forskolin,-2.5826244239153,0.003276519473328649,Downregulated,NS,4.03987221746689e-13,0.9681364143246259
MEF2A,FOXA1_overexpression,-1.02282487703948,0.0047351459528433976,NS,NS,0.82062655765857,0.4398927525756454
MEF2A,Heat_shock,-0.656743953254949,0.04284481420052241,Downregulated,Upregulated,1.18681893982634e-5,0.0013849652445236226
MEF2A,LIF_removal_1h,-0.0216427525598041,-0.004280105106821426,NS,NS,0.978707603082499,0.9967208797546465
MEF2A,LIF_removal_3h,0.231823379928361,0.00655540576802531,NS,NS,0.415652851062661,0.9990609479484573
MEF2A,LIF_removal_6h,0.155998843581948,-5.377467708799211e-4,NS,NS,0.533305518051098,0.9972264321673686
MEF2A,mNPC_differentiation,-2.81507747133809,0.15844588515049496,Downregulated,Upregulated,1.96439962052076e-13,4.5160096328867915e-14
MEF2A,TFCP2L1_knockdown,0.304889566510571,0.011698856014970206,NS,NS,0.107411498994372,0.9451855424841861
MTF1,Chiron_removal,-0.138848724655746,-0.007233065175942115,NS,NS,0.539944160413636,0.7113708224802776
MTF1,FOXA1_overexpression,-0.614018389738924,0.03615117830139394,NS,NS,0.705293673547243,0.05723705475379788
MTF1,LIF_removal_24h,0.0064153995515425,0.015722911918038623,NS,NS,0.988405941782305,0.25517201129246264
MTF1,POU5F1_degradation,-0.777266706284095,-0.0030228999883264167,NS,NS,0.0256278546555252,0.8043197645624637
MTF1,SOX2_degradation,-0.682016098920347,0.009150756737281208,Downregulated,NS,1.09501262925726e-6,0.39991652864629484
MTF1,Serum,-0.411716378889755,0.0023815949932068717,Downregulated,NS,0.00558188681912057,0.9517175066834885
MTF1,Forskolin,0.170024532063383,0.01361669481058087,NS,NS,0.309078577245166,0.8015285467688589
MTF1,Heat_shock,0.510319847415962,0.012229794782120487,Upregulated,NS,0.00162786027933393,0.39819814465395204
MTF1,LIF_removal_1h,-0.147801219795287,0.006718958277211234,NS,NS,0.918319072311947,0.9967208797546465
MTF1,LIF_removal_3h,-0.00563015406805988,0.001847275408062607,NS,NS,0.984763658191153,0.9990609479484573
MTF1,LIF_removal_6h,-0.0189865614100409,-3.3054571845503485e-4,NS,NS,0.921178066445499,0.9972264321673686
MTF1,mNPC_differentiation,-1.74648220106218,0.004200573046041606,Downregulated,NS,7.40341076239372e-10,0.7266815537168279
MTF1,TFCP2L1_knockdown,0.0737215147214675,0.02895924321550821,NS,NS,0.732872569834651,0.28785308356944844
MYBL2,Chiron_removal,0.155188409943237,-0.0026832848305616093,NS,NS,0.897201161354868,0.8963424687177161
MYBL2,FOXA1_overexpression,0.671567331591446,0.029859110887807412,NS,NS,0.789720059729306,0.8530722529158625
MYBL2,LIF_removal_24h,-0.181690075143054,0.0018342182266497687,NS,NS,0.761975290896259,0.9567074446425562
MYBL2,POU5F1_degradation,-0.587027707830057,0.05046637377846928,NS,Upregulated,0.365989549531941,0.006321392976293227
MYBL2,SOX2_degradation,-0.127243200083679,0.04279071310078948,NS,Upregulated,0.781761354690026,0.012311125324253732
MYBL2,Serum,0.145444848718071,9.063475433843306e-4,NS,NS,0.518789515820026,0.9804067085384727
MYBL2,Forskolin,-0.2792591646609,0.025784713885018948,NS,NS,0.215580831352978,0.8015285467688589
MYBL2,Heat_shock,0.315522146080667,-0.010282552187324977,NS,NS,0.0272655435497635,0.7129896064915634
MYBL2,LIF_removal_1h,0.267684927570593,-0.007059561490891668,NS,NS,0.856605853241138,0.9967208797546465
MYBL2,LIF_removal_3h,0.33410822597784,-0.016044055286680792,NS,NS,0.415652851062661,0.9990609479484573
MYBL2,LIF_removal_6h,0.298214059173156,-0.024987495206547403,NS,NS,0.438034625924758,0.9900224097324921
MYBL2,mNPC_differentiation,0.492264831149135,0.052245680922051625,NS,Upregulated,0.0670370921698434,0.008136311875501439
MYBL2,TFCP2L1_knockdown,0.252847712950353,-0.0067873340452673184,NS,NS,0.321691478611502,0.9451855424841861
MYC,Chiron_removal,-0.637645275107996,-0.013800938034056682,NS,NS,0.079549700643007,0.5581339513765601
MYC,FOXA1_overexpression,-0.952473114049014,-0.03664520649970825,NS,NS,0.421065485740562,0.660151943418839
MYC,LIF_removal_24h,-0.14801813843074,0.00656449270689968,NS,NS,0.768745598943699,0.7457284857680705
MYC,POU5F1_degradation,-0.543167390606515,0.0032052165717663893,NS,NS,0.161561530358856,0.8044670061772201
MYC,SOX2_degradation,-0.343201794959849,-0.009465041616532551,NS,NS,0.150897223990351,0.42614860911999436
MYC,Serum,-0.463315761725352,2.903494764246603e-4,Downregulated,NS,7.1374461047764e-4,0.9804067085384727
MYC,Forskolin,0.642581811095745,0.020730354128653913,Upregulated,NS,7.47480993697556e-5,0.67589823935099
MYC,Heat_shock,-0.327278038679977,0.04699065625872769,NS,Upregulated,0.0198339775125855,0.00204634320146718
MYC,LIF_removal_1h,-0.0674614674282994,5.248004156360325e-4,NS,NS,0.960970707729181,0.9967208797546465
MYC,LIF_removal_3h,0.0891473991310109,-0.0012405527328406378,NS,NS,0.86802305667349,0.9990609479484573
MYC,LIF_removal_6h,0.124009993946237,0.0015395522701877106,NS,NS,0.533305518051098,0.9972264321673686
MYC,mNPC_differentiation,-1.02147806196781,-0.03829349770944357,Downregulated,Downregulated,1.77400654171531e-6,0.004382969235892491
MYC,TFCP2L1_knockdown,0.0641780817375564,0.01258392164357231,NS,NS,0.757045853616478,0.9451855424841861
NEUROG2,Chiron_removal,0.457104444078016,0.006959551240245159,NS,NS,0.908130000950612,0.8245675112296343
NEUROG2,FOXA1_overexpression,0.385866236928843,-0.023757800494390052,NS,NS,0.92869572764428,0.7936633891140812
NEUROG2,LIF_removal_24h,1.17633348323765,0.0018127907833178235,NS,NS,0.692667268161286,0.9567074446425562
NEUROG2,POU5F1_degradation,-0.817385447006519,0.009761206366135377,NS,NS,0.639150088336311,0.5731040982083694
NEUROG2,SOX2_degradation,-0.858895841884409,0.02229245708201467,NS,NS,0.676856959568105,0.1649021872274387
NEUROG2,Serum,-0.115394936453263,-0.013203661973569522,NS,NS,0.681336026325182,0.8585517871460399
NEUROG2,Forskolin,0.253614378968675,-0.005446691640579868,NS,NS,0.581607859272195,0.9681364143246259
NEUROG2,Heat_shock,0.787265690124847,-0.014068011075659578,Upregulated,NS,8.02064187682987e-5,0.5434801051050046
NEUROG2,LIF_removal_1h,0.599824997582664,-0.010409547519806495,NS,NS,0.709892979811474,0.9967208797546465
NEUROG2,LIF_removal_3h,0.236048075784366,-0.007604536958984466,NS,NS,0.838018209523585,0.9990609479484573
NEUROG2,LIF_removal_6h,0.239347020646283,0.00326691158605172,NS,NS,0.585474944051297,0.9972264321673686
NEUROG2,mNPC_differentiation,0.0456820272257474,0.11318234121666543,NS,Upregulated,0.853041065605782,3.362233033428209e-7
NEUROG2,TFCP2L1_knockdown,0.551868374256472,7.309138281403082e-4,NS,NS,0.164234845851854,0.9844654444247022
NFAT5,Chiron_removal,0.349535896674036,0.0027329033341904727,NS,NS,0.351852639194024,0.8654149824712218
NFAT5,FOXA1_overexpression,0.672088966037478,-0.001872752294506598,NS,NS,0.777623211132242,0.7117911894224829
NFAT5,LIF_removal_24h,0.0394061867214351,0.008255590843741781,NS,NS,0.97385159338697,0.5788828778308955
NFAT5,POU5F1_degradation,-0.605585228073933,-0.003095869210492181,NS,NS,0.418443669812802,0.7801685556276498
NFAT5,SOX2_degradation,-0.598420903702039,-0.005266380774816367,NS,NS,0.0800779133523964,0.5965198301940658
NFAT5,Serum,0.0760189074158146,0.0021178605276965384,NS,NS,0.787268293242213,0.9517175066834885
NFAT5,Forskolin,-0.145838608560726,-0.01177370740581346,NS,NS,0.62222688874659,0.8015285467688589
NFAT5,Heat_shock,0.447609841038404,0.02364122687405818,NS,NS,0.0169268822467915,0.06027448244578545
NFAT5,LIF_removal_1h,0.261089911646954,-0.0020556161669682063,NS,NS,0.902470035765118,0.9967208797546465
NFAT5,LIF_removal_3h,0.261446523899653,0.010139994247459351,NS,NS,0.672542266954426,0.9990609479484573
NFAT5,LIF_removal_6h,0.23183128787961,0.002297305026013864,NS,NS,0.533305518051098,0.9972264321673686
NFAT5,mNPC_differentiation,0.130437225435775,-0.004825719801771649,NS,NS,0.581840954440798,0.6812489937151613
NFAT5,TFCP2L1_knockdown,0.20101530914358,0.0016344360758084142,NS,NS,0.543081933012034,0.963724134899497
NFATC1,Chiron_removal,0.12688671901271,0.0027526928797574927,NS,NS,0.908130000950612,0.8835985234540152
NFATC1,FOXA1_overexpression,-0.036620296566701,-0.02132224353506529,NS,NS,0.9678307207156,0.7936633891140812
NFATC1,LIF_removal_24h,-0.0108497518514195,0.012853556472405435,NS,NS,0.988405941782305,0.4920310115551206
NFATC1,POU5F1_degradation,-0.379324058666725,0.00480106265914159,NS,NS,0.620399033732159,0.7616825811260772
NFATC1,SOX2_degradation,-1.21633637655967,0.008412190399423952,NS,NS,0.0448504140117224,0.5382537765211548
NFATC1,Serum,-0.103014613850764,5.527377597552653e-4,NS,NS,0.79170321070972,0.9804067085384727
NFATC1,Forskolin,0.1108667822139,-0.011781534527515862,NS,NS,0.735113616830221,0.8360084871427297
NFATC1,Heat_shock,0.353583267257033,-0.0076341256291849215,NS,NS,0.155670552455893,0.7145021273169818
NFATC1,LIF_removal_1h,0.355574576504309,-0.008750484919108693,NS,NS,0.856605853241138,0.9967208797546465
NFATC1,LIF_removal_3h,0.18881134402217,0.005670331764823695,NS,NS,0.86802305667349,0.9990609479484573
NFATC1,LIF_removal_6h,0.18920873853484,0.009253069582217574,NS,NS,0.707654528191483,0.9972264321673686
NFATC1,mNPC_differentiation,0.172875132129246,0.11161078040759165,NS,Upregulated,0.540518890535889,1.662767806363794e-8
NFATC1,TFCP2L1_knockdown,0.510818802417674,0.006935008555381365,NS,NS,0.26479518945754,0.9451855424841861
NFE2L2,Chiron_removal,-0.0625615895333675,-0.006804526542002231,NS,NS,0.843494006530403,0.7400327432847673
NFE2L2,FOXA1_overexpression,-0.0232271639073882,0.02118377496839199,NS,NS,0.9678307207156,0.4631234928738232
NFE2L2,LIF_removal_24h,0.148478886219685,-0.019775492459365756,NS,NS,0.437377907146796,0.18757626227424531
NFE2L2,POU5F1_degradation,-0.069595302982637,0.037956967122998134,NS,Upregulated,0.765556984448747,0.0028967510221058826
NFE2L2,SOX2_degradation,0.117230859481074,0.006330428812483713,NS,NS,0.361257324117451,0.5965198301940658
NFE2L2,Serum,0.0677010110557895,0.019563837273429165,NS,NS,0.743198792675046,0.5735095287122544
NFE2L2,Forskolin,-0.0888387165182588,0.01087438026716863,NS,NS,0.62222688874659,0.8351111067758511
NFE2L2,Heat_shock,-1.87118381141948,0.00184465287765662,Downregulated,NS,3.49749709539749e-8,0.9539250585383355
NFE2L2,LIF_removal_1h,-0.0689172791799503,-0.006111478706157708,NS,NS,0.932201579881635,0.9967208797546465
NFE2L2,LIF_removal_3h,0.0324918755119364,-0.0014234861983265447,NS,NS,0.948797978487585,0.9990609479484573
NFE2L2,LIF_removal_6h,0.163919445531733,-9.569037190134909e-4,NS,NS,0.533305518051098,0.9972264321673686
NFE2L2,mNPC_differentiation,0.13874596664651,0.01616237170782277,NS,NS,0.348736503652243,0.20937340343196223
NFE2L2,TFCP2L1_knockdown,-0.194652533497078,-0.005375165631379692,NS,NS,0.2933362764236,0.9451855424841861
NFIA,Chiron_removal,-0.163567520977098,-0.0026325543882425723,NS,NS,0.908130000950612,0.9291199963894756
NFIA,FOXA1_overexpression,1.00521636447969,-9.357875351238727e-4,NS,NS,0.671825225493959,0.8078198596684423
NFIA,LIF_removal_24h,0.176017614912435,-0.017768718682255852,NS,NS,0.826324614279522,0.6725064295491626
NFIA,POU5F1_degradation,-0.735732019987453,0.054398319705321635,NS,Upregulated,0.317692131943441,0.034519988546162166
NFIA,SOX2_degradation,0.486469101464879,0.02700809436386013,NS,NS,0.454715820529412,0.2942446421162132
NFIA,Serum,-0.0340972705041988,-0.01242249119806231,NS,NS,0.909518325976253,0.942650531837139
NFIA,Forskolin,-0.049294094087913,-0.003864991541382992,NS,NS,0.823683804096455,0.9982454964048935
NFIA,Heat_shock,0.593190709790193,0.013099108398707007,Upregulated,NS,1.3455452634236e-4,0.7464544885344635
NFIA,LIF_removal_1h,-0.048573186382848,0.001478348807605473,NS,NS,0.978707603082499,0.9967208797546465
NFIA,LIF_removal_3h,-0.0435143141708239,0.0019981429843766857,NS,NS,0.948797978487585,0.9990609479484573
NFIA,LIF_removal_6h,0.201084896678342,0.00868920056470725,NS,NS,0.533305518051098,0.9972264321673686
NFIA,mNPC_differentiation,1.09749070527563,0.8303619321617131,Upregulated,Upregulated,3.02890225010742e-5,1.4719689851397869e-21
NFIA,TFCP2L1_knockdown,0.100543379747071,0.002012663333160372,NS,NS,0.758442033547021,0.9844654444247022
NFKB1,Chiron_removal,0.0700987593893894,0.020781358714078397,NS,NS,0.908130000950612,0.18777298036336793
NFKB1,FOXA1_overexpression,0.507580281697836,0.022751210608427736,NS,NS,0.789720059729306,0.9600978523081293
NFKB1,LIF_removal_24h,1.54913997204642,-0.0034483317709950393,Upregulated,NS,1.81906470521528e-10,0.8602124501775661
NFKB1,POU5F1_degradation,1.28745508462138,-0.03001299827062671,Upregulated,Downregulated,3.5715013893478e-4,0.006785024355276414
NFKB1,SOX2_degradation,0.877079570145318,-0.04848521026385914,Upregulated,Downregulated,2.48272406286972e-6,4.6373587941314806e-5
NFKB1,Serum,1.89910423697817,0.002397419692934437,Upregulated,NS,2.63820106518651e-6,0.9517175066834885
NFKB1,Forskolin,0.423302043423619,-0.015440932765103142,NS,NS,0.247608896759926,0.8015285467688589
NFKB1,Heat_shock,0.074335012506492,-0.004714271947082668,NS,NS,0.805018854644843,0.7926860365486714
NFKB1,LIF_removal_1h,0.185207042496686,9.209597864008809e-4,NS,NS,0.932201579881635,0.9967208797546465
NFKB1,LIF_removal_3h,0.38928244481671,-0.014317806101981832,NS,NS,0.672542266954426,0.9990609479484573
NFKB1,LIF_removal_6h,0.31975069770728,-0.012438157808984825,NS,NS,0.587914025556574,0.9907498573814619
NFKB1,mNPC_differentiation,2.00521962292377,-0.0495177657624988,Upregulated,Downregulated,4.25671720206509e-6,1.1964684633282327e-4
NFKB1,TFCP2L1_knockdown,-0.183305969041785,-0.0091330679381429955,NS,NS,0.758442033547021,0.9451855424841861
NFYA,Chiron_removal,0.237039086511276,0.00831225575700046,NS,NS,0.908130000950612,0.6397590419776046
NFYA,FOXA1_overexpression,0.311342343627201,0.005578442797091857,NS,NS,0.934471774660713,0.660151943418839
NFYA,LIF_removal_24h,0.0192567554536646,0.016581440761374393,NS,NS,0.988405941782305,0.20363689135772067
NFYA,POU5F1_degradation,-0.101902485040619,0.04623025014270722,NS,Upregulated,0.942215100070178,1.1045070829799926e-4
NFYA,SOX2_degradation,-0.408251673897924,0.06055944689607731,NS,Upregulated,0.720958395023758,1.4608518287812003e-6
NFYA,Serum,-0.433673113111727,0.010133122012686117,Downregulated,NS,3.6224809129395e-4,0.8552617658543936
NFYA,Forskolin,-0.194166551338902,0.028449445315421602,NS,NS,0.175573729290138,0.3960255728694819
NFYA,Heat_shock,-0.59814215533593,-0.0010974730108707677,Downregulated,NS,8.02064187682987e-5,0.9745901527679885
NFYA,LIF_removal_1h,0.0462637381759936,-0.00487382616729677,NS,NS,0.932201579881635,0.9967208797546465
NFYA,LIF_removal_3h,-0.0426434088408517,0.002660090068693678,NS,NS,0.941411719001189,0.9990609479484573
NFYA,LIF_removal_6h,-0.0380173492766959,0.0017093563660730907,NS,NS,0.811234350158928,0.9972264321673686
NFYA,mNPC_differentiation,-1.08681250507348,0.1068805438243054,Downregulated,Upregulated,8.50811633398238e-7,2.891558742747293e-10
NFYA,TFCP2L1_knockdown,0.0512093740232532,0.010092578936360478,NS,NS,0.770224248424778,0.9451855424841861
NR1D1,Chiron_removal,-0.169723278169697,0.009728632828860554,NS,NS,0.908130000950612,0.7113708224802776
NR1D1,FOXA1_overexpression,NA,-0.027167995441425133,NA,NS,NA,0.6849150847116589
NR1D1,LIF_removal_24h,0.146000347074576,-0.022144714843709914,NS,NS,0.949011861382116,0.25517201129246264
NR1D1,POU5F1_degradation,NA,-0.009325681553525374,NA,NS,NA,0.5699916529233933
NR1D1,SOX2_degradation,0.834925961466474,0.015062949050369564,NS,NS,0.304529361885719,0.3182368173137159
NR1D1,Serum,-0.0480954137097451,-0.014501043526022583,NS,NS,0.866828405212337,0.8552617658543936
NR1D1,Forskolin,0.133512814884606,-0.006587200475568582,NS,NS,0.618053515614397,0.9681364143246259
NR1D1,Heat_shock,0.405630864195795,0.0023858257835321015,NS,NS,0.0267461755155373,0.9539250585383355
NR1D1,LIF_removal_1h,0.372613054665916,-0.012225726118706183,NS,NS,0.709892979811474,0.9967208797546465
NR1D1,LIF_removal_3h,0.100536352849797,-7.651989193964877e-4,NS,NS,0.89918293817698,0.9990609479484573
NR1D1,LIF_removal_6h,0.206150175995817,-0.001733270537257487,NS,NS,0.533305518051098,0.9972264321673686
NR1D1,mNPC_differentiation,0.348270572328854,-0.006920723642667223,NS,NS,0.17595027038587,0.6846670885540481
NR1D1,TFCP2L1_knockdown,0.299683059184166,1.502810376674546e-4,NS,NS,0.26479518945754,0.9921339521533115
NR1H2,Chiron_removal,NA,-0.024239904262026456,NA,NS,NA,0.18124392723050578
NR1H2,FOXA1_overexpression,NA,-0.044103040144442926,NA,NS,NA,0.4398927525756454
NR1H2,LIF_removal_24h,NA,-0.030526896397124685,NA,Downregulated,NA,0.04192421006958389
NR1H2,POU5F1_degradation,NA,5.618038960127328e-4,NA,NS,NA,0.962731876075828
NR1H2,SOX2_degradation,NA,-0.010788012267810699,NA,NS,NA,0.3747024315685996
NR1H2,Serum,-0.868289404245342,-0.026766804362532613,Downregulated,NS,9.2928663092461e-4,0.22829486260416046
NR1H2,Forskolin,-0.290568544641855,-0.003473003427601054,NS,NS,0.354275342440481,0.9681364143246259
NR1H2,Heat_shock,-0.748540997732476,0.015701591072189606,Downregulated,NS,0.00142395951809013,0.3402411160102197
NR1H2,LIF_removal_1h,-0.316871323549164,0.005457497745845821,NS,NS,0.856605853241138,0.9967208797546465
NR1H2,LIF_removal_3h,-0.342476715192489,-0.010462219219495555,NS,NS,0.624658591356984,0.9990609479484573
NR1H2,LIF_removal_6h,-0.551455652635512,-0.004968113889759564,NS,NS,0.118548316340882,0.9972264321673686
NR1H2,mNPC_differentiation,-2.87350261702411,-0.16089680339377432,Downregulated,Downregulated,1.57567210808458e-10,1.3453214528258136e-12
NR1H2,TFCP2L1_knockdown,0.0903683392106151,-0.00640226376110193,NS,NS,0.831811140216594,0.9451855424841861
NR1H4::RXRA,Chiron_removal,0.474423773471093,-0.00605851680355043,NS,NS,0.14667577344403,0.7261314494297186
NR1H4::RXRA,FOXA1_overexpression,0.0661859157020229,-0.0021071829276594657,NS,NS,0.9678307207156,0.8530722529158625
NR1H4::RXRA,LIF_removal_24h,-0.297611706802626,-0.02148679614241547,NS,NS,0.452935337312247,0.08238691546962375
NR1H4::RXRA,POU5F1_degradation,-0.393677113249086,0.01691813800893257,NS,NS,0.537928501940635,0.08104482642617994
NR1H4::RXRA,SOX2_degradation,-1.00227565835578,0.0039007468664672773,Downregulated,NS,0.00763755826734948,0.6937992138168085
NR1H4::RXRA,Serum,-0.183808982935703,-0.014250773141324086,NS,NS,0.18209618421468,0.6117603740500241
NR1H4::RXRA,Forskolin,0.132733594349726,-0.0040866581862860525,NS,NS,0.465115078572651,0.9681364143246259
NR1H4::RXRA,Heat_shock,0.363258080175221,0.012805900021993099,Upregulated,NS,0.00813935341051388,0.3402411160102197
NR1H4::RXRA,LIF_removal_1h,0.0373274832541185,0.005581028692282197,NS,NS,0.978707603082499,0.9967208797546465
NR1H4::RXRA,LIF_removal_3h,-0.0450502602066382,-0.008681782155800519,NS,NS,0.941411719001189,0.9990609479484573
NR1H4::RXRA,LIF_removal_6h,0.113850743526784,-0.002364790346676445,NS,NS,0.533305518051098,0.9972264321673686
NR1H4::RXRA,mNPC_differentiation,-1.41907120146537,-0.042738052384075215,Downregulated,Downregulated,1.70841817787017e-9,3.012561850072107e-4
NR1H4::RXRA,TFCP2L1_knockdown,-0.324956800333799,-0.009703243302403214,NS,NS,0.0621965607935096,0.9451855424841861
NR1I2,Chiron_removal,-0.46009425021625,-0.028936755696375105,NS,Downregulated,0.550542063691426,0.04544007333842627
NR1I2,FOXA1_overexpression,0.77894656755654,-0.04592871821979204,NS,NS,0.789720059729306,0.09944383467112651
NR1I2,LIF_removal_24h,-0.378313412932363,-0.006164234185599607,NS,NS,0.682813233196246,0.7318411590622022
NR1I2,POU5F1_degradation,0.0792682310330197,-0.0063035934692843645,NS,NS,0.939042585085944,0.5731040982083694
NR1I2,SOX2_degradation,-0.421264965635,0.004308432092031203,NS,NS,0.35639058712591,0.6894552972134745
NR1I2,Serum,-0.37779260068403,-0.016507911254109976,NS,NS,0.0461296094596588,0.5735095287122544
NR1I2,Forskolin,-0.554607732686386,0.005334576128530986,Downregulated,NS,0.00682945969306685,0.9681364143246259
NR1I2,Heat_shock,0.0612259153327254,3.4032964063752426e-4,NS,NS,0.739577286224062,0.989656590604974
NR1I2,LIF_removal_1h,-0.455573051775727,0.001910546630712543,NS,NS,0.902470035765118,0.9967208797546465
NR1I2,LIF_removal_3h,0.0028868847077924,-0.0023726548710099747,NS,NS,0.984763658191153,0.9990609479484573
NR1I2,LIF_removal_6h,-0.00581052748181503,-0.0019509754993098176,NS,NS,0.973286817510173,0.9972264321673686
NR1I2,mNPC_differentiation,-0.246900521684351,-0.10229449571871643,NS,Downregulated,0.16998107729994,1.060716307014421e-9
NR1I2,TFCP2L1_knockdown,-9.2436398419274e-4,-0.01074179732119367,NS,NS,0.995887257620177,0.9451855424841861
NR1I3,Chiron_removal,-0.426695207013681,-0.014902097333544185,NS,NS,0.481752816433032,0.26412399151909105
NR1I3,FOXA1_overexpression,-0.341206062777636,-0.005875508734982975,NS,NS,0.92869572764428,0.7936633891140812
NR1I3,LIF_removal_24h,-0.511946719330789,-0.02832671936430923,NS,Downregulated,0.452935337312247,0.012451533941011996
NR1I3,POU5F1_degradation,-0.556510115281008,0.006649033761056844,NS,NS,0.670912320562426,0.4774122044979914
NR1I3,SOX2_degradation,-0.213913451378643,0.01002649791103312,NS,NS,0.709825190908595,0.25977081910151
NR1I3,Serum,-0.332002997696365,-0.015440001503076145,NS,NS,0.0538150485093889,0.5025551212494783
NR1I3,Forskolin,-0.362963327222374,0.0015019884984371068,NS,NS,0.0467716133331094,0.9982454964048935
NR1I3,Heat_shock,0.0279445846125052,0.02481242027067814,NS,Upregulated,0.84701032836514,0.0266672230746665
NR1I3,LIF_removal_1h,-0.26641318132754,-2.063707830807105e-4,NS,NS,0.767024513433049,0.9967208797546465
NR1I3,LIF_removal_3h,0.0979792209658224,-0.02201841212459521,NS,NS,0.890857641398841,0.6187862907317224
NR1I3,LIF_removal_6h,0.0424566230499153,-0.02136841254557384,NS,NS,0.882794408580638,0.549014057977543
NR1I3,mNPC_differentiation,-0.252589180469629,-0.07670636048157028,NS,Downregulated,0.115589355485031,7.883564420629487e-9
NR1I3,TFCP2L1_knockdown,0.122794410346331,0.0020997838213602064,NS,NS,0.616641025748658,0.963724134899497
NR3C1,Chiron_removal,0.543510034095972,-0.002060188506576111,NS,NS,0.569970313456926,0.8700920874335283
NR3C1,FOXA1_overexpression,-0.900194288937504,0.016569755499247468,NS,NS,0.922631756910257,0.10632751506986864
NR3C1,LIF_removal_24h,0.0160735802198746,0.0032285360731133536,NS,NS,0.988405941782305,0.8216880819672066
NR3C1,POU5F1_degradation,0.366396525174117,0.024520297494020044,NS,Upregulated,0.600278513303272,0.0031262973139879304
NR3C1,SOX2_degradation,0.0130494337894185,0.027315176972608927,NS,Upregulated,0.978129809380548,6.887295517902395e-4
NR3C1,Serum,-0.286820015778444,0.0015158809730286202,NS,NS,0.0947671508402437,0.9517175066834885
NR3C1,Forskolin,-0.0998225086229577,0.016293957336970834,NS,NS,0.658110088164847,0.6521048144527126
NR3C1,Heat_shock,0.0860561588383797,-0.005277310364840672,NS,NS,0.55559470679874,0.6624443062291859
NR3C1,LIF_removal_1h,0.509072943584667,0.00551995653346144,NS,NS,0.430357990178325,0.9967208797546465
NR3C1,LIF_removal_3h,0.116154302204458,0.008292476533628064,NS,NS,0.86802305667349,0.9990609479484573
NR3C1,LIF_removal_6h,0.166725926743876,0.009282763612148448,NS,NS,0.533305518051098,0.9907498573814619
NR3C1,mNPC_differentiation,0.0772263151260761,0.06977363487577752,NS,Upregulated,0.650599821772105,4.7912160101148405e-9
NR3C1,TFCP2L1_knockdown,0.150065527829648,0.005915125705067831,NS,NS,0.494098207084412,0.9451855424841861
NR3C2,Chiron_removal,0.154561410757139,-0.003536791275004839,NS,NS,0.908130000950612,0.849032979238393
NR3C2,FOXA1_overexpression,0.183509585831477,-0.012786948371639734,NS,NS,0.92869572764428,0.5671752001350816
NR3C2,LIF_removal_24h,0.248392660204488,0.0027242560819976487,NS,NS,0.768745598943699,0.8861497681277445
NR3C2,POU5F1_degradation,-0.637630826538579,0.01494158251030374,NS,NS,0.302013912059847,0.10647252534967434
NR3C2,SOX2_degradation,0.620351160122665,-0.01016796731332345,NS,NS,0.0987449204421975,0.28407937134663697
NR3C2,Serum,0.0587179173341747,0.005719110014072144,NS,NS,0.866828405212337,0.9130189015133432
NR3C2,Forskolin,0.155937332223433,0.0032598774212067878,NS,NS,0.606340217168693,0.9681364143246259
NR3C2,Heat_shock,0.273469019979411,-0.016407425649522505,NS,NS,0.247881694517208,0.18392929843452469
NR3C2,LIF_removal_1h,0.162355613606453,2.2199069012666202e-4,NS,NS,0.932201579881635,0.9967208797546465
NR3C2,LIF_removal_3h,0.121811709009341,0.004521198802322794,NS,NS,0.890857641398841,0.9990609479484573
NR3C2,LIF_removal_6h,-0.00684699118759873,0.013107757885411487,NS,NS,0.973286817510173,0.9900224097324921
NR3C2,mNPC_differentiation,0.493139856384776,0.03825992167711138,NS,Upregulated,0.0525255626322419,5.810774536002201e-4
NR3C2,TFCP2L1_knockdown,0.0289569691875981,0.00171302791035818,NS,NS,0.949428193153183,0.963724134899497
NR4A1,Chiron_removal,0.0300112008016861,-0.012424303700068032,NS,NS,0.925839129898384,0.61443629483598206
NR4A1,FOXA1_overexpression,-0.303980603493267,-0.0038555363944835115,NS,NS,0.789720059729306,0.3660453761154092
NR4A1,LIF_removal_24h,-0.0613956592964974,-0.04471253346867283,NS,Downregulated,0.953196944872845,0.011756438711284428
NR4A1,POU5F1_degradation,-0.409767703701415,-0.0013271606926352564,NS,NS,0.250829045471525,0.9299510531404769
NR4A1,SOX2_degradation,-0.798887315734191,0.03480092740892071,Downregulated,Upregulated,0.00209345266061447,0.0093282427788437
NR4A1,Serum,-0.257116843454556,-0.014320642019563123,NS,NS,0.0295348733263673,0.8552617658543936
NR4A1,Forskolin,0.249244542921964,0.01258887893830233,NS,NS,0.128254585748668,0.8351111067758511
NR4A1,Heat_shock,0.455734241684072,0.04875627163913744,Upregulated,Upregulated,1.5660819409106e-4,0.005336950748563064
NR4A1,LIF_removal_1h,0.0781726669824654,0.005540050762657699,NS,NS,0.932201579881635,0.9967208797546465
NR4A1,LIF_removal_3h,-0.152670830595128,-0.01567942300406716,NS,NS,0.672542266954426,0.9990609479484573
NR4A1,LIF_removal_6h,0.100227984106126,-0.015520029805139963,NS,NS,0.601981810293063,0.9972264321673686
NR4A1,mNPC_differentiation,-0.9703318476918,-0.10782207604861549,Downregulated,Downregulated,1.45936570862482e-7,3.774906902780582e-8
NR4A1,TFCP2L1_knockdown,-0.166394182749762,-0.007927414151329398,NS,NS,0.453453810412383,0.9451855424841861
NR4A2::RXRA,Chiron_removal,0.0303022256338827,-0.013459591861360884,NS,NS,0.948826322066587,0.4863876158969611
NR4A2::RXRA,FOXA1_overexpression,-0.443534476773737,-0.023885333670480215,NS,NS,0.82062655765857,0.8763967947850061
NR4A2::RXRA,LIF_removal_24h,-0.475480331776162,-0.011164962681315841,NS,NS,0.31857278348172,0.4133943873172628
NR4A2::RXRA,POU5F1_degradation,-1.22314077223536,0.009082584531510774,Downregulated,NS,0.00546875625169434,0.3943646868918498
NR4A2::RXRA,SOX2_degradation,-2.30078887860978,-0.001976909482186819,Downregulated,NS,1.49776626637965e-9,0.8476612848043553
NR4A2::RXRA,Serum,-0.941905138118714,-0.015314826926075567,Downregulated,NS,4.50373301956259e-7,0.5752607689382614
NR4A2::RXRA,Forskolin,-0.714754762388207,-5.558266121738599e-4,Downregulated,NS,1.0163855383915e-4,0.9982454964048935
NR4A2::RXRA,Heat_shock,-0.705855298153873,0.030765845003926304,Downregulated,Upregulated,4.3401403548588e-4,0.018488387802203646
NR4A2::RXRA,LIF_removal_1h,0.194496563818564,-0.007915370001118551,NS,NS,0.856605853241138,0.9967208797546465
NR4A2::RXRA,LIF_removal_3h,-0.0672099902546753,-0.01302258063138923,NS,NS,0.910647543770054,0.9990609479484573
NR4A2::RXRA,LIF_removal_6h,-0.172351878084444,-0.0015839714540209267,NS,NS,0.533305518051098,0.9972264321673686
NR4A2::RXRA,mNPC_differentiation,-2.66603344568999,-0.0741652736014265,Downregulated,Downregulated,9.486412126954128e-11,1.7806582707935757e-7
NR4A2::RXRA,TFCP2L1_knockdown,-0.432442114270698,-0.004339753841076294,NS,NS,0.0281064276558288,0.9451855424841861
NR5A2,Chiron_removal,0.177717506787707,-0.024137436954675212,NS,NS,0.843494006530403,0.24222171797187628
NR5A2,FOXA1_overexpression,1.06834870742115,0.006201515383037953,NS,NS,0.236038206564354,0.9427278854126933
NR5A2,LIF_removal_24h,-0.123382242849135,-0.04792077964932376,NS,Downregulated,0.785376171246892,0.006231334989688779
NR5A2,POU5F1_degradation,-0.0887594411490352,0.007133626186584701,NS,NS,0.846572753454252,0.6130250612877727
NR5A2,SOX2_degradation,-0.238678613204347,-0.05277168616071981,NS,Downregulated,0.549510780368552,1.9905699321341513e-4
NR5A2,Serum,-0.274535180653883,-0.04732268076631188,NS,Downregulated,0.324527759333155,0.03304526173201026
NR5A2,Forskolin,0.308700295082136,-0.0075393730867935665,NS,NS,0.260941033222597,0.9681364143246259
NR5A2,Heat_shock,0.958361120572523,0.11795052397971177,Upregulated,Upregulated,1.30568050594598e-5,2.629558386302073e-8
NR5A2,LIF_removal_1h,0.00467526929019733,0.0071259658801242996,NS,NS,0.996601642100319,0.9967208797546465
NR5A2,LIF_removal_3h,-0.011223895659376,-0.0056091117884331035,NS,NS,0.984763658191153,0.9990609479484573
NR5A2,LIF_removal_6h,0.111314914108085,-0.018049929629968056,NS,NS,0.789676869403813,0.9900224097324921
NR5A2,mNPC_differentiation,-0.581498676885289,-0.2021314167998769,NS,Downregulated,0.0343306478542744,7.856673448040153e-14
NR5A2,TFCP2L1_knockdown,-0.19402352217303,-0.013384801936156652,NS,NS,0.553072105451196,0.9451855424841861
NRF1,Chiron_removal,-0.175572457907065,-0.0033244943593758363,NS,NS,0.628725718119776,0.8906940699253507
NRF1,FOXA1_overexpression,-0.161320710936589,0.03722392085537271,NS,NS,0.923104213148729,0.6138038269090182
NRF1,LIF_removal_24h,-0.328353569727007,0.03303337241499925,NS,NS,0.25682375119085,0.18757626227424531
NRF1,POU5F1_degradation,0.289008405495251,0.06845948190153756,NS,Upregulated,0.25966684963697,0.00127443154221583
NRF1,SOX2_degradation,0.462272259881147,0.04816569720413286,Upregulated,Upregulated,0.00513883955232075,0.012311125324253732
NRF1,Serum,-0.520229427520908,-0.009987789948759554,Downregulated,NS,0.00572229510053789,0.942650531837139
NRF1,Forskolin,-0.351405298906258,-0.002840885640501268,NS,NS,0.0476870751216216,0.9982454964048935
NRF1,Heat_shock,-0.87983329296564206,-0.015402287116339477,Downregulated,NS,3.22283618228422e-6,0.5971204515446199
NRF1,LIF_removal_1h,-0.00694264023632137,-0.013514610050527526,NS,NS,0.986010299900544,0.9967208797546465
NRF1,LIF_removal_3h,-0.053470757662289,0.0017828056484800146,NS,NS,0.941411719001189,0.9990609479484573
NRF1,LIF_removal_6h,-0.0664138435619099,0.005562892521399512,NS,NS,0.803862228711124,0.9972264321673686
NRF1,mNPC_differentiation,1.27704025390517,0.04033065522884101,Upregulated,NS,2.40773731111154e-7,0.06152487556564216
NRF1,TFCP2L1_knockdown,0.191137408386878,0.021286234981707786,NS,NS,0.434920925721341,0.9451855424841861
ONECUT1,Chiron_removal,-0.168502472629733,-0.020384095314756552,NS,NS,0.908130000950612,0.5581339513765601
ONECUT1,FOXA1_overexpression,1.26684663698517,-0.00841653302625703,NS,NS,0.789720059729306,0.7490158888992825
ONECUT1,LIF_removal_24h,-0.352121965823681,0.04902735304438066,NS,Upregulated,0.636808316876595,0.025584980936915264
ONECUT1,POU5F1_degradation,0.347049600869657,0.024334801497659004,NS,NS,0.65479373059987,0.16215082609311254
ONECUT1,SOX2_degradation,0.297612693024369,0.021546185653151667,NS,NS,0.72142359783254,0.21791574632939345
ONECUT1,Serum,0.0921204796912751,0.007841484905288696,NS,NS,0.743198792675046,0.9517175066834885
ONECUT1,Forskolin,0.24187782065557,0.023903456790514817,NS,NS,0.410277691344872,0.8015285467688589
ONECUT1,Heat_shock,0.679641892765358,-0.03120675148850247,Upregulated,NS,8.0610539571151e-5,0.17964962597436976
ONECUT1,LIF_removal_1h,0.575100577972532,0.014782100720915091,NS,NS,0.379866164458962,0.9967208797546465
ONECUT1,LIF_removal_3h,0.281929983780895,4.785874784619115e-4,NS,NS,0.680182082790441,0.9990609479484573
ONECUT1,LIF_removal_6h,0.220422162089304,0.025334676815522764,NS,NS,0.533305518051098,0.9900224097324921
ONECUT1,mNPC_differentiation,0.933664083069118,-0.03043410542949662,Upregulated,NS,1.6259965763613e-4,0.1104456373521681
ONECUT1,TFCP2L1_knockdown,0.214853796961821,0.01650381648916413,NS,NS,0.473615431844913,0.9451855424841861
OTX1,Chiron_removal,0.672076277821295,-0.027844301770681645,NS,NS,0.569970313456926,0.5360908659683373
OTX1,FOXA1_overexpression,-1.89730299437772,-0.01586377429405937,NS,NS,0.671825225493959,0.7936633891140812
OTX1,LIF_removal_24h,0.46008813890005,0.03195361025384019,NS,NS,0.763752698902417,0.25517201129246264
OTX1,POU5F1_degradation,-0.607685783018856,0.043292540098968435,NS,NS,0.639150088336311,0.057317841152821236
OTX1,SOX2_degradation,-0.0775837432987834,0.020824338716462457,NS,NS,0.882617710747103,0.3578230631180604
OTX1,Serum,-0.0297961976857032,0.02140400776618269,NS,NS,0.940140125470473,0.8552617658543936
OTX1,Forskolin,-0.447550348790163,0.02645820002187803,NS,NS,0.106855425140177,0.8015285467688589
OTX1,Heat_shock,0.362288831324095,-0.019861735228752782,NS,NS,0.064009054889409,0.5394954787011303
OTX1,LIF_removal_1h,-0.00329958456322216,0.009899417840314192,NS,NS,0.996601642100319,0.9967208797546465
OTX1,LIF_removal_3h,0.18320457656516,-0.015007595622438922,NS,NS,0.86802305667349,0.9990609479484573
OTX1,LIF_removal_6h,0.0996228835137499,0.0011070579274000195,NS,NS,0.794299955754805,0.9972264321673686
OTX1,mNPC_differentiation,0.36143096649314,0.06877455434801519,NS,Upregulated,0.156328106801383,0.0070156703325163754
OTX1,TFCP2L1_knockdown,-0.0398908671106387,0.0026640685561506935,NS,NS,0.945290474301951,0.9744275698663154
PAX6,Chiron_removal,0.238769260413694,0.017945747633294585,NS,NS,0.49226191525698,0.21458999701155038
PAX6,FOXA1_overexpression,0.297312030333107,0.05038606727750408,NS,NS,0.92869572764428,0.09944383467112651
PAX6,LIF_removal_24h,0.115997704014107,0.005008551550291531,NS,NS,0.785376171246892,0.756027857836633
PAX6,POU5F1_degradation,-0.979415469147609,0.00988762223763367,NS,NS,0.195381619175446,0.3111818399212996
PAX6,SOX2_degradation,-1.70953102599841,0.0249287112838815,Downregulated,Upregulated,1.9843113370765e-4,0.008288992459553272
PAX6,Serum,-0.0743301295036757,0.009983535801604437,NS,NS,0.743198792675046,0.8552617658543936
PAX6,Forskolin,0.133012026229758,0.01080059567659209,NS,NS,0.619357575213171,0.8015285467688589
PAX6,Heat_shock,0.359333544899252,0.031985515236722106,NS,Upregulated,0.0553594778187742,0.008420216002927925
PAX6,LIF_removal_1h,0.152364606578388,0.005877128960851625,NS,NS,0.932201579881635,0.9967208797546465
PAX6,LIF_removal_3h,0.511409326433516,0.009391368658352021,NS,NS,0.306304898440413,0.9990609479484573
PAX6,LIF_removal_6h,0.406368400755784,0.012061087705629215,NS,NS,0.13103585020716,0.9907498573814619
PAX6,mNPC_differentiation,-0.515460315197301,0.006628483864633749,NS,NS,0.0116967570139484,0.5382372372121731
PAX6,TFCP2L1_knockdown,0.483210309072499,0.014907074317417286,NS,NS,0.0390470489598641,0.9451855424841861
PGR,Chiron_removal,0.114989259353625,0.004090928399627193,NS,NS,0.908130000950612,0.849032979238393
PGR,FOXA1_overexpression,0.273892614231679,0.0333102223260142,NS,NS,0.92869572764428,0.10341436998718244
PGR,LIF_removal_24h,-0.232659600954291,0.017663675674375726,NS,NS,0.763752698902417,0.25517201129246264
PGR,POU5F1_degradation,-0.938568509970959,0.023391967662365436,NS,NS,0.252296003771503,0.06254305434172133
PGR,SOX2_degradation,0.390710621513302,0.04601009581354294,NS,Upregulated,0.35639058712591,3.914341754368403e-4
PGR,Serum,-0.00809156560090521,0.002846531338830293,NS,NS,0.976831826666513,0.9517175066834885
PGR,Forskolin,-0.031476183233385,0.012960809840617241,NS,NS,0.92457966477225,0.8029116066473845
PGR,Heat_shock,0.331173566799603,-0.009600029629902243,NS,NS,0.0518773815992148,0.5971204515446199
PGR,LIF_removal_1h,0.184480129824331,0.008545341855879556,NS,NS,0.932201579881635,0.9967208797546465
PGR,LIF_removal_3h,0.00395915209728894,2.816806093358642e-4,NS,NS,0.984763658191153,0.9990609479484573
PGR,LIF_removal_6h,0.0063288493782299,0.00818101066168949,NS,NS,0.973286817510173,0.9972264321673686
PGR,mNPC_differentiation,0.256615131787545,0.06711460264332277,NS,Upregulated,0.21056685226553,1.8838528033143436e-5
PGR,TFCP2L1_knockdown,0.0964769452623428,0.014043619673249606,NS,NS,0.770224248424778,0.9451855424841861
POU2F1,Chiron_removal,-0.369241491564758,0.005829806219774778,NS,NS,0.351852639194024,0.849032979238393
POU2F1,FOXA1_overexpression,0.290603114332981,-0.03243423053922305,NS,NS,0.923104213148729,0.5195170205612809
POU2F1,LIF_removal_24h,-0.586538267863207,-0.0022494989643791624,NS,NS,0.270047818593074,0.9567074446425562
POU2F1,POU5F1_degradation,-0.815421094787795,-0.10686356909071705,NS,Downregulated,0.130602435302458,2.5827621125720935e-6
POU2F1,SOX2_degradation,-0.221340478490792,-0.041153099864546155,NS,Downregulated,0.642262773266044,0.01944724167543593
POU2F1,Serum,-0.185584641577825,0.004923525749622754,NS,NS,0.518789515820026,0.9517175066834885
POU2F1,Forskolin,-0.122299365528008,-0.005844970220564596,NS,NS,0.636233499202403,0.9681364143246259
POU2F1,Heat_shock,-0.540229727769756,-0.06454031488776787,Downregulated,Downregulated,0.00375195466864327,0.005602261072168
POU2F1,LIF_removal_1h,-0.011079091309622,0.001765644348222191,NS,NS,0.986010299900544,0.9967208797546465
POU2F1,LIF_removal_3h,-0.0832186520622168,-8.879036756550447e-4,NS,NS,0.918132250752031,0.9990609479484573
POU2F1,LIF_removal_6h,-0.0324348228246661,-2.0876626487768835e-4,NS,NS,0.921178066445499,0.9972264321673686
POU2F1,mNPC_differentiation,1.31062684421101,0.00847133571673574,Upregulated,NS,4.93852158596916e-8,0.6846670885540481
POU2F1,TFCP2L1_knockdown,-0.0288720022334047,-8.064480808625575e-4,NS,NS,0.949428193153183,0.9844654444247022
POU5F1,Chiron_removal,0.427604423011215,-0.004552234928337223,NS,NS,0.261014423651565,0.849032979238393
POU5F1,FOXA1_overexpression,-1.25327566034652,-0.019606214237311542,NS,NS,0.421065485740562,0.10632751506986864
POU5F1,LIF_removal_24h,-0.428280467361304,-0.020003222247444403,NS,NS,0.291143786948877,0.19897942892665788
POU5F1,POU5F1_degradation,-0.384604914338724,-0.18632811520342316,NS,Downregulated,0.376648557946676,3.885754566624601e-15
POU5F1,SOX2_degradation,-1.5159688762579,-0.06201565352414341,Downregulated,Downregulated,6.65762429299032e-6,1.1944414934183895e-5
POU5F1,Serum,-0.40105219278362497,-0.015335292680246726,NS,NS,0.074080629631969,0.7418039476758472
POU5F1,Forskolin,-0.324369638297107,0.003447354214918673,NS,NS,0.211035809129513,0.9681364143246259
POU5F1,Heat_shock,-0.465234247074112,-0.05702482960739827,NS,Downregulated,0.0137069540037887,6.356188822934084e-4
POU5F1,LIF_removal_1h,0.0899552197902631,0.00913292117301194,NS,NS,0.932201579881635,0.9967208797546465
POU5F1,LIF_removal_3h,0.0170212272089137,-0.005947689202724274,NS,NS,0.984763658191153,0.9990609479484573
POU5F1,LIF_removal_6h,0.0142375484213523,-0.008171470617196652,NS,NS,0.973286817510173,0.9972264321673686
POU5F1,mNPC_differentiation,-1.22451096959492,0.005644476720314637,Downregulated,NS,2.34784737062029e-5,0.6846670885540481
POU5F1,TFCP2L1_knockdown,-0.211185781124158,-0.013212598027056564,NS,NS,0.434920925721341,0.9451855424841861
POU5F1::SOX2,Chiron_removal,-0.164508891456267,0.020102021687540668,NS,NS,0.843494006530403,0.61443629483598206
POU5F1::SOX2,FOXA1_overexpression,-0.170698873706884,-0.03648544273890446,NS,NS,0.92869572764428,0.09944383467112651
POU5F1::SOX2,LIF_removal_24h,-0.23314141703045899,-0.005136305866985519,NS,NS,0.682813233196246,0.9106791517539704
POU5F1::SOX2,POU5F1_degradation,-2.60859715835269,-0.27855416053532234,Downregulated,Downregulated,1.96375819350133e-9,2.19943127794328e-13
POU5F1::SOX2,SOX2_degradation,-1.60023032352567,-0.24731964034690565,Downregulated,Downregulated,1.90365075227555e-8,4.062189491830624e-12
POU5F1::SOX2,Serum,-0.11026111741865,-0.019130079549964533,NS,NS,0.681336026325182,0.8552617658543936
POU5F1::SOX2,Forskolin,0.13627718008191,-0.0035302768082061675,NS,NS,0.59551456959493,0.9982454964048935
POU5F1::SOX2,Heat_shock,-0.689136374762168,-0.1419616646807863,Downregulated,Downregulated,8.02064187682987e-5,8.187717865913037e-6
POU5F1::SOX2,LIF_removal_1h,-0.331308246938057,0.014851761485869447,NS,NS,0.767024513433049,0.9967208797546465
POU5F1::SOX2,LIF_removal_3h,-0.156825890323032,-0.004976640432689236,NS,NS,0.86802305667349,0.9990609479484573
POU5F1::SOX2,LIF_removal_6h,-0.164017016504691,-0.017524429293248364,NS,NS,0.638265149569028,0.9972264321673686
POU5F1::SOX2,mNPC_differentiation,-2.16860461236286,-0.17572445181910046,Downregulated,Downregulated,4.55654479441619e-14,3.9660138842770575e-8
POU5F1::SOX2,TFCP2L1_knockdown,-0.106049747325779,-0.0233980575554281,NS,NS,0.758442033547021,0.9451855424841861
PPARA::RXRA,Chiron_removal,0.208764554547413,-0.004730714512483681,NS,NS,0.908130000950612,0.7479603630959251
PPARA::RXRA,FOXA1_overexpression,1.81385908612572,-0.03061366465658719,NS,NS,0.279449248096178,0.5549807390217035
PPARA::RXRA,LIF_removal_24h,0.00587718133902897,-0.024622520565720618,NS,Downregulated,0.988405941782305,0.02540292853046204
PPARA::RXRA,POU5F1_degradation,-0.532321731361413,0.0029512445394217473,NS,NS,0.365989549531941,0.7719692114560561
PPARA::RXRA,SOX2_degradation,0.490707057297414,0.003953122198651048,NS,NS,0.321639801061148,0.6519682624182388
PPARA::RXRA,Serum,-0.195443918084182,-0.008153601153670222,NS,NS,0.429630640254906,0.8552617658543936
PPARA::RXRA,Forskolin,-0.284126601684964,0.0015919905675219372,NS,NS,0.276248304783615,0.9982454964048935
PPARA::RXRA,Heat_shock,0.738948995733281,0.020554284923562583,Upregulated,NS,4.17866173089552e-5,0.06332049778230205
PPARA::RXRA,LIF_removal_1h,0.263737138543447,-0.0016976181532644703,NS,NS,0.932201579881635,0.9967208797546465
PPARA::RXRA,LIF_removal_3h,-0.00951439740122212,-0.005852303805177041,NS,NS,0.984763658191153,0.9990609479484573
PPARA::RXRA,LIF_removal_6h,-0.220715788174724,-0.011641574316577257,NS,NS,0.537854815763571,0.9900224097324921
PPARA::RXRA,mNPC_differentiation,0.496916476718407,-0.1180863003254011,NS,Downregulated,0.0224781857775485,9.410097488455769e-13
PPARA::RXRA,TFCP2L1_knockdown,-0.136305131948792,-0.00589519282871136,NS,NS,0.705341674472664,0.9451855424841861
PPARG::RXRA,Chiron_removal,-0.15981644342284,-0.0057455914891060686,NS,NS,0.908130000950612,0.7113708224802776
PPARG::RXRA,FOXA1_overexpression,0.686640410471775,-0.014625073986080065,NS,NS,0.789720059729306,0.4788353239860636
PPARG::RXRA,LIF_removal_24h,0.211988552208834,-0.03009089181061021,NS,Downregulated,0.785376171246892,0.011650030206666715
PPARG::RXRA,POU5F1_degradation,0.725386780039288,-0.0246342706743703,NS,Downregulated,0.371729101450546,0.008671877746894
PPARG::RXRA,SOX2_degradation,0.209373111200551,-0.009288080550248465,NS,NS,0.676856959568105,0.301280696372709
PPARG::RXRA,Serum,-0.204517096386547,-0.013976683789289653,NS,NS,0.458827123185263,0.5735095287122544
PPARG::RXRA,Forskolin,0.261537997942789,-0.0015985034322928068,NS,NS,0.409226501547973,0.9982454964048935
PPARG::RXRA,Heat_shock,0.548210257342184,0.03781566182900584,Upregulated,Upregulated,0.00459210874675637,0.0014721893845536223
PPARG::RXRA,LIF_removal_1h,-0.116392527459645,0.0023862065188949323,NS,NS,0.932201579881635,0.9967208797546465
PPARG::RXRA,LIF_removal_3h,-0.144514637960394,-0.013119202999790266,NS,NS,0.890857641398841,0.9990609479484573
PPARG::RXRA,LIF_removal_6h,-0.0818161725821406,-0.020577188794081002,NS,NS,0.812886622228398,0.6029996890641238
PPARG::RXRA,mNPC_differentiation,0.0454670288345317,-0.1291602620899026,NS,Downregulated,0.862287816680566,3.1448284125785215e-13
PPARG::RXRA,TFCP2L1_knockdown,-0.00171299754345545,-0.008756595567475878,NS,NS,0.995887257620177,0.9451855424841861
RARA,Chiron_removal,-0.244943679785903,-0.020473226368691325,NS,NS,0.908130000950612,0.14157956136510644
RARA,FOXA1_overexpression,0.397466621739344,-0.011888628521150673,NS,NS,0.92869572764428,0.9521766524725884
RARA,LIF_removal_24h,-0.248437805090234,-0.02209981094107106,NS,Downregulated,0.826324614279522,0.04474377809886312
RARA,POU5F1_degradation,0.136854461298323,0.015917519482851424,NS,NS,0.939042585085944,0.0721687963655076
RARA,SOX2_degradation,0.569554980932109,0.01190718937664694,NS,NS,0.585243181133579,0.17561827723027268
RARA,Serum,-0.0261143951246833,-0.013991830619637784,NS,NS,0.947451407232011,0.5735095287122544
RARA,Forskolin,0.385765985490991,0.01015236049415451,NS,NS,0.181788602782903,0.8015285467688589
RARA,Heat_shock,1.57844592117094,0.016281525733156055,Upregulated,NS,1.09567009971296e-10,0.16279907798880622
RARA,LIF_removal_1h,-0.16845788116254,-0.003713168259622326,NS,NS,0.932201579881635,0.9967208797546465
RARA,LIF_removal_3h,-0.229964856804409,-0.011915362697590418,NS,NS,0.86802305667349,0.9990609479484573
RARA,LIF_removal_6h,-0.0126619750201907,-0.009865202508910025,NS,NS,0.973286817510173,0.9972264321673686
RARA,mNPC_differentiation,1.4213441446268,-0.10220426291364866,Upregulated,Downregulated,9.027271530591e-8,3.1208181227162025e-11
RARA,TFCP2L1_knockdown,-0.137565555053702,-0.0037890670590921866,NS,NS,0.770224248424778,0.9451855424841861
RARA:RXRA,Chiron_removal,-0.244122333449787,-0.012994289063780962,NS,NS,0.801236930285329,0.455861760538912
RARA:RXRA,FOXA1_overexpression,1.1851038557286,-0.026649802238286186,NS,NS,0.671825225493959,0.19054564790609377
RARA:RXRA,LIF_removal_24h,-0.6895223511642,-0.03365118799135884,NS,Downregulated,0.178418581816849,0.006231334989688779
RARA:RXRA,POU5F1_degradation,-0.562473039010119,-0.02012930280700786,NS,Downregulated,0.492875705148446,0.029204808599285273
RARA:RXRA,SOX2_degradation,-0.0122920830478926,-0.006656947792556689,NS,NS,0.978129809380548,0.46789258822145785
RARA:RXRA,Serum,-0.537746732045382,-0.02594288860186306,Downregulated,NS,1.8021434880141e-5,0.11584249829027356
RARA:RXRA,Forskolin,0.116563030906366,0.0042742135443537554,NS,NS,0.422426491961799,0.9681364143246259
RARA:RXRA,Heat_shock,-0.00926001728922845,-0.007001264374453016,NS,NS,0.944534612834353,0.5971204515446199
RARA:RXRA,LIF_removal_1h,-1.11599619706976,2.590254682276992e-4,NS,NS,0.430357990178325,0.9967208797546465
RARA:RXRA,LIF_removal_3h,-0.26866896378437,-0.002630668096376798,NS,NS,0.415652851062661,0.9990609479484573
RARA:RXRA,LIF_removal_6h,-0.439221726733649,-0.01475569710378753,NS,NS,0.0203011439685361,0.9900224097324921
RARA:RXRA,mNPC_differentiation,-0.880360064330613,-0.09770172094444664,Downregulated,Downregulated,2.0848276182284e-4,1.3331989739453356e-10
RARA:RXRA,TFCP2L1_knockdown,0.056669475254903,-0.00835762580428023,NS,NS,0.770224248424778,0.9451855424841861
RBPJ,Chiron_removal,0.144702157576039,0.0020825934130426094,NS,NS,0.908130000950612,0.8777681576597088
RBPJ,FOXA1_overexpression,2.60637120261298,0.0031277621322047845,NS,NS,0.213085877604381,0.9600978523081293
RBPJ,LIF_removal_24h,-0.0294677743223333,-0.010447614562485693,NS,NS,0.988405941782305,0.3666149529215206
RBPJ,POU5F1_degradation,1.00088106927044,-0.0028780920643741966,NS,NS,0.17465712562026,0.7748507514665027
RBPJ,SOX2_degradation,0.718641223833575,-0.0028428512748219217,NS,NS,0.380928806085785,0.7453903163866042
RBPJ,Serum,-0.153890569283571,6.436899621914036e-4,NS,NS,0.585751917723707,0.9804067085384727
RBPJ,Forskolin,-0.032088610662808,-0.011023506188738407,NS,NS,0.92805310975469,0.8015285467688589
RBPJ,Heat_shock,0.24263857392248,0.005109730261439469,NS,NS,0.199721755728244,0.7129896064915634
RBPJ,LIF_removal_1h,-0.469407426619243,0.00400374587591891,NS,NS,0.923016082670136,0.9967208797546465
RBPJ,LIF_removal_3h,-0.14530202170326,-0.012788128901902526,NS,NS,0.86802305667349,0.9990609479484573
RBPJ,LIF_removal_6h,0.198923014491879,-4.6613760378565964e-4,NS,NS,0.585474944051297,0.9972264321673686
RBPJ,mNPC_differentiation,0.657379786399604,0.018850983996653997,NS,NS,0.0168726474109373,0.05030732208134073
RBPJ,TFCP2L1_knockdown,0.409766210727626,0.0034072625016025987,NS,NS,0.357129154853888,0.9451855424841861
REL,Chiron_removal,0.00961550694349668,0.009375914953232077,NS,NS,0.982649490635771,0.61443629483598206
REL,FOXA1_overexpression,0.0291936864383629,-0.01680521344958371,NS,NS,0.9678307207156,0.18858150492632292
REL,LIF_removal_24h,0.587676683011986,-0.006588125979830332,Upregulated,NS,0.00316648557587779,0.7008808153459658
REL,POU5F1_degradation,0.884780108741419,-0.002632891732671452,Upregulated,NS,5.4924232888855e-4,0.8138834788852818
REL,SOX2_degradation,0.725913074302907,-0.0012507001425378379,Upregulated,NS,5.9379360494177e-4,0.8922690340383836
REL,Serum,1.36967768825018,0.018999436859352313,Upregulated,NS,1.41111044104366e-6,0.45304026548018644
REL,Forskolin,-0.333558630563981,-0.023957083561373722,NS,NS,0.117795309656741,0.5639721370414833
REL,Heat_shock,-0.43549516650322,-0.003742187266167797,NS,NS,0.0477263495638331,0.8395940150446333
REL,LIF_removal_1h,-0.101611278040363,-0.004541999763964781,NS,NS,0.932201579881635,0.9967208797546465
REL,LIF_removal_3h,0.176823506944754,-0.01007099635197801,NS,NS,0.86802305667349,0.9990609479484573
REL,LIF_removal_6h,0.170841963850685,-0.007179791869035076,NS,NS,0.642112526782556,0.9972264321673686
REL,mNPC_differentiation,1.81350138121536,0.03524755039494592,Upregulated,Upregulated,7.57050513896838e-8,0.0031186114823194733
REL,TFCP2L1_knockdown,-0.283211897349301,-0.0163041991003215,NS,NS,0.418148666035748,0.9451855424841861
RFX1,Chiron_removal,0.160903095059003,0.03186884765711737,NS,NS,0.908130000950612,0.26412399151909105
RFX1,LIF_removal_24h,0.699273211318002,-0.006214167152634076,NS,NS,0.682813233196246,0.8549681514967399
RFX1,POU5F1_degradation,1.49197823445334,0.0031091484218122092,NS,NS,0.0755353404880841,0.8715220111430408
RFX1,SOX2_degradation,1.1356529899275,-0.04202860625970421,NS,Downregulated,0.0255337778512205,0.017235500691296778
RFX1,Serum,0.263782185846095,0.005072160200912015,NS,NS,0.458827123185263,0.9517175066834885
RFX1,Forskolin,0.852634777977542,-0.026905353672517257,NS,NS,0.0189405239361541,0.8015285467688589
RFX1,FOXA1_overexpression,1.3713632964493,-0.03549182008347364,NS,NS,0.789720059729306,0.10632751506986864
RFX1,Heat_shock,0.262019893077084,-0.028226943756054196,NS,NS,0.426608550637974,0.2409886788950677
RFX1,LIF_removal_1h,-0.203890640604879,0.0012116102130326012,NS,NS,0.932201579881635,0.9967208797546465
RFX1,LIF_removal_3h,-0.258950066112863,-0.00643748963696513,NS,NS,0.838018209523585,0.9990609479484573
RFX1,LIF_removal_6h,-0.253827750741036,0.006437586963962082,NS,NS,0.585474944051297,0.9972264321673686
RFX1,mNPC_differentiation,1.61751658886359,0.3569866578214005,Upregulated,Upregulated,1.37920607862074e-7,2.721787358697891e-16
RFX1,TFCP2L1_knockdown,-0.478041871985787,-0.008034158378786016,NS,NS,0.217201267901146,0.9451855424841861
RORA,Chiron_removal,-0.414140619038517,-0.025922249558801718,NS,NS,0.764671182751506,0.16880120881535104
RORA,FOXA1_overexpression,1.88372874488963,-0.040644873920184406,NS,NS,0.086936499032718,0.268316189041766
RORA,LIF_removal_24h,0.0312267856655743,-0.0379253195619446,NS,Downregulated,0.988405941782305,0.012451533941011996
RORA,POU5F1_degradation,0.12168998988127,0.025664863938852145,NS,Upregulated,0.939042585085944,0.030699161974495924
RORA,SOX2_degradation,0.0898833382102379,0.009123960108254564,NS,NS,0.882617710747103,0.44420259943185214
RORA,Serum,0.0272070377212985,-0.030958693402074997,NS,NS,0.947451407232011,0.17293302213336695
RORA,Forskolin,0.637221606582744,-0.0032567748885422715,NS,NS,0.0293012347830407,0.9681364143246259
RORA,Heat_shock,0.856817180743226,0.01296981237916376,Upregulated,NS,8.44169699618228e-5,0.4183122916886543
RORA,LIF_removal_1h,0.0146502038135852,0.006612285176866288,NS,NS,0.986010299900544,0.9967208797546465
RORA,LIF_removal_3h,0.211936260599782,-0.012774399698650348,NS,NS,0.838018209523585,0.9990609479484573
RORA,LIF_removal_6h,0.00866943633251656,-0.02223001127089315,NS,NS,0.973286817510173,0.8041679321957751
RORA,mNPC_differentiation,0.229478511030116,-0.11287942089048128,NS,Downregulated,0.373061546246995,1.3281494517254736e-9
RORA,TFCP2L1_knockdown,0.0131180153809279,-0.005492979500454059,NS,NS,0.987283993001721,0.9451855424841861
RUNX2,Chiron_removal,-0.0605790783708983,0.0033154952690936704,NS,NS,0.908130000950612,0.849032979238393
RUNX2,FOXA1_overexpression,-0.305627737871819,-0.0087064175024568,NS,NS,0.92869572764428,0.4398927525756454
RUNX2,LIF_removal_24h,-0.359124054465739,0.014076596492225457,NS,NS,0.614764591609532,0.25517201129246264
RUNX2,POU5F1_degradation,-0.326055148620301,-0.008959877235872899,NS,NS,0.639150088336311,0.38288088823009975
RUNX2,SOX2_degradation,0.309858282828175,-0.0023592205515048943,NS,NS,0.675036862688785,0.8191770687183534
RUNX2,Serum,0.175625876280927,0.006906197419220734,NS,NS,0.524310732491668,0.8708738109832502
RUNX2,Forskolin,-0.299564681788442,-0.0028088084129615303,NS,NS,0.276248304783615,0.9681364143246259
RUNX2,Heat_shock,0.648786567460784,-0.002950567736922713,Upregulated,NS,0.0015781880213937,0.8598993814467519
RUNX2,LIF_removal_1h,-0.141214408915093,-0.002210500439154319,NS,NS,0.932201579881635,0.9967208797546465
RUNX2,LIF_removal_3h,0.0631699374390567,0.005503121184475938,NS,NS,0.948797978487585,0.9990609479484573
RUNX2,LIF_removal_6h,0.207759674573919,-0.0020977057053650516,NS,NS,0.541618436482682,0.9972264321673686
RUNX2,mNPC_differentiation,0.670917722546717,-0.021681558601736626,Upregulated,Downregulated,0.00810258905379058,0.045078107222377685
RUNX2,TFCP2L1_knockdown,0.0467930482510072,0.00814646360149533,NS,NS,0.945290474301951,0.9451855424841861
RXRA,Chiron_removal,-0.500819631285011,-0.011381113642768684,NS,NS,0.0514974815288371,0.5682053278449876
RXRA,FOXA1_overexpression,-0.149673021643895,-0.04741499187580787,NS,NS,0.92869572764428,0.10632751506986864
RXRA,LIF_removal_24h,-0.392479504439578,-0.032210641827190425,NS,Downregulated,0.178418581816849,0.01291753600841001
RXRA,POU5F1_degradation,-1.43384356275861,-9.377270034708774e-4,Downregulated,NS,5.4924232888855e-4,0.9299510531404769
RXRA,SOX2_degradation,-0.471570057277146,0.004884653311287824,NS,NS,0.204637051540817,0.639900707023364
RXRA,Serum,-0.371466362331503,-0.023439191143213384,NS,NS,0.0263858412813543,0.22697685449704522
RXRA,Forskolin,-0.15517006557509,-0.00377725957261996,NS,NS,0.465115078572651,0.9681364143246259
RXRA,Heat_shock,0.0975712675586889,0.028027632404197922,NS,Upregulated,0.500427886448359,0.031145297353640217
RXRA,LIF_removal_1h,-0.299488325566039,-8.918445273823454e-4,NS,NS,0.709892979811474,0.9967208797546465
RXRA,LIF_removal_3h,-0.27391530664362,-0.0053904676161338205,NS,NS,0.415652851062661,0.9990609479484573
RXRA,LIF_removal_6h,-0.544264610373388,-0.0161262317333721,NS,NS,0.0116574440217098,0.9900224097324921
RXRA,mNPC_differentiation,-1.84251996725092,-0.1678683688282454,Downregulated,Downregulated,1.3615970226277798e-11,2.2018444399828463e-14
RXRA,TFCP2L1_knockdown,0.0202320485163827,-0.010155804219131481,NS,NS,0.949428193153183,0.9451855424841861
SMAD2::SMAD3::SMAD4,Chiron_removal,-0.23792685755468,0.006508035337351866,NS,NS,0.578661550608847,0.624823844522862
SMAD2::SMAD3::SMAD4,FOXA1_overexpression,0.457856504953147,-0.0034152188204256383,NS,NS,0.90610426059522,0.8565700020781581
SMAD2::SMAD3::SMAD4,LIF_removal_24h,-0.375017572755108,-0.003231333658426767,NS,NS,0.31857278348172,0.8216880819672066
SMAD2::SMAD3::SMAD4,POU5F1_degradation,-0.47435430162549,-0.005603851234621483,NS,NS,0.520291852281503,0.5057309782951311
SMAD2::SMAD3::SMAD4,SOX2_degradation,-0.755802644757982,-0.006322642406827517,Downregulated,NS,0.00344435400649524,0.42614860911999436
SMAD2::SMAD3::SMAD4,Serum,-0.353925117251517,-2.936336784138125e-4,NS,NS,0.0947671508402437,0.9804067085384727
SMAD2::SMAD3::SMAD4,Forskolin,-0.391424553985928,7.876413551858271e-4,NS,NS,0.0521960291243681,0.9982454964048935
SMAD2::SMAD3::SMAD4,Heat_shock,-0.117837660877923,0.003248677476540127,NS,NS,0.502574458888195,0.8120639030526463
SMAD2::SMAD3::SMAD4,LIF_removal_1h,0.50305783393635,-0.0012827767374602554,NS,NS,0.709892979811474,0.9967208797546465
SMAD2::SMAD3::SMAD4,LIF_removal_3h,0.0385383354269298,-0.0010165614474764073,NS,NS,0.962348152841308,0.9990609479484573
SMAD2::SMAD3::SMAD4,LIF_removal_6h,-0.0843684882061286,0.005846606224700713,NS,NS,0.789676869403813,0.9972264321673686
SMAD2::SMAD3::SMAD4,mNPC_differentiation,-1.04387673383936,0.05109338863077598,Downregulated,Upregulated,7.55440861835983e-5,1.138937190707637e-6
SMAD2::SMAD3::SMAD4,TFCP2L1_knockdown,-0.078074386392086,0.002196128044467168,NS,NS,0.780375896341424,0.963724134899497
SMAD4,Chiron_removal,0.0585080667709722,-1.1003432472045339e-4,NS,NS,0.908130000950612,0.9866437902017153
SMAD4,FOXA1_overexpression,0.648482124031029,0.0013134432829332793,NS,NS,0.789720059729306,0.8622678245079521
SMAD4,LIF_removal_24h,0.262622861547577,-0.017169065173753217,NS,NS,0.763752698902417,0.0857410940093334
SMAD4,POU5F1_degradation,-1.24402274024092,-0.014773866367386528,NS,NS,0.0277917821832345,0.06396697719036833
SMAD4,SOX2_degradation,-1.95420540424996,-0.034048826549843245,Downregulated,Downregulated,3.48989011190433e-5,9.687593237920006e-5
SMAD4,Serum,0.351534400099767,-0.01967959831015525,NS,NS,0.215053884654833,0.17846571111885282
SMAD4,Forskolin,-0.205622299259117,-0.024421731589355924,NS,NS,0.606340217168693,0.3960255728694819
SMAD4,Heat_shock,-0.00983291686150439,0.021003629513989697,NS,Upregulated,0.962162818123678,0.039160029657777456
SMAD4,LIF_removal_1h,0.235221549886007,-0.007362924813348678,NS,NS,0.923016082670136,0.9967208797546465
SMAD4,LIF_removal_3h,0.312274735577355,-0.002350230584085485,NS,NS,0.672542266954426,0.9990609479484573
SMAD4,LIF_removal_6h,0.347341446837734,-8.356967652735931e-4,NS,NS,0.533305518051098,0.9972264321673686
SMAD4,mNPC_differentiation,-1.49261845135619,-0.06593248659063368,Downregulated,Downregulated,3.29313961049156e-5,2.0007493381572848e-8
SMAD4,TFCP2L1_knockdown,0.12223667075938,-0.017132607948513217,NS,NS,0.770224248424778,0.8134735416175387
SOX2,Chiron_removal,0.276631356998906,0.04139241223961097,NS,NS,0.456775331809384,0.17666897892738082
SOX2,FOXA1_overexpression,-0.992245476996492,-0.0068052339206053115,NS,NS,0.213085877604381,0.16802400213425228
SOX2,LIF_removal_24h,-0.376583394448206,0.0018304994722168344,NS,NS,0.25682375119085,0.9577242377113238
SOX2,POU5F1_degradation,-1.37271221759607,-0.036860249235608405,Downregulated,NS,7.93648465420062e-8,0.06254305434172133
SOX2,SOX2_degradation,-3.87633651535544,-0.24401738503474268,Downregulated,Downregulated,3.67934521750484e-16,6.64670623628709e-13
SOX2,Serum,-0.455883794432146,-0.0012688673179425958,Downregulated,NS,0.00105383536083656,0.9804067085384727
SOX2,Forskolin,-0.00139223078458701,-0.021169679127009903,NS,NS,0.989678736495694,0.8016676930934444
SOX2,Heat_shock,-0.541007526270382,-0.0015998866840753884,Downregulated,NS,8.8962569055231e-4,0.9852273370145096
SOX2,LIF_removal_1h,-0.0986707063928859,0.02091258473088143,NS,NS,0.932201579881635,0.9967208797546465
SOX2,LIF_removal_3h,-0.067829800431617,0.0024314247582297964,NS,NS,0.890857641398841,0.9990609479484573
SOX2,LIF_removal_6h,-0.0285155733821003,-0.007764112138564297,NS,NS,0.869870598416914,0.9972264321673686
SOX2,mNPC_differentiation,-2.84593503033239,-0.07708134797287029,Downregulated,Downregulated,4.45459629426633e-14,8.870233359730082e-4
SOX2,TFCP2L1_knockdown,-0.282908331177493,-0.019530764814478716,NS,NS,0.0934493534159287,0.9451855424841861
SOX9,LIF_removal_24h,-0.239718377820474,8.586089698087922e-4,NS,NS,0.768745598943699,0.9577242377113238
SOX9,Chiron_removal,-0.685202201359232,0.014230193881168352,NS,NS,0.297047016807896,0.4649690746170821
SOX9,Serum,-0.137505748997537,-0.009255808763904087,NS,NS,0.524310732491668,0.8552617658543936
SOX9,Forskolin,-0.240979774513202,0.008025495487756279,NS,NS,0.276248304783615,0.9561517649057499
SOX9,FOXA1_overexpression,-1.34639373822455,0.008933081976377138,NS,NS,0.90610426059522,0.5195170205612809
SOX9,Heat_shock,0.228429902088737,-2.6775330597602265e-4,NS,NS,0.177202785353322,0.989656590604974
SOX9,LIF_removal_1h,0.206885924150787,0.015900871799589152,NS,NS,0.923016082670136,0.9967208797546465
SOX9,LIF_removal_3h,0.051753130060411,0.012752267561432537,NS,NS,0.941411719001189,0.9990609479484573
SOX9,LIF_removal_6h,0.0881153658181015,0.01241999166906759,NS,NS,0.789676869403813,0.9907498573814619
SOX9,mNPC_differentiation,0.259889342522338,0.019365925229571042,NS,NS,0.235813673984905,0.090119242842024
SOX9,POU5F1_degradation,0.89023660812992,-4.0265614613492354e-4,NS,NS,0.55808781469597,0.962731876075828
SOX9,SOX2_degradation,0.0607485289676656,-0.010837105930116065,NS,NS,0.923754995982345,0.301280696372709
SOX9,TFCP2L1_knockdown,0.210432480570537,-0.0019675444371098764,NS,NS,0.465802336337138,0.963724134899497
SP1,Chiron_removal,-0.046895890268523,-0.005197380486246187,NS,NS,0.908130000950612,0.7544706528906311
SP1,FOXA1_overexpression,9.1778078649805e-4,0.0036961057093933547,NS,NS,0.998595782231936,0.8530722529158625
SP1,LIF_removal_24h,-0.129040465167735,-0.021678733610333678,NS,NS,0.75344251816719,0.08628842062559967
SP1,POU5F1_degradation,-0.855801763838855,-0.007960489679115825,Downregulated,NS,0.00647105338468306,0.4600822864357828
SP1,SOX2_degradation,-0.239149975782502,-0.0018298488405748977,NS,NS,0.277881765197766,0.8524283128248733
SP1,Serum,-0.142902366404522,0.006878032343054882,NS,NS,0.49052616545183,0.8708738109832502
SP1,Forskolin,-0.101592981597875,0.0028508819210609987,NS,NS,0.62222688874659,0.9681364143246259
SP1,Heat_shock,-0.471820531484899,0.04237552882423063,Downregulated,Upregulated,4.8098967145167e-4,0.001488309746268205
SP1,LIF_removal_1h,-0.186707208213381,0.0033491819599991562,NS,NS,0.856605853241138,0.9967208797546465
SP1,LIF_removal_3h,-0.0745676654471225,-0.005427219908522659,NS,NS,0.89918293817698,0.9990609479484573
SP1,LIF_removal_6h,-0.104581119973469,-0.006123512678979972,NS,NS,0.690856320864403,0.9972264321673686
SP1,mNPC_differentiation,-0.945930362918825,-0.07980276454786189,Downregulated,Downregulated,9.027271530591e-8,4.435343432498614e-8
SP1,TFCP2L1_knockdown,-0.152932852191552,-0.0025128930156329008,NS,NS,0.465802336337138,0.963724134899497
SREBF1,Chiron_removal,-0.0364207406595562,-0.002604976434926622,NS,NS,0.948826322066587,0.849032979238393
SREBF1,FOXA1_overexpression,-0.796238446316788,0.005828056551738306,NS,NS,0.778375299934821,0.9502801070408615
SREBF1,LIF_removal_24h,-0.129465700930447,4.047830868906195e-4,NS,NS,0.858199083286224,0.9643935030670072
SREBF1,POU5F1_degradation,-0.597149345585554,-0.012766033978757195,NS,NS,0.404940857962502,0.07270810770695665
SREBF1,SOX2_degradation,-0.322981789997508,-0.0023980169118296975,NS,NS,0.549510780368552,0.7446786830246702
SREBF1,Serum,-0.488634124234512,0.001617478437837818,Downregulated,NS,4.5122518436605e-4,0.9517175066834885
SREBF1,Forskolin,0.0575003045298766,-0.004668919076017979,NS,NS,0.796221184247031,0.9681364143246259
SREBF1,Heat_shock,0.302218355385373,0.008566066517637722,NS,NS,0.101454985267733,0.3725237447938702
SREBF1,LIF_removal_1h,-0.183686830397855,4.31462866695609e-5,NS,NS,0.923016082670136,0.9967208797546465
SREBF1,LIF_removal_3h,0.104181875660417,0.004035305580543424,NS,NS,0.86802305667349,0.9990609479484573
SREBF1,LIF_removal_6h,0.1352683198765,-2.513865025757561e-5,NS,NS,0.553158695017304,0.9972264321673686
SREBF1,mNPC_differentiation,0.277422742745832,-0.03279359348050814,NS,Downregulated,0.0568669089186233,1.651822059512265e-4
SREBF1,TFCP2L1_knockdown,-0.0161870204537416,0.004076609270411272,NS,NS,0.949428193153183,0.9451855424841861
SRF,Chiron_removal,0.0755666770051613,0.010475131091343116,NS,NS,0.908130000950612,0.7400327432847673
SRF,FOXA1_overexpression,0.776444379309452,0.04701401312472978,NS,NS,0.789720059729306,0.2866404198079901
SRF,LIF_removal_24h,-0.135049980531114,-0.007230656414242701,NS,NS,0.826324614279522,0.8216880819672066
SRF,POU5F1_degradation,0.512265786586296,0.03002641512981207,NS,NS,0.379474281508501,0.08346033740653677
SRF,SOX2_degradation,-0.0990447552357902,0.05062290563644771,NS,Upregulated,0.799038140005914,0.004207246360426837
SRF,Serum,1.38671225841355,0.002658662927225615,Upregulated,NS,4.50373301956259e-7,0.9628366525771274
SRF,Forskolin,-0.0598459189634008,1.5655466108057021e-4,NS,NS,0.800456935908377,0.9982454964048935
SRF,Heat_shock,-0.0872215829599832,0.03835898692898241,NS,NS,0.607629393558542,0.0898472790156007
SRF,LIF_removal_1h,0.130139298205836,-4.4846549711064637e-4,NS,NS,0.923016082670136,0.9967208797546465
SRF,LIF_removal_3h,0.218552776307596,-0.00742860234853969,NS,NS,0.672542266954426,0.9990609479484573
SRF,LIF_removal_6h,0.216084372459142,-0.004952286797867106,NS,NS,0.533305518051098,0.9972264321673686
SRF,mNPC_differentiation,0.104253494358029,0.1241486961715796,NS,Upregulated,0.595904903045741,3.26095500314106e-7
SRF,TFCP2L1_knockdown,0.191821394165629,0.007306331973886445,NS,NS,0.494098207084412,0.9451855424841861
STAT1,Chiron_removal,0.430302236915932,-0.009247160832163998,NS,NS,0.821329334768447,0.61443629483598206
STAT1,FOXA1_overexpression,0.116502903352374,0.00201836353777376,NS,NS,0.9678307207156,0.9600978523081293
STAT1,LIF_removal_24h,1.13679499606982,-0.038307939737893745,NS,Downregulated,0.0706582714740318,0.005782602060928112
STAT1,POU5F1_degradation,-0.00173780949787981,0.018209891715974598,NS,NS,0.998183087815994,0.06254305434172133
STAT1,SOX2_degradation,0.308925308883811,0.02518512387485305,NS,Upregulated,0.70008921660515,0.008654278365938291
STAT1,Serum,0.0869649427253467,0.0031893357278637556,NS,NS,0.787268293242213,0.9517175066834885
STAT1,Forskolin,-0.0754605410779051,-0.0031832650176341192,NS,NS,0.800456935908377,0.9681364143246259
STAT1,Heat_shock,0.681215293014184,0.08009694182492737,Upregulated,Upregulated,8.2618486259355e-4,9.694401558928164e-8
STAT1,LIF_removal_1h,-0.116594330861119,-0.030945962567528885,NS,NS,0.932680491379393,0.17282578580628447
STAT1,LIF_removal_3h,0.0235405581083638,-0.04104641438068875,NS,Downregulated,0.984763658191153,0.011200291006000587
STAT1,LIF_removal_6h,0.166497520551296,-0.030128064179707887,NS,NS,0.707654528191483,0.2136630749385262
STAT1,mNPC_differentiation,1.37918001417743,0.02658998181267267,Upregulated,Upregulated,9.027271530591e-8,0.01450130752886219
STAT1,TFCP2L1_knockdown,0.0790833193005707,-0.006228219253878698,NS,NS,0.867989986349093,0.9451855424841861
STAT1::STAT2,Chiron_removal,-0.391015823691664,-0.0077564464560015926,NS,NS,0.47987647202008,0.6589854866644699
STAT1::STAT2,FOXA1_overexpression,0.158126668061035,0.0013326906871265337,NS,NS,0.92869572764428,0.6953435166174923
STAT1::STAT2,LIF_removal_24h,-0.400752525508872,0.004794910011739197,NS,NS,0.543453417828404,0.8013457554801178
STAT1::STAT2,POU5F1_degradation,1.20799729585882,0.013111932314205396,Upregulated,NS,1.7549850209422e-4,0.18953624492082755
STAT1::STAT2,SOX2_degradation,0.0507112991175046,0.022232641122156255,NS,Upregulated,0.887849342842803,0.023477550089505226
STAT1::STAT2,Serum,-0.273838882350739,2.726067531619424e-4,NS,NS,0.140201506367517,0.9804067085384727
STAT1::STAT2,Forskolin,-0.17760580197438,0.005413150492122496,NS,NS,0.458869210911894,0.9681364143246259
STAT1::STAT2,Heat_shock,0.179418761508797,0.0031859846679650385,NS,NS,0.23547839268478,0.8591173725565814
STAT1::STAT2,LIF_removal_1h,-0.24642630696358,0.0031392305713469418,NS,NS,0.923016082670136,0.9967208797546465
STAT1::STAT2,LIF_removal_3h,0.0415486409053627,-0.010075595391031061,NS,NS,0.948797978487585,0.9990609479484573
STAT1::STAT2,LIF_removal_6h,0.0723458918904679,-0.0058090389838976984,NS,NS,0.789676869403813,0.9972264321673686
STAT1::STAT2,mNPC_differentiation,5.80376455729854,0.06983463824581189,Upregulated,Upregulated,4.20819363021879e-18,4.568644922742283e-7
STAT1::STAT2,TFCP2L1_knockdown,0.369607450099723,0.0031891810756487643,NS,NS,0.193314832873603,0.963724134899497
STAT3,Chiron_removal,0.0868170924301749,-0.00588162062084222,NS,NS,0.908130000950612,0.6589854866644699
STAT3,FOXA1_overexpression,-0.526792822131356,0.0025257398942307467,NS,NS,0.824739494734565,0.8763967947850061
STAT3,LIF_removal_24h,-3.68459956024501,-0.039541464189354184,Downregulated,Downregulated,7.76590115102891e-18,4.3325013747340006e-4
STAT3,POU5F1_degradation,-1.79913509305857,0.02048537927296508,Downregulated,Upregulated,0.00465150981124769,0.009515046948244647
STAT3,SOX2_degradation,-1.79341509308008,0.02531354728026635,Downregulated,Upregulated,3.01574995380698e-10,0.001156790342775151
STAT3,Serum,-0.410750078983767,-0.002823932280160392,Downregulated,NS,0.00677354718387124,0.9517175066834885
STAT3,Forskolin,-1.15255017760935,-0.007676918732214598,Downregulated,NS,3.05673128171551e-8,0.8237377628092393
STAT3,Heat_shock,1.02854003999111,0.07971448123388043,Upregulated,Upregulated,1.76943711810415e-7,1.6907035497170565e-9
STAT3,LIF_removal_1h,-0.293460575871353,-0.03373666427539484,NS,Downregulated,0.767024513433049,0.013178243385339036
STAT3,LIF_removal_3h,-0.777897441816574,-0.03857617995254818,Downregulated,Downregulated,0.00665588542551877,0.0023412476450096536
STAT3,LIF_removal_6h,-1.42483966528669,-0.030257387790000697,Downregulated,Downregulated,1.43756102159662e-7,0.045093549531850886
STAT3,mNPC_differentiation,-3.10405811402216,0.022402765284846502,Downregulated,Upregulated,1.96439962052076e-13,0.00920934418305006
STAT3,TFCP2L1_knockdown,-0.49884980314363,-0.005140368045880791,NS,NS,0.030252403759683,0.9451855424841861
STAT4,Chiron_removal,-0.211430643984142,-0.010340588930213149,NS,NS,0.764279213848641,0.624823844522862
STAT4,FOXA1_overexpression,0.291629694994254,0.0012530275051796744,NS,NS,0.82062655765857,0.6849150847116589
STAT4,LIF_removal_24h,-2.29778186683311,-0.01707140417435104,Downregulated,NS,8.25252885671358e-8,0.26899970665838635
STAT4,POU5F1_degradation,-0.740766106477414,0.010481682174774734,NS,NS,0.0228653788033794,0.41890836829334877
STAT4,SOX2_degradation,-1.34760287054739,0.02234158911946118,Downregulated,NS,6.33030277170741e-6,0.0605324355368102
STAT4,Serum,-0.33759657816589,-0.002006520645342417,NS,NS,0.0349677362685863,0.9628366525771274
STAT4,Forskolin,0.411768584139749,-7.774566073255693e-5,NS,NS,0.0293012347830407,0.9982454964048935
STAT4,Heat_shock,0.91845683835151,0.03585671587620045,Upregulated,Upregulated,7.98862712231674e-6,0.0225419891159305
STAT4,LIF_removal_1h,0.0208451945566987,-0.020714800576218655,NS,NS,0.978707603082499,0.9967208797546465
STAT4,LIF_removal_3h,-0.587499901205921,-0.02460718058509543,NS,NS,0.090187071704227,0.9990609479484573
STAT4,LIF_removal_6h,-1.09570683005045,-0.017066518182547195,Downregulated,NS,4.97722776581374e-7,0.9900224097324921
STAT4,mNPC_differentiation,-1.77883271816159,0.07426701270315551,Downregulated,Upregulated,5.66035523054596e-10,3.812049182925422e-6
STAT4,TFCP2L1_knockdown,-0.467909174759118,-0.006961439232772027,NS,NS,0.0281064276558288,0.9451855424841861
STAT6,Chiron_removal,NA,0.005850104654441171,NA,NS,NA,0.849032979238393
STAT6,FOXA1_overexpression,NA,0.029695657913972245,NA,NS,NA,0.8530722529158625
STAT6,LIF_removal_24h,NA,9.017818428914007e-4,NA,NS,NA,0.9643935030670072
STAT6,POU5F1_degradation,NA,-0.007014978662872569,NA,NS,NA,0.7237429626906746
STAT6,SOX2_degradation,NA,0.010872446190103652,NA,NS,NA,0.5382537765211548
TCF7,Chiron_removal,-4.8340326888891,-0.14417683546375032,Downregulated,Downregulated,6.23725724900778e-13,1.3046162538499758e-7
TCF7,FOXA1_overexpression,-1.23843937134416,-0.0052050388183005735,NS,NS,0.102531993832312,0.5775547439282114
TCF7,LIF_removal_24h,-1.41231627533851,-0.041341930183197206,NS,NS,0.0706582714740318,0.09441060591238264
TCF7,POU5F1_degradation,-0.327701387182957,-0.012791024539597465,NS,NS,0.379474281508501,0.5519563806111738
TCF7,SOX2_degradation,0.85739354346581,-0.04961394362332605,Upregulated,Downregulated,3.48989011190433e-5,0.011197003865139396
TCF7,Serum,-1.95012383219417,-0.0872288036843506,Downregulated,Downregulated,2.83369895632544e-6,0.007295380044257668
TCF7,Forskolin,0.638597035135159,0.0069774102758762835,NS,NS,0.0898376754153211,0.9681364143246259
TCF7,Heat_shock,-0.420530158533612,-0.0567456824749337,NS,Downregulated,0.117252990347268,0.024748371756012043
TCF7,LIF_removal_1h,-0.11122728560116,0.007856589604528688,NS,NS,0.932201579881635,0.9967208797546465
TCF7,LIF_removal_3h,-0.217303340877131,-0.03414018833680141,NS,NS,0.890857641398841,0.9990609479484573
TCF7,LIF_removal_6h,-0.413990012256799,-0.03935229147232687,NS,NS,0.535884472001341,0.8041679321957751
TCF7,mNPC_differentiation,-3.2424817686359,-0.20220481094971948,Downregulated,Downregulated,2.32256177291755e-8,3.7846041652997005e-10
TCF7,TFCP2L1_knockdown,0.298453885735701,-0.013014665536982228,NS,NS,0.633293727882108,0.9451855424841861
TCF7L2,Chiron_removal,-5.37088665755194,-0.1469341331515297,Downregulated,Downregulated,0.00169839342902536,4.804198475699021e-7
TCF7L2,FOXA1_overexpression,-1.03565945265409,0.008101588652589184,NS,NS,0.90610426059522,0.6692220437713786
TCF7L2,LIF_removal_24h,-0.103087014923098,-0.040094392902943386,NS,NS,0.988405941782305,0.16655427090323313
TCF7L2,POU5F1_degradation,-0.266132803176012,-0.027896024557676233,NS,NS,0.886117861662768,0.2104860333946366
TCF7L2,SOX2_degradation,-0.724933436517397,-0.083609117601113,NS,Downregulated,0.642262773266044,3.914341754368403e-4
TCF7L2,Serum,-1.75352279931912,-0.0828277918958833,Downregulated,Downregulated,1.4092619074041e-4,0.03304526173201026
TCF7L2,Forskolin,0.960469846763945,0.013978570047560042,NS,NS,0.0126044405535822,0.9681364143246259
TCF7L2,Heat_shock,-0.12159149362882,-0.05546652540332597,NS,NS,0.697880665263242,0.055164923432977776
TCF7L2,LIF_removal_1h,-0.179994885925241,0.011706239565811342,NS,NS,0.932201579881635,0.9967208797546465
TCF7L2,LIF_removal_3h,0.143067465847657,-0.029247649739401412,NS,NS,0.941411719001189,0.9990609479484573
TCF7L2,LIF_removal_6h,-0.127212151071401,-0.04211905558597839,NS,NS,0.847685360720486,0.8041679321957751
TCF7L2,mNPC_differentiation,-3.68711304140065,-0.1813863946284495,Downregulated,Downregulated,4.91984430183066e-9,3.2942384420964894e-8
TCF7L2,TFCP2L1_knockdown,0.382288554341904,-0.012553503555922788,NS,NS,0.596580434937832,0.9451855424841861
TEAD1,Chiron_removal,0.44991329193077,0.03579608436639779,NS,NS,0.0120953255215188,0.5213901931117476
TEAD1,FOXA1_overexpression,0.221789567379107,0.050953074687843,NS,NS,0.922631756910257,0.16802400213425228
TEAD1,LIF_removal_24h,0.328192448372901,-0.0052941035720064575,NS,NS,0.0759906103193245,0.9246026110448676
TEAD1,POU5F1_degradation,0.969316337492324,0.06541082027360587,NS,Upregulated,0.0150055251590282,0.02213550050190645
TEAD1,SOX2_degradation,0.348177366035264,0.1012982396112138,NS,Upregulated,0.0755267001837405,5.241398685455654e-4
TEAD1,Serum,0.89835091563775,0.0635993445199628,Upregulated,NS,1.41111044104366e-6,0.22697685449704522
TEAD1,Forskolin,-0.786391568590037,-0.061975024739871126,Downregulated,NS,1.6772291745881e-4,0.600464409669548
TEAD1,Heat_shock,-0.574373719811601,0.12074683868306547,Downregulated,Upregulated,0.00144022120745189,0.0012972890417545834
TEAD1,LIF_removal_1h,-0.0738517233037413,0.033515974444640696,NS,NS,0.932201579881635,0.9967208797546465
TEAD1,LIF_removal_3h,0.169684028747148,0.011273442850078263,NS,NS,0.794304778765172,0.9990609479484573
TEAD1,LIF_removal_6h,0.0711137119076069,0.0021681902961043636,NS,NS,0.789676869403813,0.9972264321673686
TEAD1,mNPC_differentiation,-3.0570314075994802,-0.05174737451962581,Downregulated,NS,4.27874682571484e-13,0.09105902053683715
TEAD1,TFCP2L1_knockdown,-0.124956836108676,-0.015189107323892156,NS,NS,0.633293727882108,0.9451855424841861
TFAP2A,Chiron_removal,0.0988127413515438,-0.014849826383904153,NS,NS,0.908130000950612,0.61443629483598206
TFAP2A,FOXA1_overexpression,-0.430810921892211,0.015774361045741314,NS,NS,0.92869572764428,0.7117911894224829
TFAP2A,LIF_removal_24h,0.190082548796161,-0.02702683029706486,NS,NS,0.826324614279522,0.1731041525083112
TFAP2A,POU5F1_degradation,0.358313743671077,0.08215482271197498,NS,Upregulated,0.581505840282649,1.0406500647112954e-5
TFAP2A,SOX2_degradation,-0.234028379249181,-0.008981699594143362,NS,NS,0.709825190908595,0.5744292533110578
TFAP2A,Serum,-0.152747827855487,-0.010435142115898266,NS,NS,0.576322519607054,0.8708738109832502
TFAP2A,Forskolin,-0.185785494858701,-0.0016563895254731453,NS,NS,0.5922124178643,0.9982454964048935
TFAP2A,Heat_shock,0.143930914782434,0.02237125928667258,NS,NS,0.426608550637974,0.27886790923652327
TFAP2A,LIF_removal_1h,0.0983908902680911,-6.40851526984565e-5,NS,NS,0.932201579881635,0.9967208797546465
TFAP2A,LIF_removal_3h,0.0562834826204842,0.0033207768285285974,NS,NS,0.948797978487585,0.9990609479484573
TFAP2A,LIF_removal_6h,0.122277908311111,-0.0072421532559503645,NS,NS,0.749257493520019,0.9972264321673686
TFAP2A,mNPC_differentiation,-0.0264666830053169,-0.002233735957792405,NS,NS,0.923396397860342,0.9041984630641725
TFAP2A,TFCP2L1_knockdown,0.00412575376318018,-8.939198949599204e-4,NS,NS,0.995887257620177,0.9844654444247022
TFCP2L1,Chiron_removal,0.0705978772636923,-0.08228035226418001,NS,Downregulated,0.924470134583865,4.804198475699021e-7
TFCP2L1,FOXA1_overexpression,-1.44786512319763,-0.029018310672265943,NS,NS,0.777623211132242,0.2866404198079901
TFCP2L1,LIF_removal_24h,-0.246130999752674,-0.06229400154420524,NS,Downregulated,0.785376171246892,5.512635595181867e-4
TFCP2L1,POU5F1_degradation,-0.545839316278482,-0.029721215557516743,NS,Downregulated,0.580987176146907,0.02213550050190645
TFCP2L1,SOX2_degradation,-0.393135436447547,0.09523039272160369,NS,Upregulated,0.449560734760432,1.8727145247182732e-8
TFCP2L1,Serum,-0.158027989309769,-0.031093783460313378,NS,NS,0.567501281438118,0.17846571111885282
TFCP2L1,Forskolin,-0.236122148038902,0.023601382140136185,NS,NS,0.410277691344872,0.67589823935099
TFCP2L1,Heat_shock,-0.811022849231937,-0.13237756798689138,Downregulated,Downregulated,4.731667977112e-4,1.6907035497170565e-9
TFCP2L1,LIF_removal_1h,-0.393701810081147,0.005994409376150069,NS,NS,0.923016082670136,0.9967208797546465
TFCP2L1,LIF_removal_3h,-0.155173264235078,-9.299772729226552e-5,NS,NS,0.86802305667349,0.9990609479484573
TFCP2L1,LIF_removal_6h,-0.0929078654524608,-0.003340491233366204,NS,NS,0.789676869403813,0.9972264321673686
TFCP2L1,mNPC_differentiation,-2.42599330831023,-0.14924459103775328,Downregulated,Downregulated,1.8829101844133e-9,2.4662269955645768e-11
TFCP2L1,TFCP2L1_knockdown,-1.39610185063586,-0.10364439875463001,Downregulated,Downregulated,1.95123892302064e-6,8.311007267971029e-7
TFEB,Chiron_removal,-0.342080484655405,-0.027093682268466195,NS,NS,0.464339361893362,0.5682053278449876
TFEB,FOXA1_overexpression,-0.700752267368696,0.04311376108363439,NS,NS,0.789720059729306,0.9647565003951759
TFEB,LIF_removal_24h,-0.0783318228584994,-0.024452358669630785,NS,NS,0.869798620403248,0.47453017824735927
TFEB,POU5F1_degradation,0.16909120027259,0.04078612506071688,NS,NS,0.696579722481535,0.09053725265793292
TFEB,SOX2_degradation,0.25900517870597,0.055686316297205586,NS,Upregulated,0.314476333054412,0.01944724167543593
TFEB,Serum,-0.219332033897067,-0.015687915462129713,NS,NS,0.202568371480329,0.8951261095962638
TFEB,Forskolin,0.657697506107946,0.03154441188119779,Upregulated,NS,9.52588663399839e-5,0.8015285467688589
TFEB,Heat_shock,0.207933453889898,0.13921779740650378,NS,Upregulated,0.128692466197378,5.2002002286016484e-5
TFEB,LIF_removal_1h,-0.0424855952101043,0.0029527512469221286,NS,NS,0.974078750991532,0.9967208797546465
TFEB,LIF_removal_3h,0.023634884186375,2.915974861414372e-5,NS,NS,0.971859608156162,0.9990609479484573
TFEB,LIF_removal_6h,0.116580630336683,-0.002161252199971598,NS,NS,0.630035505224103,0.9972264321673686
TFEB,mNPC_differentiation,-0.465279726353793,-0.05813897613648261,NS,Downregulated,0.0111585100807568,0.03307113839902677
TFEB,TFCP2L1_knockdown,0.134218989484355,0.006626404606125047,NS,NS,0.497919754744324,0.963724134899497
THRA,Chiron_removal,-0.110668103228354,-0.009724187939643495,NS,NS,0.908130000950612,0.624823844522862
THRA,FOXA1_overexpression,1.58731430492546,0.016140326452420476,NS,NS,0.705293673547243,0.5195170205612809
THRA,LIF_removal_24h,0.281399287268253,-0.029020294793128724,NS,Downregulated,0.824105336145308,0.04192421006958389
THRA,POU5F1_degradation,0.0877637277111679,0.009515893755568414,NS,NS,0.939042585085944,0.42804920779459155
THRA,SOX2_degradation,0.504253804493625,0.027742737522560505,NS,Upregulated,0.517695656537174,0.013146629116923811
THRA,Serum,-0.0010417036708585,-0.007797795309657866,NS,NS,0.998980054615421,0.8708738109832502
THRA,Forskolin,0.635504486423505,-3.5504557693784647e-4,Upregulated,NS,0.00131145254789763,0.9982454964048935
THRA,Heat_shock,0.682270619064637,0.024087389407225136,Upregulated,NS,1.30568050594598e-5,0.10068166587160184
THRA,LIF_removal_1h,-0.344049480168572,0.0025647666989687887,NS,NS,0.856605853241138,0.9967208797546465
THRA,LIF_removal_3h,-0.0773060120608895,-0.00741016828722427,NS,NS,0.910647543770054,0.9990609479484573
THRA,LIF_removal_6h,0.147652997318378,-0.0015237295802509728,NS,NS,0.585474944051297,0.9972264321673686
THRA,mNPC_differentiation,0.198287218309101,-0.025322651870988977,NS,Downregulated,0.222936517251534,0.045078107222377685
THRA,TFCP2L1_knockdown,-0.0171031092801844,-0.004035411242465101,NS,NS,0.950884552876781,0.963724134899497
THRB,Chiron_removal,-0.127427075142286,-0.012050080808290165,NS,NS,0.908130000950612,0.624823844522862
THRB,LIF_removal_24h,-1.14314446088744,-0.04082520652935559,NS,Downregulated,0.178418581816849,0.020627498123460746
THRB,POU5F1_degradation,0.39078735304085,0.02740120787569002,NS,NS,0.663228551541711,0.05051855025828066
THRB,SOX2_degradation,0.64640457062996,0.03671516978592536,NS,Upregulated,0.549510780368552,0.007784198274216011
THRB,Serum,0.291042761424429,-0.022212340044625963,NS,NS,0.18266794053754,0.5735095287122544
THRB,Forskolin,0.632255691544971,-0.012670731849930731,Upregulated,NS,0.00171011653668499,0.8351111067758511
THRB,FOXA1_overexpression,-0.256921632204922,-0.03762299019156414,NS,NS,0.92869572764428,0.8813893490917688
THRB,Heat_shock,0.522253861118355,0.030996569442505045,Upregulated,NS,0.00630159153581901,0.08005616158045405
THRB,LIF_removal_1h,-0.145479753947922,-0.012218861820089676,NS,NS,0.932201579881635,0.9967208797546465
THRB,LIF_removal_3h,0.2162087227533,-0.009056805231125566,NS,NS,0.86802305667349,0.9990609479484573
THRB,LIF_removal_6h,0.0892279877739845,-0.011514746790164431,NS,NS,0.789676869403813,0.9972264321673686
THRB,mNPC_differentiation,0.765006507716344,-0.04918732664984188,Upregulated,Downregulated,0.00145086381734681,0.0021049170788919273
THRB,TFCP2L1_knockdown,-0.238292648893627,-0.021772594207487624,NS,NS,0.407557745794002,0.9451855424841861
TP53,Chiron_removal,0.349453234417828,0.008462325936943026,NS,NS,0.285631010498879,0.7530667305908444
TP53,FOXA1_overexpression,0.262502513311896,0.0032658990581317703,NS,NS,0.923104213148729,0.7892016350142783
TP53,LIF_removal_24h,0.397817875611515,-0.007039281008479193,NS,NS,0.178418581816849,0.8216880819672066
TP53,POU5F1_degradation,0.0674572793725733,0.021839817363242642,NS,NS,0.939042585085944,0.17135524362901908
TP53,SOX2_degradation,-0.0617191849665405,0.025506457630217402,NS,NS,0.799038140005914,0.10471738558407023
TP53,Serum,-0.182221316403556,0.0023454717171185035,NS,NS,0.694136540820033,0.9628366525771274
TP53,Forskolin,0.208712352117067,-0.011781802895289323,NS,NS,0.606340217168693,0.9681364143246259
TP53,Heat_shock,-1.40651813637158,-0.009056625323636993,Downregulated,NS,4.73084299657819e-5,0.7163192226428854
TP53,LIF_removal_1h,-0.27030714521865,0.0012006929788927305,NS,NS,0.923016082670136,0.9967208797546465
TP53,LIF_removal_3h,-0.194655011663632,0.006927165289546285,NS,NS,0.890857641398841,0.9990609479484573
TP53,LIF_removal_6h,0.0171755537233314,0.008984132345504272,NS,NS,0.973286817510173,0.9972264321673686
TP53,mNPC_differentiation,-2.29514021826966,-0.041935869587441645,Downregulated,Downregulated,1.86488276555122e-7,0.02039605378233441
TP53,TFCP2L1_knockdown,0.0806492217877257,-2.360849928603366e-4,NS,NS,0.897469053982489,0.9921339521533115
VDR::RXRA,Chiron_removal,-0.470621327207605,-0.006807857200036252,NS,NS,0.550477375054268,0.61443629483598206
VDR::RXRA,FOXA1_overexpression,-0.770016009919399,0.0250997082849116,NS,NS,0.789720059729306,0.09862780951980517
VDR::RXRA,LIF_removal_24h,0.0413099478521542,-0.018203990020843545,NS,Downregulated,0.988405941782305,0.039661033315086795
VDR::RXRA,POU5F1_degradation,-0.460581495751795,0.00699370010058459,NS,NS,0.580987176146907,0.3321286274867608
VDR::RXRA,SOX2_degradation,-0.332880530586229,-0.013264298655016628,NS,NS,0.614608552968505,0.050444893377280677
VDR::RXRA,Serum,-0.253681144872118,-0.01481687633732159,NS,NS,0.195894564889422,0.2743076612318589
VDR::RXRA,Forskolin,-0.369608199592917,0.004751474796728425,NS,NS,0.0836770295094799,0.9681364143246259
VDR::RXRA,Heat_shock,-0.0402818528678642,0.02805770031974624,NS,Upregulated,0.822890409590098,0.00204634320146718
VDR::RXRA,LIF_removal_1h,-0.732948961290337,0.010545261729331042,NS,NS,0.574158068506998,0.9967208797546465
VDR::RXRA,LIF_removal_3h,0.00736872291893306,-0.01344266306816036,NS,NS,0.984763658191153,0.9990609479484573
VDR::RXRA,LIF_removal_6h,0.0925613083591019,-0.010686037207569738,NS,NS,0.789676869403813,0.9900224097324921
VDR::RXRA,mNPC_differentiation,0.063148137758154,-0.1394098155674754,NS,Downregulated,0.715489708517325,2.721787358697891e-16
VDR::RXRA,TFCP2L1_knockdown,0.129950077934537,-0.00711466247225376,NS,NS,0.653842661224964,0.9451855424841861
WT1,Chiron_removal,0.363439003373035,0.015856874146421965,NS,NS,0.456775331809384,0.26412399151909105
WT1,FOXA1_overexpression,0.562245134760632,0.0026162224013957652,NS,NS,0.797866376144013,0.5775547439282114
WT1,LIF_removal_24h,0.0454668400444277,0.01116451096697983,NS,NS,0.97385159338697,0.3666149529215206
WT1,POU5F1_degradation,-0.154529475388806,-0.016349352202873296,NS,NS,0.813704028138571,0.07772137817025734
WT1,SOX2_degradation,-0.986053470578571,-0.04136946275112793,Downregulated,Downregulated,6.8127819144044e-4,7.090762718795319e-5
WT1,Serum,0.991160961409231,0.008481758212536706,Upregulated,NS,2.8062105808355e-5,0.8552617658543936
WT1,Forskolin,-0.274291965262008,-0.010849095875390128,NS,NS,0.253076174893608,0.8015285467688589
WT1,Heat_shock,0.0232948580222594,0.021770942775809442,NS,NS,0.894535837508534,0.06859768998390657
WT1,LIF_removal_1h,0.127493714233605,0.014329593876502617,NS,NS,0.932201579881635,0.9967208797546465
WT1,LIF_removal_3h,0.0668609261189924,0.0016102860944548227,NS,NS,0.941411719001189,0.9990609479484573
WT1,LIF_removal_6h,0.142883817445393,-0.002341547593736163,NS,NS,0.638265149569028,0.9972264321673686
WT1,mNPC_differentiation,-0.257253514240274,-0.011704511358981722,NS,NS,0.235628351391489,0.24845774184928066
WT1,TFCP2L1_knockdown,0.169699966975716,-0.00966796287248312,NS,NS,0.553072105451196,0.9451855424841861
XBP1,Chiron_removal,-0.150338173342602,0.009187659978434303,NS,NS,0.843494006530403,0.7113708224802776
XBP1,FOXA1_overexpression,0.20057097704917,0.053407167164640425,NS,NS,0.922631756910257,0.18858150492632292
XBP1,LIF_removal_24h,0.229930482989254,0.009594831040109613,NS,NS,0.737549020973475,0.6725064295491626
XBP1,POU5F1_degradation,1.04108414586535,0.033154777054400536,Upregulated,Upregulated,0.00736072026864648,0.020650322059134578
XBP1,SOX2_degradation,0.141393415899581,0.06364538225980543,NS,Upregulated,0.59398995209217,4.827902084838059e-5
XBP1,Serum,-0.0319018543444198,0.01678628172594493,NS,NS,0.79170321070972,0.7703495659110506
XBP1,Forskolin,0.379662799217123,0.035840348720090544,Upregulated,NS,0.00767605415899922,0.3960255728694819
XBP1,Heat_shock,-0.38742421704607,0.041115214454938084,NS,Upregulated,0.0141732151024402,0.021405352709961595
XBP1,LIF_removal_1h,-0.12297046021074,0.004658839970816956,NS,NS,0.923016082670136,0.9967208797546465
XBP1,LIF_removal_3h,0.0131404487129971,0.0018905365568268467,NS,NS,0.984763658191153,0.9990609479484573
XBP1,LIF_removal_6h,-0.0194336920105263,0.00328816094517383,NS,NS,0.901840921210465,0.9972264321673686
XBP1,mNPC_differentiation,-0.297635544655586,0.06001999171800967,NS,Upregulated,0.0305580954253265,3.204089016592078e-4
XBP1,TFCP2L1_knockdown,0.378698828779245,0.004393453980194601,NS,NS,0.0209175641196253,0.963724134899497
ZFP42,Chiron_removal,0.00721622542382296,0.013839019763124348,NS,NS,0.988247713212632,0.61443629483598206
ZFP42,FOXA1_overexpression,0.440088863370854,0.055504221071269635,NS,NS,0.922631756910257,0.47834243610031113
ZFP42,LIF_removal_24h,0.22120715800908,0.05165814483552881,NS,Upregulated,0.682813233196246,0.006231334989688779
ZFP42,POU5F1_degradation,-0.549229985987253,0.034416677762190595,NS,Upregulated,0.296066666602025,0.020031376533946044
ZFP42,SOX2_degradation,-0.173788474312493,0.029327252381791607,NS,Upregulated,0.675036862688785,0.034945663551418094
ZFP42,Serum,0.0401388970273316,0.004520129248821312,NS,NS,0.877737031336357,0.9517175066834885
ZFP42,Forskolin,-0.262339912821213,0.001460059207343694,NS,NS,0.253076174893608,0.9982454964048935
ZFP42,Heat_shock,0.60646074897356,-0.04399280442885761,Upregulated,Downregulated,4.8098967145167e-4,0.017205942255043696
ZFP42,LIF_removal_1h,0.210750183831446,-0.009976335628295006,NS,NS,0.918319072311947,0.9967208797546465
ZFP42,LIF_removal_3h,0.228351738121215,-0.005467414442324334,NS,NS,0.672542266954426,0.9990609479484573
ZFP42,LIF_removal_6h,0.167076356190844,-8.919929864736088e-4,NS,NS,0.587914025556574,0.9972264321673686
ZFP42,mNPC_differentiation,0.608522968434905,0.0012670619170291955,Upregulated,NS,0.00746305465843373,0.9302834456645818
ZFP42,TFCP2L1_knockdown,0.335563162953824,0.011681742874267393,NS,NS,0.263584646905987,0.9451855424841861
ZFX,Chiron_removal,0.227534303415909,0.015728228888803843,NS,NS,0.369237790782743,0.61443629483598206
ZFX,Serum,-0.00937745067074491,-0.0052828307868093335,NS,NS,0.976831826666513,0.9517175066834885
ZFX,Forskolin,-0.153236725629095,-0.007009700878790189,NS,NS,0.5922124178643,0.9681364143246259
ZFX,FOXA1_overexpression,0.805796415698402,0.06659820725750892,NS,NS,0.421065485740562,0.5497097081288895
ZFX,Heat_shock,0.268183879095401,-0.0017514398666446155,NS,NS,0.0897501807771638,0.9745901527679885
ZFX,LIF_removal_1h,0.147219637643957,-0.007901665200343732,NS,NS,0.923016082670136,0.9967208797546465
ZFX,LIF_removal_24h,0.0952198989074506,0.002895108058754994,NS,NS,0.785376171246892,0.9246026110448676
ZFX,LIF_removal_3h,0.134714599504206,-0.011953904071635534,NS,NS,0.86802305667349,0.9990609479484573
ZFX,LIF_removal_6h,0.154737045504148,-0.004776641625322597,NS,NS,0.630035505224103,0.9972264321673686
ZFX,mNPC_differentiation,-0.0540926300781449,0.001427074138261329,NS,NS,0.8161787150625,0.9302834456645818
ZFX,POU5F1_degradation,-0.233883579909953,0.021403347421162712,NS,NS,0.55808781469597,0.16868008042298313
ZFX,SOX2_degradation,-1.14116060025999,0.017187638411035985,Downregulated,NS,1.09501262925726e-6,0.2807222950774564
ZFX,TFCP2L1_knockdown,0.151260599408495,-0.006635870885117365,NS,NS,0.592241145386977,0.9451855424841861
