tf,condition,primetime_logFC,chromVAR_dif,tobias_logFC,primetime_sign,chromVAR_sign,tobias_sign,primetime_pval_adj,chromVAR_pval_adj,tobias_pvalue
AHR::ARNT,Chiron_removal,-0.143413457053819,-0.002649559880394592,0.01126,NS,NS,NS,0.908130000950612,0.849032979238393,1.16512e-15
AHR::ARNT,FOXA1_overexpression,0.328294657978282,0.014248456437556938,-0.02066,NS,NS,Downregulated,0.92869572764428,0.18858150492632292,2.65174e-19
AHR::ARNT,LIF_removal_24h,-0.306137016034605,0.013189112856350004,0.02708,NS,NS,NS,0.624311823964817,0.14671534321325785,2.14814e-48
AHR::ARNT,POU5F1_degradation,-0.22756029238387,0.012751616808442803,0.13657,NS,NS,NS,0.652642869048641,0.07270810770695665,4.87084e-106
AHR::ARNT,SOX2_degradation,-0.397736064830295,0.027490341256044305,0.14072,NS,Upregulated,NS,0.311129664481955,2.966516391011139e-4,5.6935e-111
AHR::ARNT,Serum,-0.278201607391952,0.010019659292600874,0.05456,NS,NS,NS,0.220945763555256,0.6180134095865403,2.37996e-70
AHR::ARNT,Forskolin,-0.126518026430182,0.013214586945465038,0.08849,NS,NS,NS,0.664735117957934,0.67589823935099,3.15971e-88
AHR::ARNT,Heat_shock,-0.108523637172716,0.022043217355125173,0.13993,NS,Upregulated,NS,0.569265210173949,0.016914099468669428,2.3688699999999995e-103
AHR::ARNT,LIF_removal_1h,-0.525085759967338,0.0035452865080661186,0.04383,NS,NS,NS,0.902470035765118,0.9967208797546465,1.2008099999999999e-54
AHR::ARNT,LIF_removal_3h,0.0728168753597656,0.00925851114958454,0.05034,NS,NS,NS,0.941411719001189,0.9990609479484573,3.23916e-59
AHR::ARNT,LIF_removal_6h,0.172306887596952,0.006709557530265449,0.07051,NS,NS,NS,0.585474944051297,0.9972264321673686,9.82496e-74
AHR::ARNT,mNPC_differentiation,-0.215376817243776,0.014446464230162652,0.08965,NS,NS,NS,0.310326328757336,0.06523491577306635,1.9277e-89
AHR::ARNT,TFCP2L1_knockdown,0.224621619326697,0.02296519300143651,0.10027,NS,NS,NS,0.407557745794002,0.11011455457640937,8.93674e-90
AHR::ARNT,Forskolin_stimulation_NPC_24h,0.511137189160972,0.003455560082750551,-0.04641,NS,NS,Downregulated,0.0604082121901965,0.9667729220897776,1.5363699999999998e-57
AHR::ARNT,Forskolin_stimulation_NPC_4h,0.301327285567696,0.005820065864371003,-0.04152,NS,NS,Downregulated,0.303350380950663,0.984794634191944,1.78015e-49
AHR::ARNT,Heat_shock_NPC,0.547646917114215,0.011405459703939087,-0.1023,NS,NS,Downregulated,0.0688688063195613,0.29108057616928135,1.31689e-91
AR,Chiron_removal,-0.0412839618756966,0.009573973759713597,-0.0274,NS,NS,Downregulated,0.968371354433597,0.7113708224802776,2.2902100000000002e-26
AR,FOXA1_overexpression,0.861779721941016,-0.0036003257736025376,0.01175,NS,NS,NS,0.789720059729306,0.8370377253209992,9.17019e-4
AR,LIF_removal_24h,0.329265700542341,4.419223899572314e-4,0.00109,NS,NS,NS,0.768745598943699,0.9742796780951672,0.631807
AR,POU5F1_degradation,-0.828312213882648,0.015113207355493647,-0.10125,NS,NS,Downregulated,0.252296003771503,0.32458443531237846,1.88338e-75
AR,SOX2_degradation,0.544500415062547,0.003097564725621991,-0.09406,NS,NS,Downregulated,0.571482764304678,0.8427805047208303,1.7478500000000001e-68
AR,Serum,0.0955613861587954,-0.0054342172417402,-0.03391,NS,NS,Downregulated,0.722563468863308,0.9517175066834885,3.44213e-27
AR,Forskolin,-0.15249881424066,0.0065291981092954,-0.05754,NS,NS,Downregulated,0.596195974639501,0.9681364143246259,2.37311e-43
AR,Heat_shock,0.749759893664163,-0.028806496644572997,-0.03484,Upregulated,NS,Downregulated,8.02064187682987e-5,0.1373186540427959,2.67795e-23
AR,LIF_removal_1h,0.294388301969924,0.0018311151920778748,-0.0455,NS,NS,Downregulated,0.932201579881635,0.9967208797546465,1.1656699999999999e-32
AR,LIF_removal_3h,0.0379192367321269,0.010824927701406497,-0.07617,NS,NS,Downregulated,0.962348152841308,0.9990609479484573,4.2892799999999997e-51
AR,LIF_removal_6h,0.318128525561585,0.013574254598321494,-0.02705,NS,NS,Downregulated,0.45859884875666,0.9972264321673686,3.58003e-18
AR,mNPC_differentiation,0.564975223893727,-0.02262052068098211,-0.02523,NS,NS,Downregulated,0.0111585100807568,0.1607094395889738,5.62807e-22
AR,TFCP2L1_knockdown,0.275924355036773,0.009986533033598274,-0.02452,NS,NS,Downregulated,0.357129154853888,0.9451855424841861,1.02312e-13
AR,Forskolin_stimulation_NPC_24h,-0.108733414297797,0.003009298738347233,0.04672,NS,NS,NS,0.936313341342127,0.9667729220897776,1.40768e-34
AR,Forskolin_stimulation_NPC_4h,0.187063450136398,0.010156991705943792,0.06349,NS,NS,NS,0.550124400626186,0.9666094390764637,1.2861700000000001e-41
AR,Heat_shock_NPC,0.570603160459504,-0.02704127366126719,0.00169,NS,NS,NS,0.0186458925266239,0.0974496990246508,0.332135
ATF2,Chiron_removal,0.236525043943328,-0.006239647580472416,-0.08804,NS,NS,Downregulated,0.908130000950612,0.8586879062073746,1.5089200000000002e-70
ATF2,FOXA1_overexpression,0.577136501420924,0.024811844774856057,-0.02404,NS,NS,Downregulated,0.922631756910257,0.7747498597074288,1.61647e-17
ATF2,LIF_removal_24h,0.707574981263899,0.016930242003281658,-0.09315,NS,NS,Downregulated,0.392037494231172,0.579930792618031,2.6836900000000003e-70
ATF2,POU5F1_degradation,-0.490708114323791,0.08375588925997743,0.2446,NS,Upregulated,NS,0.620399033732159,2.9210031938238593e-4,5.19904e-113
ATF2,SOX2_degradation,-0.754690920877808,0.09023941505987584,0.23746,NS,Upregulated,NS,0.323968297792402,7.310141407092974e-5,6.95702e-119
ATF2,Serum,0.386199157640155,0.016840377957536415,0.12146,NS,NS,NS,0.048821198910752,0.8585517871460399,3.03058e-87
ATF2,Forskolin,0.069894176883494,0.020155912292300307,0.09355,NS,NS,NS,0.800456935908377,0.8351111067758511,4.9296399999999996e-71
ATF2,Heat_shock,0.278040371512567,0.025844143820227546,0.08906,NS,NS,NS,0.180504366766146,0.3530161867622956,2.9716599999999997e-66
ATF2,LIF_removal_1h,-0.147567744710529,-3.5652898765047014e-4,0.03052,NS,NS,NS,0.932201579881635,0.9967208797546465,1.0476000000000001e-31
ATF2,LIF_removal_3h,0.160221336465406,0.002924012336893756,0.05738,NS,NS,NS,0.884335268735684,0.9990609479484573,4.52722e-47
ATF2,LIF_removal_6h,0.134900528243749,0.00762401653134611,-0.02189,NS,NS,Downregulated,0.705556703168765,0.9972264321673686,1.02698e-17
ATF2,mNPC_differentiation,2.60945328839663,0.11175790441429531,0.14341,Upregulated,Upregulated,NS,7.57576591702512e-17,1.7743934753942828e-5,1.09159e-90
ATF2,TFCP2L1_knockdown,-0.0291447847583985,0.023693785839047722,0.0392,NS,NS,NS,0.949428193153183,0.9451855424841861,2.4980599999999997e-40
ATF2,Forskolin_stimulation_NPC_24h,-0.543317448594142,0.012826061247367966,-0.01861,NS,NS,Downregulated,0.0365654488192946,0.9667729220897776,3.43223e-17
ATF2,Forskolin_stimulation_NPC_4h,0.623979699482893,0.02828993958280862,0.03682,Upregulated,NS,NS,0.00179545932968676,0.6862259066227678,1.8840699999999998e-29
ATF2,Heat_shock_NPC,-0.208914001706558,0.06585846651563473,-0.06478,NS,Upregulated,Downregulated,0.31463623753435,0.005107941297101158,1.08997e-50
ATF4,Chiron_removal,0.0332175947217956,-0.015920006931942232,-0.09561,NS,NS,Downregulated,0.908130000950612,0.624823844522862,4.4970400000000006e-70
ATF4,FOXA1_overexpression,-0.436733079575817,0.02018065532011423,0.04843,NS,NS,NS,0.82062655765857,0.4398927525756454,2.0569999999999998e-33
ATF4,LIF_removal_24h,0.351381897344822,0.006657135549507448,-0.07433,NS,NS,Downregulated,0.0706582714740318,0.8513529197036497,9.32866e-58
ATF4,POU5F1_degradation,-0.449969740021172,0.09582197517814497,0.20261,NS,Upregulated,NS,0.252296003771503,1.0406500647112954e-5,5.732279999999999e-107
ATF4,SOX2_degradation,1.28125915421513,0.09541276464790274,0.25431,Upregulated,Upregulated,NS,9.6277852818743e-8,6.995515164828863e-6,1.4924299999999998e-118
ATF4,Serum,0.384687994919952,0.025270362236141687,0.10768,NS,NS,NS,0.0264525969243475,0.6180134095865403,9.97331e-73
ATF4,Forskolin,0.418099212631292,0.024884191001407742,0.08199,NS,NS,NS,0.0433957529662045,0.8015285467688589,2.86657e-62
ATF4,Heat_shock,-0.209300775278994,0.06344682645042696,0.11874,NS,Upregulated,NS,0.190069381960383,0.006200108932616141,6.461e-75
ATF4,LIF_removal_1h,-0.206327399737551,0.004971449161410631,0.03985,NS,NS,NS,0.918319072311947,0.9967208797546465,6.410449999999999e-28
ATF4,LIF_removal_3h,-0.0717320582250654,0.006503710450432677,0.03564,NS,NS,NS,0.928017973129343,0.9990609479484573,3.1569000000000004e-25
ATF4,LIF_removal_6h,-0.0418863870121654,0.011870775330728403,-0.01162,NS,NS,Downregulated,0.876253386824243,0.9972264321673686,2.26186e-8
ATF4,mNPC_differentiation,-0.345252547783838,0.11557598339451855,0.16927,NS,Upregulated,NS,0.0897862492600027,1.4985187697246868e-6,2.2139e-100
ATF4,TFCP2L1_knockdown,-0.00649045948425098,0.02031532906710154,0.03479,NS,NS,NS,0.994241358064554,0.9451855424841861,6.94321e-30
ATF4,Forskolin_stimulation_NPC_24h,0.484719035810562,0.013668900800482553,0.02541,NS,NS,NS,0.0995030209927046,0.9667729220897776,1.3979299999999999e-27
ATF4,Forskolin_stimulation_NPC_4h,0.447848274755205,0.035472290523611144,0.02913,NS,NS,NS,0.080757011759883,0.3646584002741777,9.54613e-23
ATF4,Heat_shock_NPC,0.267581312352398,0.07622595341719993,0.05097,NS,Upregulated,NS,0.424655165462091,0.0017061946331436097,1.2610500000000001e-33
ATF6,Chiron_removal,0.0859203222272394,-0.00706768952970399,-0.02669,NS,NS,Downregulated,0.908130000950612,0.7530667305908444,5.2644800000000004e-24
ATF6,FOXA1_overexpression,0.586997578970789,0.013844360280132369,-0.03196,NS,NS,Downregulated,0.789720059729306,0.7747498597074288,7.094520000000001e-18
ATF6,LIF_removal_24h,-0.0366274100686756,0.008443581049349103,-0.04299,NS,NS,Downregulated,0.980345129532246,0.7008808153459658,7.31705e-45
ATF6,POU5F1_degradation,0.870714888477544,0.019623786908735914,0.12548,NS,NS,NS,0.0755353404880841,0.1442379168314173,8.75966e-83
ATF6,SOX2_degradation,1.23597555756838,0.04324181138172527,0.16572,Upregulated,Upregulated,NS,2.18467743528801e-5,0.0015424481819951126,3.2889e-98
ATF6,Serum,0.334204205222628,0.0028153093955123427,0.03557,NS,NS,NS,0.0602543432567036,0.9517175066834885,8.96782e-35
ATF6,Forskolin,1.13864819330107,0.026512807119862626,0.03658,Upregulated,NS,NS,8.67975065446629e-8,0.67589823935099,1.18362e-35
ATF6,Heat_shock,-0.554986946246092,-3.548786791897976e-4,0.05511,Downregulated,NS,NS,0.00206112210525314,0.989656590604974,8.40973e-43
ATF6,LIF_removal_1h,-0.523419568717997,-0.003672026386843835,-0.00819,NS,NS,Downregulated,0.758425703361982,0.9967208797546465,4.70183e-4
ATF6,LIF_removal_3h,0.00859032264789372,0.001878962485693048,0.01015,NS,NS,NS,0.984763658191153,0.9990609479484573,1.56801e-7
ATF6,LIF_removal_6h,-0.109879388014416,-0.001299078412873687,0.03028,NS,NS,NS,0.707654528191483,0.9972264321673686,6.21703e-22
ATF6,mNPC_differentiation,-0.813184163825669,0.034931146344952695,0.11212,Downregulated,Upregulated,NS,3.5274069404266e-4,0.02039605378233441,1.76919e-80
ATF6,TFCP2L1_knockdown,0.208362286593154,0.0068107754494831476,0.00481,NS,NS,NS,0.418148666035748,0.9451855424841861,5.87119e-5
ATF6,Forskolin_stimulation_NPC_24h,0.203927355613143,-0.0025305091442840294,-0.01791,NS,NS,Downregulated,0.763458905507052,0.9667729220897776,6.31885e-13
ATF6,Forskolin_stimulation_NPC_4h,0.627457777482478,0.01489114645533355,0.00261,NS,NS,NS,0.0411996026350158,0.6903964526181828,0.324951
ATF6,Heat_shock_NPC,0.603311557670227,-0.009044966697345926,-0.12693,NS,NS,Downregulated,0.0122577281326558,0.557000889734654,3.10526e-71
CEBPA,Chiron_removal,-0.182771238353846,0.002222270897117986,-0.02879,NS,NS,Downregulated,0.908130000950612,0.9291199963894756,1.54437e-24
CEBPA,FOXA1_overexpression,-0.782237679464532,0.07502946719923631,0.10617,NS,NS,NS,0.789720059729306,0.4788353239860636,1.2283899999999999e-54
CEBPA,LIF_removal_24h,0.0405329118211827,0.03638837834527881,-0.01694,NS,NS,Downregulated,0.988405941782305,0.18757626227424531,3.35122e-18
CEBPA,POU5F1_degradation,-0.332502448380041,0.061789765481418235,-0.29645,NS,Upregulated,Downregulated,0.701636315408747,0.006785024355276414,7.987209999999999e-115
CEBPA,SOX2_degradation,1.26155198200388,0.07076365559683587,-0.17868,NS,Upregulated,Downregulated,0.102761924022039,0.0013831796537057074,1.01058e-92
CEBPA,Serum,0.0169771826184666,0.01225388366896948,-0.01666,NS,NS,Downregulated,0.950041600602559,0.916538091579,7.90746e-8
CEBPA,Forskolin,-0.0225676684881397,0.019404535264154834,-0.00993,NS,NS,Downregulated,0.927057200252658,0.8360084871427297,0.00163199
CEBPA,Heat_shock,0.336720773496451,-0.027062001736252783,-0.16471,NS,NS,Downregulated,0.0472371404368099,0.35479935212486075,6.42329e-87
CEBPA,LIF_removal_1h,0.0265126783806111,0.020731515066038382,0.03171,NS,NS,NS,0.986010299900544,0.9967208797546465,8.07023e-30
CEBPA,LIF_removal_3h,0.090771216083844,0.01769152673150195,-0.00985,NS,NS,Downregulated,0.927518162808151,0.9990609479484573,5.83001e-5
CEBPA,LIF_removal_6h,0.120122812762381,0.005223597801836774,-0.03936,NS,NS,Downregulated,0.705556703168765,0.9972264321673686,1.1944499999999999e-27
CEBPA,mNPC_differentiation,0.981742794813418,0.11648829984545928,0.08785,Upregulated,Upregulated,NS,1.66874667475359e-5,2.080225728323342e-5,2.14282e-62
CEBPA,TFCP2L1_knockdown,0.0728381779872334,0.0016782065670273155,-0.02485,NS,NS,Downregulated,0.848545318525105,0.9844654444247022,1.092e-20
CEBPA,Forskolin_stimulation_NPC_24h,0.756386367052914,0.02209523141827527,0.06133,Upregulated,NS,NS,0.00301402760682819,0.9667729220897776,1.28517e-44
CEBPA,Forskolin_stimulation_NPC_4h,0.0717935818312774,0.06738593929387014,0.12623,NS,Upregulated,NS,0.7941591522156,0.04051540270376686,5.644460000000001e-76
CEBPA,Heat_shock_NPC,0.148181982205669,-0.027723462459552223,0.05975,NS,NS,NS,0.635108355050921,0.3955951961780221,1.1411099999999999e-45
CEBPB,Chiron_removal,0.00470682280947144,0.020945126241511725,0.0355,NS,NS,NS,0.990636637755619,0.5682053278449876,6.74819e-28
CEBPB,FOXA1_overexpression,0.464339839113154,0.04931434622556932,0.09878,NS,NS,NS,0.789720059729306,0.4788353239860636,5.715539999999999e-40
CEBPB,LIF_removal_24h,-0.141983120390307,0.021978468528201935,0.00756,NS,NS,NS,0.768745598943699,0.3684504228333427,0.00445609
CEBPB,POU5F1_degradation,-0.196122468967471,0.042998315730906136,-0.01433,NS,Upregulated,Downregulated,0.55808781469597,0.022530771507262907,5.56078e-5
CEBPB,SOX2_degradation,-0.419540194969811,0.02403945073670966,-0.08268,NS,NS,Downregulated,0.102761924022039,0.19215813153844571,4.1311e-59
CEBPB,Serum,-0.209764293045964,0.021478874868620698,-0.01943,NS,NS,Downregulated,0.458827123185263,0.8067923298553594,5.63892e-12
CEBPB,Forskolin,-0.0193498020133498,0.017279440354858056,-0.0601,NS,NS,Downregulated,0.940011051437551,0.8351111067758511,4.03773e-34
CEBPB,Heat_shock,-0.626378961351586,0.018080488146933207,-0.09374,Downregulated,NS,Downregulated,0.00365609623806083,0.49210673959360796,1.27274e-57
CEBPB,LIF_removal_1h,-0.173257501667081,0.004975313958317438,0.01088,NS,NS,NS,0.932201579881635,0.9967208797546465,1.78367e-6
CEBPB,LIF_removal_3h,-0.0355089711338847,0.021034238014199635,-0.03773,NS,NS,Downregulated,0.971859608156162,0.9990609479484573,1.4511e-16
CEBPB,LIF_removal_6h,0.0891775153819161,0.017418498993630523,-0.06675,NS,NS,Downregulated,0.789676869403813,0.9972264321673686,3.02571e-41
CEBPB,mNPC_differentiation,-1.11352548054134,0.20161612912034568,0.17328,Downregulated,Upregulated,NS,4.6979569799751e-4,1.168947468406304e-10,3.1031299999999995e-93
CEBPB,TFCP2L1_knockdown,0.0361335771001845,0.015605295049375217,-0.05439,NS,NS,Downregulated,0.945290474301951,0.9451855424841861,3.915429999999999e-40
CEBPB,Forskolin_stimulation_NPC_24h,0.926860546181111,0.006364085329414834,0.11791,Upregulated,NS,NS,2.04979057768466e-5,0.9667729220897776,1.09798e-73
CEBPB,Forskolin_stimulation_NPC_4h,0.830074526839527,0.054136582017994886,0.20792,Upregulated,NS,NS,0.00131265065550719,0.15264738245274842,8.966049999999999e-86
CEBPB,Heat_shock_NPC,-0.433047118549626,0.046166368647715034,0.11184,NS,NS,NS,0.081271463733228,0.16471734452646236,3.5596099999999997e-65
CLOCK,Chiron_removal,-1.20436302065945,0.019607033669010513,-0.0221,Downregulated,NS,Downregulated,0.00111693801332066,0.4649690746170821,6.778159999999999e-21
CLOCK,FOXA1_overexpression,-1.41604149221581,0.04509587456850256,0.04746,NS,NS,NS,0.213085877604381,0.7747498597074288,1.8615999999999997e-21
CLOCK,LIF_removal_24h,-0.399384429634678,0.001682168142307818,-0.0112,NS,NS,Downregulated,0.31857278348172,0.9567074446425562,1.94489e-8
CLOCK,POU5F1_degradation,-0.511538466142,0.009508975459987568,-0.03566,NS,NS,Downregulated,0.0891896047848227,0.5434209117064923,1.82044e-30
CLOCK,SOX2_degradation,0.447373220594909,-0.0018366382550231986,0.01614,NS,NS,NS,0.0928322498105826,0.8922690340383836,3.47276e-15
CLOCK,Serum,-0.378136235812719,-0.0017458144004525644,-0.04827,NS,NS,Downregulated,0.0407434951351652,0.972072074307946,1.3547e-43
CLOCK,Forskolin,1.24707070207297,0.022846618471165158,-0.041,Upregulated,NS,Downregulated,8.67975065446629e-8,0.8015285467688589,1.12794e-36
CLOCK,Heat_shock,-1.11429119532472,0.0938113230777537,0.05786,Downregulated,Upregulated,NS,3.28218513802538e-6,6.633140147706096e-6,7.28546e-43
CLOCK,LIF_removal_1h,0.0202993482139658,0.003301963206132549,-0.07123,NS,NS,Downregulated,0.978707603082499,0.9967208797546465,3.3981499999999997e-43
CLOCK,LIF_removal_3h,-0.0259505244628303,0.0015481680546246296,-0.0649,NS,NS,Downregulated,0.971859608156162,0.9990609479484573,1.0092e-48
CLOCK,LIF_removal_6h,0.0661707498823325,0.005374160381774088,-0.07298,NS,NS,Downregulated,0.795410260872647,0.9972264321673686,9.4952e-49
CLOCK,mNPC_differentiation,-2.7312519777522,-0.03698135855272176,0.03586,Downregulated,Downregulated,NS,2.7666716828556896e-11,0.020778541810528652,7.2596e-30
CLOCK,TFCP2L1_knockdown,-0.171337904488156,0.012698195665894883,0.02418,NS,NS,NS,0.494098207084412,0.9451855424841861,2.00792e-15
CLOCK,Forskolin_stimulation_NPC_24h,-0.0801562610042474,-7.081691889561578e-4,0.04875,NS,NS,NS,0.936313341342127,0.9909707680590795,2.06139e-34
CLOCK,Forskolin_stimulation_NPC_4h,0.0750256792414829,-0.004737192674304287,0.02714,NS,NS,NS,0.669708050848591,0.9932348525597723,3.53055e-15
CLOCK,Heat_shock_NPC,-0.234394117887267,-2.232383365170544e-4,0.03897,NS,NS,NS,0.236701586225356,0.9879011460806394,3.10832e-24
CREB1,Chiron_removal,-0.066387078543894,-0.004400225295091693,-0.11526,NS,NS,Downregulated,0.908130000950612,0.8873181759329664,2.07678e-74
CREB1,FOXA1_overexpression,1.0680333356336,0.03143069010376286,-0.04781,NS,NS,Downregulated,0.213085877604381,0.7490158888992825,9.148409999999999e-29
CREB1,LIF_removal_24h,0.563131689336171,0.025476147182126506,-0.05564,NS,NS,Downregulated,0.0151140820198106,0.41211883763949725,1.34817e-44
CREB1,POU5F1_degradation,0.521575756302145,0.08501731613037297,0.31224,NS,Upregulated,NS,0.161561530358856,6.846887887002306e-4,1.21505e-113
CREB1,SOX2_degradation,-0.526328824451998,0.0955972837497181,0.32565,Downregulated,Upregulated,NS,0.00700113090421863,1.2345698896568555e-4,2.96044e-112
CREB1,Serum,0.688038200440145,0.01680589040175804,0.12058,Upregulated,NS,NS,0.00342184283382406,0.8708738109832502,4.4722600000000006e-76
CREB1,Forskolin,1.81815523144497,0.027256342205164402,0.11906,Upregulated,NS,NS,7.0279107976412e-9,0.8015285467688589,5.6773199999999995e-64
CREB1,Heat_shock,0.1748306317085,0.03652229352861662,0.11336,NS,NS,NS,0.380190852240883,0.23284715759052463,9.4326e-69
CREB1,LIF_removal_1h,0.405499281923877,-6.047556622615219e-4,0.05957,NS,NS,NS,0.709892979811474,0.9967208797546465,6.862269999999999e-42
CREB1,LIF_removal_3h,0.289582903270087,4.959330436246079e-4,0.04894,NS,NS,NS,0.672542266954426,0.9990609479484573,8.03504e-35
CREB1,LIF_removal_6h,0.399068600144948,0.009104148840676972,-0.01724,NS,NS,Downregulated,0.438034625924758,0.9972264321673686,4.68617e-12
CREB1,mNPC_differentiation,-0.483186287822433,0.10342004874710536,0.13362,NS,Upregulated,NS,0.0518813498397629,1.9927359843285606e-4,4.53715e-77
CREB1,TFCP2L1_knockdown,0.376599826433912,0.02775230647924993,0.03886,NS,NS,NS,0.332453983409833,0.9451855424841861,5.06607e-30
CREB1,Forskolin_stimulation_NPC_24h,2.39808475132836,0.017375442984391698,-0.06202,Upregulated,NS,Downregulated,1.8588271240426099e-16,0.9667729220897776,7.4231e-44
CREB1,Forskolin_stimulation_NPC_4h,4.11113868553132,0.026576808048112584,-0.00304,Upregulated,NS,Downregulated,5.87320808372959e-25,0.6903964526181828,0.0464433
CREB1,Heat_shock_NPC,1.27166337594034,0.0713047490127918,-0.13241,Upregulated,Upregulated,Downregulated,4.17664094533852e-9,0.0065608821567633355,2.3398600000000003e-70
E2F1,Chiron_removal,0.361757939141423,0.016214155362503917,-0.00757,NS,NS,Downregulated,0.297047016807896,0.5878240919735946,1.73468e-4
E2F1,FOXA1_overexpression,-1.03702556049333,0.04999966089741338,-0.07269,NS,NS,Downregulated,0.086936499032718,0.5393383648204009,8.12199e-30
E2F1,LIF_removal_24h,0.176964677910692,0.036005933075086455,0.11051,NS,NS,NS,0.682813233196246,0.056149176616780386,2.1446600000000002e-70
E2F1,POU5F1_degradation,-1.24806400229095,0.03727653179730531,0.15463,Downregulated,Upregulated,NS,1.10645406465621e-6,0.01863005496734308,3.9897e-81
E2F1,SOX2_degradation,-1.7313269042549,0.025088217139256297,0.17014,Downregulated,NS,NS,3.01574995380698e-10,0.09294590353500957,7.588e-88
E2F1,Serum,-0.416444876811496,0.004380589957834344,0.10291,Downregulated,NS,NS,0.0032788681912037,0.9517175066834885,4.47897e-68
E2F1,Forskolin,-0.527430162038316,1.3894449515316695e-4,0.0272,Downregulated,NS,NS,0.00171011653668499,0.9982454964048935,1.58697e-13
E2F1,Heat_shock,-0.73994698075782706,0.01559064722837533,0.0242,Downregulated,NS,NS,2.11892023152349e-5,0.4673413796979875,5.72297e-13
E2F1,LIF_removal_1h,-0.0601018829927322,-0.0096740178344801,0.04333,NS,NS,NS,0.932201579881635,0.9967208797546465,1.22306e-23
E2F1,LIF_removal_3h,-0.0991715479983155,-0.0021529823771285796,0.05241,NS,NS,NS,0.86802305667349,0.9990609479484573,1.0582799999999999e-32
E2F1,LIF_removal_6h,0.0466339782497785,-2.8318199363287777e-4,-0.00557,NS,NS,Downregulated,0.811234350158928,0.9972264321673686,0.00839476
E2F1,mNPC_differentiation,-3.20806927429423,0.016289928683080306,0.01985,Downregulated,NS,NS,1.96439962052076e-13,0.3299694990517411,6.32544e-11
E2F1,TFCP2L1_knockdown,-0.421018502751068,0.008077599183631112,0.03928,NS,NS,NS,0.0281064276558288,0.9451855424841861,5.658810000000001e-23
E2F1,Forskolin_stimulation_NPC_24h,-0.189276968183817,-0.009666129528921596,-0.06565,NS,NS,Downregulated,0.748108591697388,0.9667729220897776,6.942869999999999e-43
E2F1,Forskolin_stimulation_NPC_4h,-0.157243063518556,-0.00381310306597123,-0.01955,NS,NS,Downregulated,0.495815431394247,0.9932348525597723,4.59199e-10
E2F1,Heat_shock_NPC,-0.354750580715894,0.0014817898814996123,-0.18792,NS,NS,Downregulated,0.108626446980287,0.9277025642882478,1.43709e-73
EGR1,Chiron_removal,-0.127985139660588,0.0047124080650039896,0.01534,NS,NS,NS,0.908130000950612,0.784262364816185,4.82566e-25
EGR1,FOXA1_overexpression,-0.198043670571164,0.008396460715636593,-0.12313,NS,NS,Downregulated,0.92869572764428,0.7953684861383196,1.6543500000000002e-76
EGR1,LIF_removal_24h,-1.00791280313094,-0.00524847233259849,-0.06955,NS,NS,Downregulated,0.131046942847728,0.756027857836633,1.4131e-87
EGR1,POU5F1_degradation,-0.86987487567869,0.01851918073942727,0.21636,NS,NS,NS,0.365989549531941,0.06254305434172133,8.778919999999999e-131
EGR1,SOX2_degradation,-1.13994872582932,0.01726701273775586,0.2002,NS,NS,NS,0.0112219253628252,0.07188178294123161,1.11532e-124
EGR1,Serum,2.64537807138255,0.009873649120226789,0.11651,Upregulated,NS,NS,1.41405955752552e-11,0.8552617658543936,1.2012399999999998e-104
EGR1,Forskolin,-0.582739815963366,3.561660271479989e-4,0.13456,NS,NS,NS,0.0333110605372589,0.9982454964048935,2.5118100000000002e-102
EGR1,Heat_shock,0.267656491316656,0.015036592141032278,0.16111,NS,NS,NS,0.117252990347268,0.25063545109931057,7.334219999999999e-106
EGR1,LIF_removal_1h,0.146256378380531,-0.0026397819461542495,0.09086,NS,NS,NS,0.932201579881635,0.9967208797546465,1.4989e-82
EGR1,LIF_removal_3h,0.0676475215498912,-7.805611307756359e-4,0.11357,NS,NS,NS,0.941411719001189,0.9990609479484573,7.9714e-89
EGR1,LIF_removal_6h,0.133556655921167,-0.007005276396624345,0.09328,NS,NS,NS,0.642112526782556,0.9972264321673686,1.62697e-82
EGR1,mNPC_differentiation,-0.393887043948326,0.03564515765407362,0.07973,NS,Upregulated,NS,0.060757004655006,0.001954177353776681,1.3086099999999998e-86
EGR1,TFCP2L1_knockdown,0.057877185287042,-0.0017100561948012278,0.06068,NS,NS,NS,0.867989986349093,0.963724134899497,2.12664e-68
EGR1,Forskolin_stimulation_NPC_24h,-0.0527656742218013,-0.001196500569035209,-0.05827,NS,NS,Downregulated,0.936450156163708,0.9667729220897776,7.140049999999999e-65
EGR1,Forskolin_stimulation_NPC_4h,-0.0246847940457982,-0.003561322941730731,-0.02411,NS,NS,Downregulated,0.911667073042663,0.9932348525597723,1.0876999999999999e-22
EGR1,Heat_shock_NPC,1.05931448204841,0.052058075837096124,-0.03493,Upregulated,Upregulated,Downregulated,1.38484364276004e-6,2.1079507507260815e-5,3.5656499999999996e-42
ELK1,Chiron_removal,-0.0392720815364906,5.2560034515731e-4,-0.04955,NS,NS,Downregulated,0.908130000950612,0.9761062798313263,1.9915200000000002e-67
ELK1,Serum,-0.274812814537874,0.013190427323659494,0.12368,NS,NS,NS,0.123040538920686,0.8552617658543936,2.53877e-94
ELK1,Forskolin,-0.137637547470241,0.004649689183265152,0.13836,NS,NS,NS,0.506896185859356,0.9681364143246259,8.960519999999998e-103
ELK1,Heat_shock,-0.328577447862073,-0.01991582700606997,0.03943,NS,NS,NS,0.0271367643500858,0.3402411160102197,1.23214e-48
ELK1,LIF_removal_1h,-0.0624069333463705,-0.006023978643577756,0.10456,NS,NS,NS,0.932201579881635,0.9967208797546465,2.20543e-88
ELK1,LIF_removal_24h,0.252289940659698,0.029453006085727373,0.01937,NS,NS,NS,0.415520040853831,0.12313597215569504,1.37643e-27
ELK1,LIF_removal_3h,0.126993086799407,-0.0016049424179972634,0.12422,NS,NS,NS,0.86802305667349,0.9990609479484573,1.24617e-90
ELK1,LIF_removal_6h,0.194596965342645,6.837588098092262e-5,0.06922,NS,NS,NS,0.533305518051098,0.9972264321673686,6.39499e-73
ELK1,mNPC_differentiation,0.688803926836293,0.08140681846290418,0.03707,Upregulated,Upregulated,NS,0.00129295084666068,1.9852675177416413e-5,2.82159e-50
ELK1,SOX2_degradation,-0.445705373178629,0.0771781897418932,0.26188,NS,Upregulated,NS,0.0255337778512205,1.0988623820564863e-5,7.40084e-137
ELK1,TFCP2L1_knockdown,0.174607864030336,0.004108708951971213,0.045,NS,NS,NS,0.407557745794002,0.963724134899497,1.2673599999999996e-52
ELK1_A,FOXA1_overexpression,0.126108151666294,NA,NA,NS,NA,NA,0.92869572764428,NA,NA
ELK1_A,POU5F1_degradation,0.560972560659074,NA,NA,Upregulated,NA,NA,0.00231409442228531,NA,NA
ELK1_A,Forskolin_stimulation_NPC_24h,-0.147392050758065,NA,NA,NS,NA,NA,0.524112796329962,NA,NA
ELK1_A,Forskolin_stimulation_NPC_4h,-0.241462803679868,NA,NA,NS,NA,NA,0.183780617803504,NA,NA
ELK1_A,Heat_shock_NPC,-0.336953873607521,NA,NA,NS,NA,NA,0.0119038446822659,NA,NA
ELK1_B,FOXA1_overexpression,-0.208552514891924,NA,NA,NS,NA,NA,0.922631756910257,NA,NA
ELK1_B,POU5F1_degradation,-0.166001658409328,NA,NA,NS,NA,NA,0.55808781469597,NA,NA
ELK1_B,Forskolin_stimulation_NPC_24h,-0.140618890015722,NA,NA,NS,NA,NA,0.763458905507052,NA,NA
ELK1_B,Forskolin_stimulation_NPC_4h,-0.395855899049239,NA,NA,Downregulated,NA,NA,0.0083480434600462,NA,NA
ELK1_B,Heat_shock_NPC,-1.55760615347697,NA,NA,Downregulated,NA,NA,3.2260063704457797e-12,NA,NA
ESR1,Chiron_removal,-0.34295936639021,-0.015514609468945478,-0.10771,NS,NS,Downregulated,0.908130000950612,0.17666897892738082,7.2326199999999996e-90
ESR1,FOXA1_overexpression,0.971359570332107,5.149056252988504e-4,0.0801,NS,NS,NS,0.797866376144013,0.7490158888992825,2.00526e-46
ESR1,LIF_removal_24h,-0.300107473128551,-0.027572703120408014,-0.14515,NS,Downregulated,Downregulated,0.812619426714483,0.006231334989688779,3.53493e-101
ESR1,POU5F1_degradation,-0.0061841572158941,0.02077312451135998,0.05334,NS,Upregulated,NS,0.998183087815994,0.006785024355276414,1.24055e-53
ESR1,SOX2_degradation,0.120665073199239,0.022153600470688588,0.0052,NS,Upregulated,NS,0.858968577418159,0.0027316758082766984,6.16517e-4
ESR1,Serum,0.0688553387877174,-0.0178778612382966,-0.01482,NS,NS,Downregulated,0.79170321070972,0.17846571111885282,4.1923e-11
ESR1,Forskolin,0.0854585661976259,1.775346491896014e-4,0.0186,NS,NS,NS,0.735113616830221,0.9982454964048935,1.7051e-15
ESR1,Heat_shock,0.77568645671919,0.039316852773251754,0.02447,Upregulated,Upregulated,NS,7.39334525634666e-5,1.0441726782909949e-4,5.44111e-22
ESR1,LIF_removal_1h,0.364804079143786,0.0042985540777484114,0.03445,NS,NS,NS,0.918319072311947,0.9967208797546465,8.14066e-29
ESR1,LIF_removal_3h,0.0888960748324598,-0.0033066146299415965,-0.03151,NS,NS,Downregulated,0.89918293817698,0.9990609479484573,7.32703e-30
ESR1,LIF_removal_6h,0.0337188175976233,-0.017952857250575008,-0.0574,NS,NS,Downregulated,0.901840921210465,0.549014057977543,1.15788e-47
ESR1,mNPC_differentiation,0.647208302306004,-0.08722356849223732,-0.21539,NS,Downregulated,Downregulated,0.013885421332508,1.759191465735776e-11,1.2569499999999997e-115
ESR1,TFCP2L1_knockdown,0.122512082653452,-0.007266522362804897,-0.00818,NS,NS,Downregulated,0.682044658219212,0.9451855424841861,1.1237e-6
ESR1,Forskolin_stimulation_NPC_24h,0.0812098266306604,0.007142601034915715,0.06417,NS,NS,NS,0.931514621541679,0.9667729220897776,3.3785299999999995e-54
ESR1,Forskolin_stimulation_NPC_4h,1.10651114317229,-0.0015662538583259486,0.0094,Upregulated,NS,NS,1.28380878552684e-8,0.9932348525597723,0.0010276
ESR1,Heat_shock_NPC,-0.0831672866829748,-0.0034583645957708894,-0.01605,NS,NS,Downregulated,0.736281195812787,0.8248791059355616,9.85339e-9
ESRRB,Chiron_removal,0.635061512832989,-0.021591285311696608,-0.1275,Upregulated,NS,Downregulated,0.00662890456700209,0.4649690746170821,1.0607899999999999e-109
ESRRB,Serum,-0.0693347668415113,-0.053732314193733435,-0.11406,NS,Downregulated,Downregulated,0.722563468863308,0.034145970825212944,3.401039999999999e-103
ESRRB,Forskolin,0.248486903900656,-0.002289139659755083,-0.04525,NS,NS,Downregulated,0.161675345118865,0.9982454964048935,9.46027e-60
ESRRB,FOXA1_overexpression,0.402630347638422,0.006267215591263319,0.1448,NS,NS,NS,0.789720059729306,0.8622678245079521,1.21005e-94
ESRRB,Heat_shock,0.838651611132644,0.14928100028748784,0.07123,Upregulated,Upregulated,NS,3.77511094356477e-6,5.996808291077042e-9,1.0839199999999999e-79
ESRRB,LIF_removal_1h,0.0749848791798785,0.013635204327696961,-0.02159,NS,NS,Downregulated,0.932201579881635,0.9967208797546465,3.90557e-31
ESRRB,LIF_removal_24h,0.134860906440826,-0.056369435396032314,-0.24644,NS,Downregulated,Downregulated,0.768745598943699,0.006231334989688779,3.6997099999999997e-141
ESRRB,LIF_removal_3h,0.204366540089655,-0.004407520743094796,-0.07902,NS,NS,Downregulated,0.672542266954426,0.9990609479484573,1.39661e-82
ESRRB,LIF_removal_6h,0.285637206344576,-0.020398976977926156,-0.10206,NS,NS,Downregulated,0.317182468473736,0.9900224097324921,6.824639999999999e-93
ESRRB,mNPC_differentiation,-1.333135786001,-0.24737609363540977,-0.4967,Downregulated,Downregulated,Downregulated,1.05233624341262e-7,3.414480861669184e-14,9.12272e-159
ESRRB,POU5F1_degradation,-0.146134125836905,0.003811265608887244,-0.05975,NS,NS,Downregulated,0.696790721196656,0.8138834788852818,9.607809999999999e-85
ESRRB,SOX2_degradation,-1.95402300038977,-0.058520097591451145,-0.10496,Downregulated,Downregulated,Downregulated,5.59737123925227e-8,3.3715820660035125e-4,7.74836e-99
ESRRB,TFCP2L1_knockdown,-0.208656053392753,-0.01938419053033512,-0.07953,NS,NS,Downregulated,0.418148666035748,0.9451855424841861,5.640449999999999e-85
ESRRB,Forskolin_stimulation_NPC_24h,0.133017218042717,-2.58538921440149e-4,0.01834,NS,NS,NS,0.763458905507052,0.9909707680590795,4.2141099999999995e-20
ESRRB,Forskolin_stimulation_NPC_4h,0.21407506953888,-0.018829002129370498,0.02193,NS,NS,NS,0.216336550690918,0.9932348525597723,9.29423e-17
ESRRB,Heat_shock_NPC,0.178188462804877,0.02345347474226911,0.22012,NS,NS,NS,0.405607509999899,0.5515821853805335,5.374409999999999e-106
ETS2,Chiron_removal,0.179100676905392,0.012926257846765762,-0.02531,NS,NS,Downregulated,0.908130000950612,0.6589854866644699,7.316470000000001e-24
ETS2,FOXA1_overexpression,-1.31206095051387,0.07434902455765588,-0.04248,NS,NS,Downregulated,0.789720059729306,0.47834243610031113,4.55791e-23
ETS2,LIF_removal_24h,0.272203541949365,0.024987634690487294,0.01406,NS,NS,NS,0.824105336145308,0.25517201129246264,5.22629e-13
ETS2,POU5F1_degradation,0.222677206875625,0.02957485458703487,0.05617,NS,NS,NS,0.846572753454252,0.08076286463917878,2.94679e-45
ETS2,SOX2_degradation,1.89189737088598,0.06340873462609156,0.12744,Upregulated,Upregulated,NS,5.9379360494177e-4,3.914341754368403e-4,3.3553e-82
ETS2,Serum,-0.0653701271820228,0.0056400453836506475,0.11407,NS,NS,NS,0.861980064550013,0.9517175066834885,1.9399500000000002e-77
ETS2,Forskolin,-0.11923506309747,-0.005569899901068792,0.06229,NS,NS,NS,0.735113616830221,0.9681364143246259,1.45743e-48
ETS2,Heat_shock,0.241045047477209,-0.026002204361285617,0.02167,NS,NS,NS,0.277038269628505,0.25063545109931057,1.81185e-18
ETS2,LIF_removal_1h,-0.486119207899105,-0.011004336839447737,0.03656,NS,NS,NS,0.856605853241138,0.9967208797546465,4.06843e-33
ETS2,LIF_removal_3h,-0.0926488096962155,-0.0014099239289937088,0.03114,NS,NS,NS,0.92661924613285,0.9990609479484573,2.9930799999999998e-27
ETS2,LIF_removal_6h,-0.0417899642645029,0.008038906050713966,0.02493,NS,NS,NS,0.901840921210465,0.9972264321673686,1.50377e-17
ETS2,mNPC_differentiation,3.09967816122559,0.09109449391710754,0.05741,Upregulated,Upregulated,NS,1.24279832347176e-18,2.2839710258947626e-5,4.86754e-50
ETS2,TFCP2L1_knockdown,-0.0524326610456067,0.00714331901141305,0.03908,NS,NS,NS,0.923006195966558,0.9451855424841861,2.77013e-31
ETS2,Forskolin_stimulation_NPC_24h,-0.141217799272859,-0.018388884328859146,-0.05703,NS,NS,Downregulated,0.857188087274161,0.9424753190497472,9.41712e-47
ETS2,Forskolin_stimulation_NPC_4h,-0.261796965378216,-0.0010202553207478357,0.01028,NS,NS,NS,0.293924307493952,0.9932348525597723,0.00727306
ETS2,Heat_shock_NPC,-0.220889596253563,-0.05600695316153996,-0.25537,NS,Downregulated,Downregulated,0.259220513099823,0.006505541572981073,5.61756e-97
FOS::JUN,Chiron_removal,-0.466767276757013,0.0038173354262720643,-0.05267,NS,NS,Downregulated,0.182383825142532,0.8835985234540152,8.78607e-65
FOS::JUN,FOXA1_overexpression,0.474413037115839,0.06470526018430754,0.15602,NS,NS,NS,0.671825225493959,0.10294415984291148,8.950569999999999e-86
FOS::JUN,LIF_removal_24h,-0.398335363866176,-0.04392515381095009,-0.14737,NS,NS,Downregulated,0.291143786948877,0.056149176616780386,3.7714499999999996e-109
FOS::JUN,POU5F1_degradation,1.04104901730996,0.07047244351876128,0.06246,Upregulated,Upregulated,NS,3.5715013893478e-4,6.644412962414075e-4,2.36045e-72
FOS::JUN,SOX2_degradation,0.480760366539388,0.05540195344345077,0.04217,NS,Upregulated,NS,0.0341148969020267,0.0031213179565797037,2.79761e-54
FOS::JUN,Serum,1.49624158115953,0.10798686714205581,0.26383,Upregulated,Upregulated,NS,4.1640955737428e-11,3.433242405276258e-4,1.2951499999999999e-121
FOS::JUN,Forskolin,1.12044845768536,0.048627733317424246,0.06168,Upregulated,NS,NS,9.17139827147474e-9,0.3960255728694819,2.02392e-60
FOS::JUN,Heat_shock,-0.398438635667955,0.04111560996609252,-0.01779,Downregulated,NS,Downregulated,0.00293358945862256,0.08602470410916324,4.73111e-16
FOS::JUN,LIF_removal_1h,-0.0260806660873941,-0.007883167343788303,0.00225,NS,NS,NS,0.978707603082499,0.9967208797546465,0.103212
FOS::JUN,LIF_removal_3h,0.152556178427574,-6.106266048169495e-4,-0.02844,NS,NS,Downregulated,0.672542266954426,0.9990609479484573,5.8619000000000005e-27
FOS::JUN,LIF_removal_6h,0.147505674362091,-0.0039792496198560665,-0.06635,NS,NS,Downregulated,0.533305518051098,0.9972264321673686,5.1602e-65
FOS::JUN,mNPC_differentiation,0.266860832328691,0.147674266800844,0.19476,NS,Upregulated,NS,0.104618051209122,4.050334132460402e-8,2.4627299999999997e-126
FOS::JUN,TFCP2L1_knockdown,0.0975641765893717,0.002332671184550595,-0.03361,NS,NS,Downregulated,0.592241145386977,0.9744275698663154,9.801429999999999e-40
FOS::JUN,Forskolin_stimulation_NPC_24h,1.08387057001339,0.09520531033240616,0.28723,Upregulated,NS,NS,2.67933038033135e-6,0.14131586525617648,1.0859199999999999e-138
FOS::JUN,Forskolin_stimulation_NPC_4h,0.577431722696304,0.33502568768100854,0.65544,Upregulated,Upregulated,NS,0.00129766068362756,2.460692021068346e-9,1.5866499999999996e-165
FOS::JUN,Heat_shock_NPC,-0.950011240778837,0.17448358857454477,0.35943,Downregulated,Upregulated,NS,3.08657350734539e-6,9.188888922461631e-4,5.523809999999999e-150
FOSL1,Chiron_removal,0.0168070313054625,-0.015172244843997915,-0.04997,NS,NS,Downregulated,0.948826322066587,0.5581339513765601,7.62881e-47
FOSL1,FOXA1_overexpression,0.825015290575286,-0.009019467660484228,0.10912,NS,NS,NS,0.279449248096178,0.9976522362495521,1.05568e-55
FOSL1,LIF_removal_24h,-0.177279582511632,-0.0027465738393484176,-0.06211,NS,NS,Downregulated,0.682813233196246,0.919771315091135,1.44179e-55
FOSL1,POU5F1_degradation,0.579649036171998,0.05390767496161294,-0.1278,NS,Upregulated,Downregulated,0.0891896047848227,2.560690331842486e-4,5.5488099999999996e-86
FOSL1,SOX2_degradation,-0.376975537288597,0.054968009433394846,-0.00613,NS,Upregulated,NS,0.119127476246147,1.033518138274764e-4,0.0843888
FOSL1,Serum,-0.247089032103281,-0.0026029917452846402,0.03376,NS,NS,NS,0.0694905416572889,0.9517175066834885,5.33762e-33
FOSL1,Forskolin,0.302902689126288,0.01447669273709424,-0.0402,NS,NS,Downregulated,0.0837247666781763,0.8015285467688589,5.15785e-29
FOSL1,Heat_shock,-0.40678105125794,0.015800139248261874,-0.01133,Downregulated,NS,Downregulated,0.00630159153581901,0.36608014970047914,5.71926e-8
FOSL1,LIF_removal_1h,0.0211051706680508,-0.004416237163603143,0.00583,NS,NS,NS,0.986010299900544,0.9967208797546465,0.392276
FOSL1,LIF_removal_3h,0.0147365683655697,0.009842038868672971,-0.05822,NS,NS,Downregulated,0.984763658191153,0.9990609479484573,4.24491e-50
FOSL1,LIF_removal_6h,0.086530235495075,0.009678913724267841,-0.0185,NS,NS,Downregulated,0.678563577410635,0.9972264321673686,3.67804e-11
FOSL1,mNPC_differentiation,-0.310015456048974,0.02601338027154504,0.09716,NS,NS,NS,0.065289096231956,0.0673153626058608,1.03768e-73
FOSL1,TFCP2L1_knockdown,0.0681248384757365,0.013136269577822771,-0.02122,NS,NS,Downregulated,0.758442033547021,0.9451855424841861,5.7774300000000005e-18
FOSL1,Forskolin_stimulation_NPC_24h,0.0575323055576092,-0.0026635302205214526,0.08393,NS,NS,NS,0.936313341342127,0.9667729220897776,2.88754e-56
FOSL1,Forskolin_stimulation_NPC_4h,0.199576633759883,0.019724856447397816,0.16421,NS,NS,NS,0.164923201674068,0.6903964526181828,4.2607300000000005e-77
FOSL1,Heat_shock_NPC,-0.503089547742893,0.003485893276115171,0.09388,NS,NS,NS,0.0168347450578398,0.8500709022200664,4.1069e-59
FOXA1,Chiron_removal,-0.346189813155033,0.014927625195215413,0.01159,NS,NS,NS,0.843494006530403,0.18124392723050578,2.58367e-32
FOXA1,FOXA1_overexpression,3.99358818535591,0.23385131806356638,0.39611,Upregulated,Upregulated,NS,0.00635746711040553,2.319252926993119e-19,1.5461699999999997e-149
FOXA1,LIF_removal_24h,-0.653446653685081,0.02076293445239508,0.03779,NS,Upregulated,NS,0.31857278348172,0.02540292853046204,1.0286599999999999e-66
FOXA1,POU5F1_degradation,0.580792003512075,-0.009617966128248034,-0.23569,NS,NS,Downregulated,0.505634085049571,0.1826032775796517,5.66182e-144
FOXA1,SOX2_degradation,0.487842108757551,-0.016343527094144418,-0.26983,NS,Downregulated,Downregulated,0.336249942457815,0.02104151583625568,1.7866499999999998e-142
FOXA1,Serum,0.0909715015079399,-0.00914329813765695,-0.0671,NS,NS,Downregulated,0.78387486156696,0.7418039476758472,1.9444e-86
FOXA1,Forskolin,0.164827120004693,0.007781827081400885,-0.09075,NS,NS,Downregulated,0.664735117957934,0.8016676930934444,2.84373e-91
FOXA1,Heat_shock,0.722545540963071,-0.004288832357033102,-0.21148,NS,NS,Downregulated,0.0153740181176103,0.7129896064915634,4.32832e-130
FOXA1,LIF_removal_1h,0.400334211661059,-0.0015079283203203262,-0.01808,NS,NS,Downregulated,0.821903708456973,0.9967208797546465,4.2280999999999996e-36
FOXA1,LIF_removal_3h,0.121952163601968,-0.002854402481128048,-0.07526,NS,NS,Downregulated,0.910647543770054,0.9990609479484573,9.03234e-78
FOXA1,LIF_removal_6h,0.181950656828904,3.984515841366368e-4,-0.06098,NS,NS,Downregulated,0.638265149569028,0.9972264321673686,4.42923e-73
FOXA1,mNPC_differentiation,1.0395435925083,0.06592937030810345,0.03981,Upregulated,Upregulated,NS,4.8554946919289e-4,4.4543959224986734e-9,1.07059e-64
FOXA1,TFCP2L1_knockdown,0.159525779289953,-0.0016886271979799587,-0.01904,NS,NS,Downregulated,0.616641025748658,0.963724134899497,2.77467e-34
FOXA1,Forskolin_stimulation_NPC_24h,-0.0619432464472568,-0.004667747714768682,0.12378,NS,NS,NS,0.936313341342127,0.9667729220897776,7.394719999999999e-107
FOXA1,Forskolin_stimulation_NPC_4h,0.110646193420041,-0.0125249751364472,0.05816,NS,NS,NS,0.696748419360966,0.7062863931326003,1.9216500000000002e-74
FOXA1,Heat_shock_NPC,-0.364069663868727,-0.00421101975417526,0.30887,NS,NS,NS,0.0955854405978381,0.771142012250396,1.0045699999999998e-142
FOXO1,Chiron_removal,0.110183435650613,-0.0016884459865809179,-0.00174,NS,NS,NS,0.908130000950612,0.8906940699253507,0.233384
FOXO1,FOXA1_overexpression,0.547196161618587,0.06714867194440487,0.19864,NS,Upregulated,NS,0.92869572764428,4.995882291645195e-4,4.67447e-89
FOXO1,LIF_removal_24h,0.110361105539358,0.024288567169254975,-0.05233,NS,NS,Downregulated,0.84182677613822,0.050478181107892345,3.59939e-59
FOXO1,POU5F1_degradation,-0.383080212033694,0.030704916959825062,-0.12412,NS,Upregulated,Downregulated,0.694348875996288,0.00374707511788672,1.14292e-91
FOXO1,SOX2_degradation,-0.437110977558121,0.04111578170571651,-0.18244,NS,Upregulated,Downregulated,0.525342095481583,1.321863741992206e-4,4.06174e-111
FOXO1,Serum,-0.0555981590073244,0.009418173544657673,-0.11621,NS,NS,Downregulated,0.807842122262047,0.8552617658543936,1.2090899999999999e-87
FOXO1,Forskolin,-0.402803812661707,0.016071335652665008,-0.11635,NS,NS,Downregulated,0.0698384180847273,0.8015285467688589,3.91123e-82
FOXO1,Heat_shock,0.496955399786565,0.01722608881010458,-0.11631,Upregulated,NS,Downregulated,0.00199674535408488,0.1868220562703343,1.7248199999999999e-78
FOXO1,LIF_removal_1h,-0.168943064300336,-0.0038812899090385836,-0.08528,NS,NS,Downregulated,0.923016082670136,0.9967208797546465,6.154349999999999e-69
FOXO1,LIF_removal_3h,-0.0345324560272005,0.007292684758125688,-0.15296,NS,NS,Downregulated,0.948797978487585,0.9990609479484573,2.41002e-91
FOXO1,LIF_removal_6h,0.0309215722448455,0.008230317571291291,-0.10706,NS,NS,Downregulated,0.901840921210465,0.9972264321673686,4.39309e-75
FOXO1,mNPC_differentiation,0.503478058898836,0.07954228687289834,0.03684,NS,Upregulated,NS,0.0281894131856522,3.774906902780582e-8,2.93718e-45
FOXO1,TFCP2L1_knockdown,0.0402594698160485,0.0069515989153725415,-0.00817,NS,NS,Downregulated,0.926318681766063,0.9451855424841861,0.00198759
FOXO1,Forskolin_stimulation_NPC_24h,-0.349018793283476,0.0037441525031121567,0.14964,NS,NS,NS,0.547369723238807,0.9667729220897776,5.62945e-94
FOXO1,Forskolin_stimulation_NPC_4h,-0.0620050630059189,0.015650523825590824,0.0999,NS,NS,NS,0.798057737703553,0.7306826315212634,1.41106e-71
FOXO1,Heat_shock_NPC,-0.0353106325256112,0.0023592898558450898,0.37002,NS,NS,NS,0.923199569491425,0.8902693787994452,4.86346e-128
GATA1,Chiron_removal,0.0695810593344579,-0.0039031027530730495,-0.04123,NS,NS,Downregulated,0.908130000950612,0.8654149824712218,5.11684e-42
GATA1,FOXA1_overexpression,-0.115888140283639,0.014463064655574119,0.11205,NS,NS,NS,0.9678307207156,0.47834243610031113,1.8001799999999998e-54
GATA1,LIF_removal_24h,-0.155706296458268,-0.003783915171631064,7e-4,NS,NS,NS,0.785376171246892,0.88647356047514,0.235605
GATA1,POU5F1_degradation,0.0826311147218985,0.04601359636555375,0.009,NS,Upregulated,NS,0.939042585085944,0.0016787487004992633,2.90042e-6
GATA1,SOX2_degradation,-0.721103149943192,0.022116300751978832,-0.11593,NS,NS,Downregulated,0.146252798398673,0.09321714244960824,1.7858000000000003e-89
GATA1,Serum,-0.267685756605911,-0.007735880846578816,-0.05965,NS,NS,Downregulated,0.151887866610967,0.916538091579,3.36277e-60
GATA1,Forskolin,-0.185510150866439,0.0037663993568184803,-0.08299,NS,NS,Downregulated,0.450822228876544,0.9681364143246259,1.5658999999999997e-64
GATA1,Heat_shock,0.204419656968453,-5.103436238412776e-4,-0.16454,NS,NS,Downregulated,0.131375683671124,0.989656590604974,5.246789999999999e-85
GATA1,LIF_removal_1h,0.397908895145537,-5.270111009829702e-4,-0.0834,NS,NS,Downregulated,0.615102425574056,0.9967208797546465,2.05563e-63
GATA1,LIF_removal_3h,0.238682509937318,0.009410593825267089,-0.13572,NS,NS,Downregulated,0.672542266954426,0.9990609479484573,2.2790099999999998e-78
GATA1,LIF_removal_6h,0.162962060417046,-0.016466369716763164,-0.11728,NS,NS,Downregulated,0.587914025556574,0.9907498573814619,8.60121e-79
GATA1,mNPC_differentiation,-0.111058338959621,-0.12054030811433528,-0.14063,NS,Downregulated,Downregulated,0.525619297852306,5.573817591985627e-9,1.2750899999999999e-90
GATA1,TFCP2L1_knockdown,0.219593953747702,-0.02019402163888329,-0.11274,NS,NS,Downregulated,0.416109564289721,0.9451855424841861,1.97677e-79
GATA1,Forskolin_stimulation_NPC_24h,-0.210425865991375,-0.002514083656221522,0.10049,NS,NS,NS,0.651911332331395,0.9667729220897776,1.1115799999999999e-69
GATA1,Forskolin_stimulation_NPC_4h,-0.172513588540694,0.0023664900302187014,-0.01043,NS,NS,Downregulated,0.303350380950663,0.9932348525597723,1.02272e-6
GATA1,Heat_shock_NPC,5.5317824940408e-4,0.0052832937791931905,0.293,NS,NS,NS,0.999717531720236,0.8388139592063348,1.9674399999999998e-103
GATA3,Chiron_removal,0.311661078465941,-0.006698171302223934,-0.05054,NS,NS,Downregulated,0.908130000950612,0.7113708224802776,1.20387e-56
GATA3,FOXA1_overexpression,3.37470294897257,0.04060448751768142,0.14195,NS,NS,NS,0.086936499032718,0.09944383467112651,1.3924200000000002e-76
GATA3,LIF_removal_24h,0.435792493047471,0.0036388540664565178,0.01645,NS,NS,NS,0.761975290896259,0.8549681514967399,7.518700000000001e-25
GATA3,POU5F1_degradation,-0.828404407729663,0.04122809103142601,0.02736,NS,Upregulated,NS,0.43657381650942,3.4303965548800237e-4,7.60274e-38
GATA3,SOX2_degradation,-0.188215431284925,0.019576593598343454,-0.10187,NS,NS,Downregulated,0.807150419109337,0.05010973313427454,2.134e-92
GATA3,Serum,0.17982887424603,-0.0025119832989348462,-0.07107,NS,NS,Downregulated,0.592731043503094,0.9517175066834885,4.63829e-72
GATA3,Forskolin,-0.184951312043079,0.011621070859815077,-0.07602,NS,NS,Downregulated,0.584074666080654,0.8015285467688589,2.88433e-75
GATA3,Heat_shock,0.278489964793591,0.018089191519681774,-0.12418,NS,NS,Downregulated,0.169754973747699,0.18392929843452469,1.7650599999999997e-86
GATA3,LIF_removal_1h,0.150833384726252,0.005601060865896581,-0.06382,NS,NS,Downregulated,0.932201579881635,0.9967208797546465,3.70592e-56
GATA3,LIF_removal_3h,0.0792814043192328,0.01486408201675355,-0.083,NS,NS,Downregulated,0.941411719001189,0.9990609479484573,2.7304e-73
GATA3,LIF_removal_6h,0.168541791363987,0.010315850670466057,-0.098,NS,NS,Downregulated,0.683217397042394,0.9972264321673686,1.08152e-76
GATA3,mNPC_differentiation,1.03529338052481,-0.12425252067615195,-0.24546,Upregulated,Downregulated,Downregulated,6.2843570539759e-4,1.4708954951960776e-11,1.2341e-127
GATA3,TFCP2L1_knockdown,0.0288488719558385,-0.01883048962864818,-0.08113,NS,NS,Downregulated,0.950884552876781,0.9451855424841861,7.99999e-72
GATA3,Forskolin_stimulation_NPC_24h,-0.0828621280839862,0.003690772646660151,0.08492,NS,NS,NS,0.936313341342127,0.9667729220897776,1.01319e-71
GATA3,Forskolin_stimulation_NPC_4h,-0.00266027041692394,-0.003804690520516879,-0.02978,NS,NS,Downregulated,0.983878189433571,0.9932348525597723,9.59279e-20
GATA3,Heat_shock_NPC,-0.562399462384277,0.008384375284793993,0.35442,NS,NS,NS,0.0111235367758281,0.771142012250396,9.19336e-128
GATA4,Chiron_removal,-0.132439263584176,-9.063972353687971e-4,-0.04117,NS,NS,Downregulated,0.801236930285329,0.9472990363440517,3.7218799999999995e-45
GATA4,FOXA1_overexpression,-0.98764799924488,0.04657348071201513,0.12178,NS,NS,NS,0.421065485740562,0.10341436998718244,2.78053e-69
GATA4,LIF_removal_24h,0.0441545203959633,-0.012812262683193118,-0.00893,NS,NS,Downregulated,0.886248731931273,0.4425768176383107,4.61045e-6
GATA4,POU5F1_degradation,-0.741017110072785,0.045467982921186846,0.07657,Downregulated,Upregulated,NS,0.00462471831235906,6.846887887002306e-4,1.44001e-68
GATA4,SOX2_degradation,-0.252015925281753,0.04041505399670273,-0.03815,NS,Upregulated,Downregulated,0.130145879978054,0.0012221531249364044,1.84829e-40
GATA4,Serum,-0.523270765867856,-0.009352062377455311,-0.05116,Downregulated,NS,Downregulated,0.00442437101968551,0.8708738109832502,2.84409e-47
GATA4,Forskolin,-0.312716680401995,0.006306355900790549,-0.06521,NS,NS,Downregulated,0.10743502829085,0.9681364143246259,1.8981499999999998e-45
GATA4,Heat_shock,-1.68191100664369,0.0536420127728698,-0.08316,Downregulated,Upregulated,Downregulated,9.9980507388448e-8,0.0010885950309837164,3.98932e-59
GATA4,LIF_removal_1h,-0.1445966085129,-0.013885440000028604,-0.07854,NS,NS,Downregulated,0.923016082670136,0.9967208797546465,1.0367700000000001e-60
GATA4,LIF_removal_3h,-0.0495245320639562,-0.002639064769798574,-0.09544,NS,NS,Downregulated,0.941411719001189,0.9990609479484573,9.520639999999999e-63
GATA4,LIF_removal_6h,-0.0488833350764707,0.003077157444478038,-0.09057,NS,NS,Downregulated,0.847685360720486,0.9972264321673686,2.0663199999999997e-64
GATA4,mNPC_differentiation,-3.04249554337721,-0.094449053716888845,-0.2408,Downregulated,Downregulated,Downregulated,4.27874682571484e-13,6.1433879264519e-8,1.1447199999999998e-116
GATA4,TFCP2L1_knockdown,-0.192699930963022,-0.008472610490048861,-0.09739,NS,NS,Downregulated,0.430729877820719,0.9451855424841861,9.3159e-68
GATA4,Forskolin_stimulation_NPC_24h,0.187433579910949,-0.009727310464004602,0.03607,NS,NS,NS,0.547369723238807,0.9667729220897776,1.56897e-28
GATA4,Forskolin_stimulation_NPC_4h,-0.0703094153102824,-0.017639036766236377,-0.03473,NS,NS,Downregulated,0.737129600940205,0.8689075638668579,1.45834e-13
GATA4,Heat_shock_NPC,-0.015806175749193,0.021558840123577734,0.24601,NS,NS,NS,0.948573831732257,0.39709176677557434,4.46588e-99
GBX2,Chiron_removal,0.529087049093384,0.011689909706857068,0.03358,NS,NS,NS,0.0120953255215188,0.61443629483598206,1.43091e-46
GBX2,FOXA1_overexpression,0.767688367860788,-0.07641445661520677,-0.0476,NS,Downregulated,Downregulated,0.789720059729306,8.229266740942026e-4,1.5950499999999998e-32
GBX2,LIF_removal_24h,0.264567122213536,-0.023181050057277722,-0.01946,NS,NS,Downregulated,0.31857278348172,0.14381522159318263,1.48662e-25
GBX2,POU5F1_degradation,-0.540579677563603,-0.03126518335964594,-0.32855,NS,Downregulated,Downregulated,0.192240597521956,0.014768330659586673,1.0590199999999999e-137
GBX2,SOX2_degradation,-2.08738491512726,-0.030036754838588677,-0.40033,Downregulated,Downregulated,Downregulated,1.0340855519712e-7,0.013146629116923811,8.255939999999999e-150
GBX2,Serum,2.2741511087635e-4,0.0027624164723164327,-0.09801,NS,NS,Downregulated,0.998980054615421,0.9517175066834885,8.16146e-85
GBX2,Forskolin,0.0833606491643279,-0.006965660132999206,-0.14652,NS,NS,Downregulated,0.796221184247031,0.9681364143246259,1.34564e-96
GBX2,Heat_shock,0.245640303169547,-0.05580679242739414,-0.3197,NS,Downregulated,Downregulated,0.19190127842344,8.642892543103974e-4,5.58459e-133
GBX2,LIF_removal_1h,0.215103555658586,0.003459638328069014,-0.03046,NS,NS,Downregulated,0.932201579881635,0.9967208797546465,8.72303e-32
GBX2,LIF_removal_3h,0.53259790139629,-0.003174612870250058,-0.03037,NS,NS,Downregulated,0.306304898440413,0.9990609479484573,2.26409e-31
GBX2,LIF_removal_6h,0.522925765580548,-0.017017859071409232,-0.08324,NS,NS,Downregulated,0.252546210204418,0.9900224097324921,1.2500400000000001e-74
GBX2,mNPC_differentiation,-0.700314189943958,0.07052047061564849,0.01249,NS,Upregulated,NS,0.0132644282832073,9.611460087240523e-6,1.14021e-18
GBX2,TFCP2L1_knockdown,0.0881029594391901,-0.01686513620602096,-0.06369,NS,NS,Downregulated,0.831811140216594,0.9451855424841861,5.5490400000000005e-61
GBX2,Forskolin_stimulation_NPC_24h,0.190415942669114,-0.016364255021513743,0.07796,NS,NS,NS,0.740706607590945,0.9667729220897776,2.13688e-68
GBX2,Forskolin_stimulation_NPC_4h,-0.219431082154607,-0.0293794557939218,0.0392,NS,NS,NS,0.225914520072366,0.40625625912832386,1.5341199999999997e-39
GBX2,Heat_shock_NPC,0.343791486663733,-0.018946719509156374,0.26155,Upregulated,NS,NS,0.0074338947151605,0.4136651370129395,3.47447e-121
GLI1,Chiron_removal,0.274090676007199,0.0018874983754448987,0.02375,NS,NS,NS,0.423277604798234,0.8835985234540152,2.4900199999999997e-32
GLI1,Serum,-0.185894487662945,-0.004687420737783709,-0.003,NS,NS,Downregulated,0.328761326068509,0.9421461768246958,0.024143
GLI1,Forskolin,-0.386531465339608,-0.01577097440867093,-0.02208,NS,NS,Downregulated,0.0600639687229716,0.67589823935099,1.0684000000000001e-27
GLI1,FOXA1_overexpression,0.307903094943009,-0.0768635261578113,-0.04901,NS,Downregulated,Downregulated,0.922631756910257,7.842792686532867e-6,4.86624e-31
GLI1,Heat_shock,0.602600507357341,4.471092306262796e-5,0.01796,Upregulated,NS,NS,5.9761572167138e-4,0.9960316541123533,1.65607e-12
GLI1,LIF_removal_1h,0.170821508578554,7.333840326521415e-4,0.01911,NS,NS,NS,0.923016082670136,0.9967208797546465,1.51356e-16
GLI1,LIF_removal_24h,0.477092888063752,0.023923224260083385,0.02472,NS,Upregulated,NS,0.14513774469412,0.0326863887892933,5.296949999999999e-40
GLI1,LIF_removal_3h,0.00356509796034341,0.009094071367317725,0.03041,NS,NS,NS,0.984763658191153,0.9990609479484573,2.07302e-35
GLI1,LIF_removal_6h,0.116646167236582,0.004814798111987753,0.0087,NS,NS,NS,0.683217397042394,0.9972264321673686,2.0668e-5
GLI1,mNPC_differentiation,-0.227958206389658,-0.08259146997218203,-0.15672,NS,Downregulated,Downregulated,0.244433086099456,2.57619840372675e-9,1.9278799999999996e-107
GLI1,POU5F1_degradation,-0.322062968265895,-0.03319976110396402,-0.13195,NS,Downregulated,Downregulated,0.620399033732159,6.846887887002306e-4,3.4226799999999997e-96
GLI1,SOX2_degradation,-0.499068938482184,-0.05434393440689633,-0.0795,NS,Downregulated,Downregulated,0.0255337778512205,8.472926277289417e-7,2.7106e-76
GLI1,TFCP2L1_knockdown,0.222960912007833,-0.013975674580194516,-0.02327,NS,NS,Downregulated,0.407557745794002,0.9451855424841861,2.08172e-26
GLI1,Forskolin_stimulation_NPC_24h,-0.145742335496571,-0.004697331141151395,-0.02032,NS,NS,Downregulated,0.770656111277188,0.9667729220897776,6.17745e-14
GLI1,Forskolin_stimulation_NPC_4h,0.251834766352571,-0.006062762252636897,-0.0489,NS,NS,Downregulated,0.225914520072366,0.9932348525597723,3.26958e-42
GLI1,Heat_shock_NPC,-0.414769694784199,-0.06996595362126182,-0.288,NS,Downregulated,Downregulated,0.0688688063195613,1.497973434921878e-5,3.3523099999999993e-109
GRHL1,Chiron_removal,-0.642273489484658,-0.058088809842175286,-0.20027,Downregulated,Downregulated,Downregulated,0.00650473336501761,0.0072695129356603804,1.1592699999999999e-107
GRHL1,FOXA1_overexpression,-0.493498152409824,0.02403406334053087,-0.04963,NS,NS,Downregulated,0.797866376144013,0.7936633891140812,1.45062e-23
GRHL1,LIF_removal_24h,-0.99762985188839,-0.02494909298134674,-0.0856,Downregulated,NS,Downregulated,6.4617113609168e-4,0.25517201129246264,4.874619999999999e-69
GRHL1,POU5F1_degradation,-1.75062615721425,-0.0029167639986000596,-0.11498,Downregulated,NS,Downregulated,1.43491785069173e-5,0.8715220111430408,7.77006e-78
GRHL1,SOX2_degradation,-0.204629777944335,0.0653955181254895,-0.07302,NS,Upregulated,Downregulated,0.35639058712591,3.23247526449256e-4,1.93713e-66
GRHL1,Serum,-0.135028992954192,-0.012768623774602054,-0.02086,NS,NS,Downregulated,0.592731043503094,0.8708738109832502,5.63034e-19
GRHL1,Forskolin,-0.520442502149201,0.0334274335172351,0.0319,NS,NS,NS,0.0252964256622352,0.67589823935099,1.43777e-22
GRHL1,Heat_shock,-0.499650176068452,-0.0866265307530552,-0.27727,Downregulated,Downregulated,Downregulated,0.00427612567382066,2.299038158788457e-4,3.27299e-107
GRHL1,LIF_removal_1h,-0.105568950693649,0.009466662122694118,-0.00473,NS,NS,NS,0.932201579881635,0.9967208797546465,0.677806
GRHL1,LIF_removal_3h,0.0157380304685483,-0.008555943714242996,-0.03872,NS,NS,Downregulated,0.984763658191153,0.9990609479484573,9.77302e-22
GRHL1,LIF_removal_6h,-0.00820514677912535,6.562590615610932e-4,-0.02853,NS,NS,Downregulated,0.973286817510173,0.9972264321673686,3.14887e-25
GRHL1,mNPC_differentiation,-1.23818317384746,-0.09485391088793436,-0.34864,Downregulated,Downregulated,Downregulated,2.4839265818618e-7,1.4373832675513626e-5,5.727209999999999e-122
GRHL1,TFCP2L1_knockdown,-1.37814199852754,-0.0588660387972913,-0.15975,Downregulated,NS,Downregulated,1.51335907362676e-7,0.09581714672559943,1.3679e-90
GRHL1,Forskolin_stimulation_NPC_24h,-0.0994553565303045,0.010852145789313025,0.01565,NS,NS,NS,0.936313341342127,0.9667729220897776,7.49899e-6
GRHL1,Forskolin_stimulation_NPC_4h,0.382175310446112,-0.0037816180596617344,0.00869,NS,NS,NS,0.303350380950663,0.9932348525597723,0.0184666
GRHL1,Heat_shock_NPC,0.394761607025847,-0.008433924988696023,0.03582,NS,NS,NS,0.155544633108145,0.771142012250396,4.5244e-18
HIF1A,Chiron_removal,0.28198857144626,-0.010112522142502738,-7.7e-4,NS,NS,NS,0.351852639194024,0.5581339513765601,0.534222
HIF1A,FOXA1_overexpression,0.0353056559093325,-0.006206130326408651,0.0453,NS,NS,NS,0.9678307207156,0.7747498597074288,1.1312e-19
HIF1A,LIF_removal_24h,-0.00255291865825059,0.02077667766405214,0.01668,NS,NS,NS,0.988405941782305,0.056149176616780386,5.66939e-11
HIF1A,POU5F1_degradation,-0.502865614264656,0.00484975330556616,0.13446,NS,NS,NS,0.37557624446745,0.6050663257776604,9.80881e-77
HIF1A,SOX2_degradation,-0.958102514046326,0.006377327898648843,0.17182,Downregulated,NS,NS,8.30825072739651e-5,0.46789258822145785,3.8960600000000004e-83
HIF1A,Serum,-0.405059582033127,0.013178639788179005,0.05076,Downregulated,NS,NS,0.00202508819276789,0.5752607689382614,3.07429e-37
HIF1A,Forskolin,-0.163198660917035,0.009615239277137764,0.11076,NS,NS,NS,0.410277691344872,0.8015285467688589,6.888e-66
HIF1A,Heat_shock,-0.20987849676377,0.033564271072762206,0.11965,NS,Upregulated,NS,0.132434398490874,0.0029621800339762073,8.89742e-60
HIF1A,LIF_removal_1h,-0.221374804560949,0.0042297020624178245,0.0738,NS,NS,NS,0.923016082670136,0.9967208797546465,6.24798e-41
HIF1A,LIF_removal_3h,0.0817334522492681,0.013722234186513898,0.108,NS,NS,NS,0.884205695569746,0.9990609479484573,9.24774e-50
HIF1A,LIF_removal_6h,0.0492758954488566,0.003322258681567573,0.05178,NS,NS,NS,0.789676869403813,0.9972264321673686,1.11523e-34
HIF1A,mNPC_differentiation,-1.29912207501425,-0.02809649071581614,0.01774,Downregulated,Downregulated,NS,5.34910273180013e-8,0.004927693562177867,1.2884e-9
HIF1A,TFCP2L1_knockdown,0.0161821493757761,0.010483487374771814,0.0053,NS,NS,NS,0.949428193153183,0.9451855424841861,0.073479
HIF1A,Forskolin_stimulation_NPC_24h,0.117009076009438,-0.015052386993073784,-0.05175,NS,NS,Downregulated,0.936313341342127,0.8833021830912428,2.81102e-32
HIF1A,Forskolin_stimulation_NPC_4h,0.239382841322526,0.001246025283357391,-0.00915,NS,NS,Downregulated,0.359663077087241,0.9932348525597723,0.0228099
HIF1A,Heat_shock_NPC,0.488053405243557,-0.0261252217008027,-0.15593,NS,Downregulated,Downregulated,0.0938699710825776,0.0461644010528466,8.52157e-62
HNF1A,Chiron_removal,-0.0808490838075263,0.013912397070587956,0.01609,NS,NS,NS,0.908130000950612,0.26412399151909105,6.00781e-23
HNF1A,FOXA1_overexpression,-1.23263001237812,0.028410123681024857,0.10752,NS,NS,NS,0.893231578489261,0.10632751506986864,8.393020000000001e-74
HNF1A,LIF_removal_24h,-0.52374212390943,0.02582889397439796,0.056,NS,Upregulated,NS,0.405005078301245,0.012665020008081514,2.6850500000000003e-72
HNF1A,POU5F1_degradation,-0.804204542306218,-0.019072407249728852,-0.25169,NS,Downregulated,Downregulated,0.620399033732159,0.021716542249042774,2.72516e-125
HNF1A,SOX2_degradation,0.615531815307768,6.80890707776975e-4,-0.24608,NS,NS,Downregulated,0.296318217141997,0.918854694324089,9.38355e-124
HNF1A,Serum,-0.448665492937637,0.004579344607550128,-0.069,NS,NS,Downregulated,0.279132791630254,0.916538091579,6.34306e-75
HNF1A,Forskolin,0.17453332882264,-4.933548370157103e-4,-0.12383,NS,NS,Downregulated,0.62222688874659,0.9982454964048935,2.0191700000000002e-94
HNF1A,Heat_shock,-0.573380626013151,-0.010357662507088467,-0.21439,NS,NS,Downregulated,0.0317142538711285,0.34793540353359353,5.39012e-110
HNF1A,LIF_removal_1h,0.0971632177441893,-1.0793905042690705e-4,-0.03776,NS,NS,Downregulated,0.932201579881635,0.9967208797546465,7.328359999999999e-44
HNF1A,LIF_removal_3h,-0.0709210386110309,0.0033351644703580033,-0.08916,NS,NS,Downregulated,0.962348152841308,0.9990609479484573,9.201520000000001e-74
HNF1A,LIF_removal_6h,0.0503282718113138,-0.003236566977882765,-0.09057,NS,NS,Downregulated,0.93086229787534,0.9972264321673686,3.6000700000000003e-72
HNF1A,mNPC_differentiation,-2.07212573403066,0.012335254413992752,0.04859,Downregulated,NS,NS,3.60424837179747e-6,0.1607094395889738,1.32978e-53
HNF1A,TFCP2L1_knockdown,0.116122107614118,-0.001267180966003244,-0.0426,NS,NS,Downregulated,0.848545318525105,0.963724134899497,1.61734e-44
HNF1A,Forskolin_stimulation_NPC_24h,0.1434055931092,0.002541462212293963,0.11367,NS,NS,NS,0.763458905507052,0.9667729220897776,7.65152e-87
HNF1A,Forskolin_stimulation_NPC_4h,0.0829306587671835,0.00541729303856775,0.10085,NS,NS,NS,0.731281280458239,0.9932348525597723,1.5664399999999997e-84
HNF1A,Heat_shock_NPC,0.289606816610426,-0.018585018202256328,0.47931,NS,NS,NS,0.170367716454755,0.25101710726658094,3.7987399999999996e-150
HNF4A,Chiron_removal,-0.0619238800436152,-0.009852811301999071,-0.05746,NS,NS,Downregulated,0.908130000950612,0.5869403246403412,1.3496999999999999e-70
HNF4A,FOXA1_overexpression,1.81203477807367,-0.01751862919483558,0.07269,NS,NS,NS,0.679063970513105,0.10341436998718244,3.0166299999999996e-53
HNF4A,LIF_removal_24h,-0.106369737062612,-0.018397267352526604,-0.06522,NS,NS,Downregulated,0.785376171246892,0.11133673430198167,1.5197e-78
HNF4A,POU5F1_degradation,1.34675377402059,0.004505484626180554,-0.08629,NS,NS,Downregulated,0.0733754744683463,0.6502856834544644,1.3935999999999998e-86
HNF4A,SOX2_degradation,-0.979715747151637,-0.048713069690366095,-0.15026,Downregulated,Downregulated,Downregulated,3.165914604463e-4,6.995515164828863e-6,3.1182699999999998e-111
HNF4A,Serum,-0.218472902687703,-0.029022727570114856,-0.06613,NS,NS,Downregulated,0.313598888012664,0.06324659314911356,2.2600800000000003e-70
HNF4A,Forskolin,0.0809802508715098,2.0373220001637313e-5,-0.03052,NS,NS,Downregulated,0.732926761185336,0.9982454964048935,2.5946299999999997e-37
HNF4A,Heat_shock,-0.38825217409969,0.023298579324861627,-0.02965,NS,Upregulated,Downregulated,0.0255047282918493,0.04750146793270103,4.78404e-35
HNF4A,LIF_removal_1h,-0.058759412842133,0.0015234983840535909,-0.00793,NS,NS,Downregulated,0.974078750991532,0.9967208797546465,9.33631e-8
HNF4A,LIF_removal_3h,0.132772753503351,-0.002272105911745141,-0.06228,NS,NS,Downregulated,0.874902412697374,0.9990609479484573,4.8083599999999995e-64
HNF4A,LIF_removal_6h,0.20338177511048,-0.020179821468601575,-0.0451,NS,NS,Downregulated,0.533305518051098,0.6085347332480323,4.164889999999999e-52
HNF4A,mNPC_differentiation,-1.25313557371431,-0.1013796111187072,-0.23733,Downregulated,Downregulated,Downregulated,1.71858080768699e-6,8.171614061097122e-11,8.96699e-132
HNF4A,TFCP2L1_knockdown,0.0478841744810087,-0.0058356221321619875,-0.02694,NS,NS,Downregulated,0.867989986349093,0.9451855424841861,2.07334e-37
HNF4A,Forskolin_stimulation_NPC_24h,-0.0468562090055151,-2.3171741870749163e-4,0.04034,NS,NS,NS,0.936450156163708,0.9909707680590795,4.4018399999999995e-45
HNF4A,Forskolin_stimulation_NPC_4h,-0.0594608434631279,-0.009846973382957494,-0.00411,NS,NS,Downregulated,0.7941591522156,0.9932348525597723,0.00345485
HNF4A,Heat_shock_NPC,-0.167035841193401,0.01194780827301925,0.16138,NS,NS,NS,0.50632259913167,0.5210567135422827,1.27245e-99
HOMEZ,Chiron_removal,0.18997337307279,0.004283654637674328,0.004,NS,NS,NS,0.908130000950612,0.8777681576597088,0.00177145
HOMEZ,FOXA1_overexpression,-1.34197937413192,0.03910205975123544,-0.02945,NS,NS,Downregulated,0.922631756910257,0.8016897778518431,2.04527e-15
HOMEZ,LIF_removal_24h,0.326160147561439,0.015420275263662887,0.02781,NS,NS,NS,0.914065452334078,0.5502031183453447,1.09451e-28
HOMEZ,POU5F1_degradation,-1.4193766204606,0.024315466172233603,-0.10788,NS,NS,Downregulated,0.481420166913038,0.16215082609311254,6.75577e-82
HOMEZ,SOX2_degradation,-2.17232699881178,0.033804440316119844,-0.12199,NS,Upregulated,Downregulated,0.052997332472424,0.04590128113490467,8.53618e-87
HOMEZ,Serum,-0.0545859225379282,0.01310071972971863,-0.03151,NS,NS,Downregulated,0.909518325976253,0.8708738109832502,9.10982e-28
HOMEZ,Forskolin,0.0152127890461713,0.0070474015192896165,-0.09524,NS,NS,Downregulated,0.97037440198142,0.9681364143246259,4.76194e-70
HOMEZ,Heat_shock,0.531710188610601,0.02906489130826891,-0.10766,NS,NS,Downregulated,0.0307532957304708,0.20553759176629377,3.0671399999999996e-64
HOMEZ,LIF_removal_1h,0.718455657221583,0.007440310787421651,-0.04193,NS,NS,Downregulated,0.709892979811474,0.9967208797546465,5.1382e-36
HOMEZ,LIF_removal_3h,0.37118460290732,-0.006682311868737328,-0.11258,NS,NS,Downregulated,0.672542266954426,0.9990609479484573,2.4273399999999998e-71
HOMEZ,LIF_removal_6h,0.469909265276996,-0.009651154665166996,-0.07857,NS,NS,Downregulated,0.444388578361643,0.9972264321673686,1.08898e-58
HOMEZ,mNPC_differentiation,-0.491521327359746,0.1176724847565491,0.08825,NS,Upregulated,NS,0.128640482816145,6.261674313745034e-7,1.19275e-70
HOMEZ,TFCP2L1_knockdown,0.555100903483804,0.01913756330514039,-0.00697,NS,NS,Downregulated,0.242479509002446,0.9451855424841861,8.32035e-5
HOMEZ,Forskolin_stimulation_NPC_24h,0.162377417856967,-0.009095703048984348,0.08471,NS,NS,NS,0.871637465569465,0.9667729220897776,7.228289999999999e-66
HOMEZ,Forskolin_stimulation_NPC_4h,-0.280166079554081,0.003999244596405216,0.09985,NS,NS,NS,0.225914520072366,0.9932348525597723,4.62347e-73
HOMEZ,Heat_shock_NPC,0.383951765665524,0.0447208826308185,0.45442,NS,NS,NS,0.0166064960844178,0.05288537689726629,9.19345e-133
HSF1,Chiron_removal,-0.676575058590382,-0.007454361365582952,-0.07258,NS,NS,Downregulated,0.285631010498879,0.624823844522862,4.5811800000000004e-77
HSF1,FOXA1_overexpression,1.35308266553686,0.04562949482288112,0.02942,NS,NS,NS,0.789720059729306,0.05723705475379788,1.84527e-17
HSF1,LIF_removal_24h,-0.451930015427365,-0.011803274875212235,-0.02521,NS,NS,Downregulated,0.452935337312247,0.3017597569945026,4.13195e-33
HSF1,POU5F1_degradation,0.300936129380838,0.039223882934762845,0.02855,NS,Upregulated,NS,0.620399033732159,1.3309807942013348e-4,2.80108e-36
HSF1,SOX2_degradation,0.673542043777729,0.07573168258451979,0.08442,NS,Upregulated,NS,0.311129664481955,1.7060511872494305e-9,1.36533e-83
HSF1,Serum,-0.146505215140295,-0.00846232553231165,-0.00881,NS,NS,Downregulated,0.592731043503094,0.8552617658543936,4.84236e-6
HSF1,Forskolin,0.136190592517061,-0.011097133006263148,-0.05744,NS,NS,Downregulated,0.694703803121313,0.8015285467688589,3.2957e-62
HSF1,Heat_shock,5.98245028181948,0.09278982677827091,0.05931,Upregulated,Upregulated,NS,9.08033364925286e-23,1.6907035497170565e-9,9.81026e-62
HSF1,LIF_removal_1h,0.567104906475024,-0.0030115683604935136,-0.01274,NS,NS,Downregulated,0.379866164458962,0.9967208797546465,2.035e-13
HSF1,LIF_removal_3h,0.236263647699663,-3.401364218731089e-4,-0.04787,NS,NS,Downregulated,0.730512097997482,0.9990609479484573,1.38566e-51
HSF1,LIF_removal_6h,0.222558487306929,-0.006511899133584627,-0.06426,NS,NS,Downregulated,0.585474944051297,0.9972264321673686,1.97255e-56
HSF1,mNPC_differentiation,0.342392251679481,0.024964619008880688,0.00777,NS,Upregulated,NS,0.129669679609447,0.01334898230655306,2.12945e-6
HSF1,TFCP2L1_knockdown,0.370584423401872,-0.0017698865341411758,-0.04548,NS,NS,Downregulated,0.263584646905987,0.963724134899497,6.5025e-48
HSF1,Forskolin_stimulation_NPC_24h,0.148470370092062,-0.015226464485100167,0.01367,NS,NS,NS,0.763458905507052,0.8833021830912428,5.68832e-14
HSF1,Forskolin_stimulation_NPC_4h,0.0266508374165128,-0.0026846508356644476,-0.04428,NS,NS,Downregulated,0.899529296720729,0.9932348525597723,6.161649999999999e-42
HSF1,Heat_shock_NPC,7.16262846754891,0.1114312698671969,0.25316,Upregulated,Upregulated,NS,2.1346074206049403e-79,5.924973453808689e-11,1.2558e-115
IRF1,Chiron_removal,-0.841615094679527,-0.004912040680409633,-0.03898,NS,NS,Downregulated,0.409833045666911,0.7474107990133397,1.29266e-77
IRF1,FOXA1_overexpression,0.0665056194427014,-7.27514816923451e-5,9.9e-4,NS,NS,NS,0.971156371146452,0.4801155388067512,0.0927053
IRF1,LIF_removal_24h,-0.646402233547858,0.006178319587832416,0.00692,NS,NS,NS,0.452935337312247,0.6725064295491626,1.4207e-18
IRF1,POU5F1_degradation,0.0433619380471148,0.019302494494392284,-0.0617,NS,Upregulated,Downregulated,0.984251096088978,0.030595146010506988,1.1449199999999997e-98
IRF1,SOX2_degradation,-0.234011776177196,0.023144516173448204,-0.0634,NS,Upregulated,Downregulated,0.709825190908595,0.008288992459553272,7.53162e-99
IRF1,Serum,-0.143855255102993,0.0028255747538438493,-0.02587,NS,NS,Downregulated,0.58939424056589,0.9517175066834885,1.9101999999999999e-50
IRF1,Forskolin,-0.554624293367531,0.0038436123454104647,-0.0451,NS,NS,Downregulated,0.0293012347830407,0.9681364143246259,4.94745e-75
IRF1,Heat_shock,0.381960192305028,0.0019103785957886293,-0.10189,NS,NS,Downregulated,0.106593977096429,0.9223061656733618,1.42261e-108
IRF1,LIF_removal_1h,-0.143116479984662,0.0027897737456026635,-0.02916,NS,NS,Downregulated,0.932201579881635,0.9967208797546465,2.0776799999999996e-52
IRF1,LIF_removal_3h,0.0624018559009192,-0.003955223475011984,-0.08875,NS,NS,Downregulated,0.941411719001189,0.9990609479484573,1.4679799999999998e-100
IRF1,LIF_removal_6h,0.0869638565886067,-0.006596202767113651,-0.08018,NS,NS,Downregulated,0.794299955754805,0.9972264321673686,5.5075e-93
IRF1,mNPC_differentiation,0.541828125060667,0.07339548653485746,0.07262,NS,Upregulated,NS,0.020895225350599,1.7962232011987303e-8,2.6460499999999994e-103
IRF1,TFCP2L1_knockdown,0.153224828533247,0.005797465593856283,0.00178,NS,NS,NS,0.553072105451196,0.9451855424841861,0.0162014
IRF1,Forskolin_stimulation_NPC_24h,-0.0582115238997948,-0.011514143248041467,0.03178,NS,NS,NS,0.936313341342127,0.9424753190497472,8.66393e-67
IRF1,Forskolin_stimulation_NPC_4h,0.0689184007284268,-0.0020185707189147237,0.01738,NS,NS,NS,0.737129600940205,0.9932348525597723,8.830379999999999e-31
IRF1,Heat_shock_NPC,-0.350993230981883,-0.006043270328915225,0.21123,NS,NS,NS,0.105054230775323,0.6566124451880637,1.5970899999999997e-140
IRF3,Chiron_removal,-0.619194619066102,-0.007456636511959113,-0.03403,NS,NS,Downregulated,0.240497322608023,0.6589854866644699,8.36392e-71
IRF3,FOXA1_overexpression,-0.745720533820395,0.013447552954296553,0.00518,NS,NS,NS,0.82062655765857,0.8016897778518431,0.00236408
IRF3,LIF_removal_24h,-0.562512896289499,0.0023780444886795874,0.00689,NS,NS,NS,0.34835373234529,0.9106791517539704,4.30131e-11
IRF3,POU5F1_degradation,1.08670368542708,0.025475437387428572,-0.04698,NS,Upregulated,Downregulated,0.0895861196300131,0.014031266514537757,9.24085e-78
IRF3,SOX2_degradation,1.46641100024235,0.029902786140278505,-0.09562,Upregulated,Upregulated,Downregulated,3.32415910796484e-6,0.002991372036049693,2.13533e-110
IRF3,Serum,-0.211862738416549,0.008512383258010145,-0.03541,NS,NS,Downregulated,0.550029443862824,0.8552617658543936,1.25844e-63
IRF3,Forskolin,-0.140218742919975,0.006714313475698662,-0.05498,NS,NS,Downregulated,0.657349972971015,0.9681364143246259,1.70881e-77
IRF3,Heat_shock,-0.794547592367807,0.02047231383735428,-0.09941,Downregulated,NS,Downregulated,0.00162786027933393,0.11169532696285574,3.92252e-95
IRF3,LIF_removal_1h,-0.220080502423281,0.004739493825152371,-0.00908,NS,NS,Downregulated,0.932201579881635,0.9967208797546465,2.74269e-13
IRF3,LIF_removal_3h,0.0825453549033061,-0.004312960218368123,-0.08125,NS,NS,Downregulated,0.941411719001189,0.9990609479484573,1.0566099999999999e-92
IRF3,LIF_removal_6h,0.119119884529951,-0.00916393776336525,-0.07215,NS,NS,Downregulated,0.789676869403813,0.9972264321673686,2.8043599999999994e-84
IRF3,mNPC_differentiation,2.07727278212223,0.071293966049537,0.05384,Upregulated,Upregulated,NS,9.027271530591e-8,2.583942013872879e-7,2.13505e-79
IRF3,TFCP2L1_knockdown,0.462218639936305,0.008445074455570857,0.01427,NS,NS,NS,0.217201267901146,0.9451855424841861,1.3844899999999999e-27
IRF3,Forskolin_stimulation_NPC_24h,-0.158867516208534,-0.004525075707624719,0.04259,NS,NS,NS,0.763458905507052,0.9667729220897776,1.5486899999999998e-69
IRF3,Forskolin_stimulation_NPC_4h,-1.09789032709126,0.0073974742182687445,0.03452,Downregulated,NS,NS,2.95265347764901e-8,0.9932348525597723,4.87437e-57
IRF3,Heat_shock_NPC,0.24100855315322,0.011334117109056109,0.25719,NS,NS,NS,0.186780906831324,0.5175498439696727,1.7180799999999998e-143
IRX3,Chiron_removal,0.593361676378424,-0.017310478957284946,0.02504,NS,NS,NS,0.628725718119776,0.4063855140202114,6.36322e-25
IRX3,Serum,-0.192938148529662,-0.0056005887439092164,-0.15334,NS,NS,Downregulated,0.526739680978155,0.942650531837139,9.079119999999999e-92
IRX3,Forskolin,-0.347797633432723,-0.015319016222210324,-0.14961,NS,NS,Downregulated,0.240709959163954,0.8015285467688589,3.9130199999999997e-90
IRX3,FOXA1_overexpression,0.739896396038023,-0.0025442023045280093,0.06653,NS,NS,NS,0.923104213148729,0.2866404198079901,8.172009999999999e-45
IRX3,Heat_shock,-0.0900021103021321,0.010659989420331448,-0.15145,NS,NS,Downregulated,0.67324520198115,0.5200516057861981,2.4677400000000003e-83
IRX3,LIF_removal_1h,-0.611987558748585,-0.012767805660163875,-0.10251,NS,NS,Downregulated,0.709892979811474,0.9967208797546465,1.00252e-76
IRX3,LIF_removal_24h,-0.0405007097622731,-0.007725249118336031,-0.01253,NS,NS,Downregulated,0.988405941782305,0.681051117711011,2.8008e-14
IRX3,LIF_removal_3h,0.0296854969315159,-0.023654423619159138,-0.15187,NS,NS,Downregulated,0.984763658191153,0.9990609479484573,1.43049e-87
IRX3,LIF_removal_6h,0.0611484968116009,-0.0042175147662381965,-0.11412,NS,NS,Downregulated,0.861793619198995,0.9972264321673686,1.25128e-73
IRX3,mNPC_differentiation,-0.251181475342328,0.04817729078698715,0.02561,NS,Upregulated,NS,0.34823549928981,4.516100894900744e-4,7.47777e-26
IRX3,POU5F1_degradation,-1.14521997250582,0.02941994370706781,-0.13153,NS,Upregulated,Downregulated,0.620399033732159,0.014031266514537757,4.27649e-90
IRX3,SOX2_degradation,0.605876177131067,0.038640214607250215,-0.22765,NS,Upregulated,Downregulated,0.56969594091143,0.0011389938292433672,2.3620700000000003e-114
IRX3,TFCP2L1_knockdown,-0.00347888317542358,0.0030317484937394494,-0.02679,NS,NS,Downregulated,0.995887257620177,0.963724134899497,3.23726e-25
IRX3,Forskolin_stimulation_NPC_24h,0.109172237460507,-0.007525545068517103,0.15022,NS,NS,NS,0.92793123599001,0.9667729220897776,4.20728e-88
IRX3,Forskolin_stimulation_NPC_4h,-0.35596744159339,0.0026399453041918777,0.10412,NS,NS,NS,0.0400696689294759,0.9932348525597723,3.5901800000000004e-70
IRX3,Heat_shock_NPC,0.897930997548078,-0.06289751571164998,0.40233,Upregulated,Downregulated,NS,1.1539152183945e-4,0.0029332691690606054,7.54801e-128
KLF4,Chiron_removal,0.300065832852085,-0.0106257400938232,-0.0696,NS,NS,Downregulated,0.0504601180351061,0.61443629483598206,3.00877e-108
KLF4,FOXA1_overexpression,-0.103028971654681,0.004780928378673681,2.6e-4,NS,NS,NS,0.92869572764428,0.9521766524725884,0.214263
KLF4,LIF_removal_24h,-0.280329977056105,-0.031466469635658925,-0.1978,NS,Downregulated,Downregulated,0.131046942847728,0.025584980936915264,4.722209999999999e-154
KLF4,POU5F1_degradation,-1.40949622897044,-0.015619728968154504,-0.02367,Downregulated,NS,Downregulated,0.0034801987341565,0.16215082609311254,4.0073999999999995e-64
KLF4,SOX2_degradation,-1.65172711628996,-0.00631241688430217,0.04578,Downregulated,NS,NS,2.0468834276375e-12,0.5844167804115087,8.53242e-89
KLF4,Serum,-0.226329464378411,0.004676943182448404,0.09614,NS,NS,NS,0.0520188278843501,0.9517175066834885,7.38957e-120
KLF4,Forskolin,-0.420189229105378,0.0053329579300024086,0.07361,Downregulated,NS,NS,0.00166226483159956,0.9681364143246259,4.43544e-102
KLF4,Heat_shock,-0.294750659874401,0.04496331770074812,0.12134,NS,Upregulated,NS,0.0346725543478819,0.00204634320146718,2.863e-125
KLF4,LIF_removal_1h,-0.100325206668997,0.004414576053457687,0.12831,NS,NS,NS,0.923016082670136,0.9967208797546465,4.8116e-134
KLF4,LIF_removal_3h,-0.0430715417473411,-0.007999411365197957,0.04309,NS,NS,NS,0.941411719001189,0.9990609479484573,1.19616e-72
KLF4,LIF_removal_6h,-0.1535659222573,-0.010664529858477824,0.01903,NS,NS,NS,0.523330243592412,0.9972264321673686,1.09702e-43
KLF4,mNPC_differentiation,-2.19717344414463,-0.09695542856839597,-0.28461,Downregulated,Downregulated,Downregulated,1.09289903297712e-11,9.138428621849534e-9,9.08203e-167
KLF4,TFCP2L1_knockdown,-0.261342498777604,-0.004712869086731526,0.02642,NS,NS,NS,0.180448840273506,0.9451855424841861,9.59429e-57
KLF4,Forskolin_stimulation_NPC_24h,-0.0295144092483252,0.00959963345967485,-0.0058,NS,NS,Downregulated,0.945405035196353,0.9667729220897776,6.45735e-6
KLF4,Forskolin_stimulation_NPC_4h,0.105674414850891,8.491017307897808e-4,-0.01497,NS,NS,Downregulated,0.57132186492577,0.9932348525597723,2.5479300000000004e-24
KLF4,Heat_shock_NPC,0.0711429582968149,0.013725591448280533,-0.17944,NS,NS,Downregulated,0.771325326387063,0.5210567135422827,7.390849999999999e-129
MAF::NFE2,Chiron_removal,0.14239456904099,-0.007085016265465601,-0.05047,NS,NS,Downregulated,0.83037504193506,0.7400327432847673,2.4502699999999998e-71
MAF::NFE2,FOXA1_overexpression,0.126426506521005,0.019562203191953204,0.13259,NS,NS,NS,0.934471774660713,0.4788353239860636,2.7874799999999997e-92
MAF::NFE2,LIF_removal_24h,0.152577664519611,-0.02093818094246487,-0.08696,NS,NS,Downregulated,0.682813233196246,0.1793644214215753,2.05168e-95
MAF::NFE2,POU5F1_degradation,0.431172951857115,0.0337303311436599,-0.07296,NS,Upregulated,Downregulated,0.445595774930785,0.008043087397938863,4.6104800000000004e-88
MAF::NFE2,SOX2_degradation,0.755575209469839,0.015778722697058246,-0.11083,Upregulated,NS,Downregulated,1.1684935343974e-4,0.19215813153844571,2.3941999999999994e-105
MAF::NFE2,Serum,-0.375806294045676,0.031226189759402223,0.06313,Downregulated,NS,NS,0.00310006886986044,0.1776512980849143,3.3870400000000005e-76
MAF::NFE2,Forskolin,-0.646322130838705,0.017726047601140747,-0.03638,Downregulated,NS,Downregulated,1.7207083623989e-4,0.8015285467688589,3.53839e-48
MAF::NFE2,Heat_shock,-1.11034592561073,0.004372155001814234,-0.1405,Downregulated,NS,Downregulated,3.22283618228422e-6,0.8395940150446333,2.78065e-108
MAF::NFE2,LIF_removal_1h,-0.0882595931500379,-0.0017083793631838713,-0.01923,NS,NS,Downregulated,0.932201579881635,0.9967208797546465,2.8294900000000002e-24
MAF::NFE2,LIF_removal_3h,-0.0928579723829092,-0.0014748612736193278,-0.05454,NS,NS,Downregulated,0.86802305667349,0.9990609479484573,1.72514e-63
MAF::NFE2,LIF_removal_6h,-0.0364895201807738,-0.004060812441528632,-0.07039,NS,NS,Downregulated,0.847685360720486,0.9972264321673686,2.11457e-74
MAF::NFE2,mNPC_differentiation,0.910007187572099,0.004043591565626921,0.00515,Upregulated,NS,NS,1.44168048710412e-6,0.7650758348898917,1.95245e-7
MAF::NFE2,TFCP2L1_knockdown,0.153626784030189,0.0025653274853833065,-0.03795,NS,NS,Downregulated,0.421992504717877,0.963724134899497,2.7988599999999993e-52
MAF::NFE2,Forskolin_stimulation_NPC_24h,0.0790197033593296,0.026797409822047345,0.16122,NS,NS,NS,0.936313341342127,0.5961860179558208,6.4582199999999995e-108
MAF::NFE2,Forskolin_stimulation_NPC_4h,-0.124639855177483,0.11553418286052619,0.34666,NS,Upregulated,NS,0.544714121472588,1.2791966937789383e-8,1.87584e-139
MAF::NFE2,Heat_shock_NPC,-1.5440507243586299,0.01752205475658372,0.24824,Downregulated,NS,NS,1.05758275163023e-11,0.4213481043856154,3.929179999999999e-127
MEF2A,Chiron_removal,-0.112064095408347,-0.0034771028338542176,-0.0255,NS,NS,Downregulated,0.908130000950612,0.849032979238393,5.1530999999999996e-40
MEF2A,LIF_removal_24h,0.567323849448761,0.008271827936462268,-0.00599,NS,NS,Downregulated,0.0248318878397752,0.579930792618031,1.67153e-8
MEF2A,POU5F1_degradation,0.916482494806322,0.051429205917042725,-0.1362,NS,Upregulated,Downregulated,0.494007620094485,1.6914999641723115e-5,3.5915299999999995e-107
MEF2A,SOX2_degradation,2.18797730259022,0.04358663956859858,-0.18464,Upregulated,Upregulated,Downregulated,1.6091309240812102e-15,8.709445318813858e-5,2.4762199999999997e-121
MEF2A,Serum,0.0438324424098828,0.00902682861890352,-0.08489,NS,NS,Downregulated,0.866828405212337,0.8552617658543936,1.4941199999999999e-84
MEF2A,Forskolin,-2.5826244239153,0.003276519473328649,-0.12564,Downregulated,NS,Downregulated,4.03987221746689e-13,0.9681364143246259,7.55855e-96
MEF2A,FOXA1_overexpression,-1.02282487703948,0.0047351459528433976,0.00836,NS,NS,NS,0.82062655765857,0.4398927525756454,5.5307e-5
MEF2A,Heat_shock,-0.656743953254949,0.04284481420052241,-0.13562,Downregulated,Upregulated,Downregulated,1.18681893982634e-5,0.0013849652445236226,2.1140599999999996e-103
MEF2A,LIF_removal_1h,-0.0216427525598041,-0.004280105106821426,-0.08123,NS,NS,Downregulated,0.978707603082499,0.9967208797546465,2.2598e-70
MEF2A,LIF_removal_3h,0.231823379928361,0.00655540576802531,-0.1374,NS,NS,Downregulated,0.415652851062661,0.9990609479484573,1.3416200000000001e-102
MEF2A,LIF_removal_6h,0.155998843581948,-5.377467708799211e-4,-0.12505,NS,NS,Downregulated,0.533305518051098,0.9972264321673686,3.10152e-92
MEF2A,mNPC_differentiation,-2.81507747133809,0.15844588515049496,0.08953,Downregulated,Upregulated,NS,1.96439962052076e-13,4.5160096328867915e-14,2.42682e-90
MEF2A,TFCP2L1_knockdown,0.304889566510571,0.011698856014970206,-0.04324,NS,NS,Downregulated,0.107411498994372,0.9451855424841861,4.0797999999999997e-54
MEF2A,Forskolin_stimulation_NPC_24h,-0.659032449393658,-0.05444302279083673,0.03986,NS,NS,NS,0.0135205544175138,0.08678933192078207,7.39135e-54
MEF2A,Forskolin_stimulation_NPC_4h,0.15111852993384,-0.055010131680327,0.03658,NS,NS,NS,0.550124400626186,0.08457856708616678,7.36213e-48
MEF2A,Heat_shock_NPC,0.0437561117761832,0.20558668797751073,0.59458,NS,Upregulated,NS,0.894124115945293,1.7384558836620111e-10,3.1302599999999994e-171
MTF1,Chiron_removal,-0.138848724655746,-0.007233065175942115,0.02171,NS,NS,NS,0.539944160413636,0.7113708224802776,4.87945e-26
MTF1,FOXA1_overexpression,-0.614018389738924,0.03615117830139394,0.13588,NS,NS,NS,0.705293673547243,0.05723705475379788,2.1045400000000002e-70
MTF1,LIF_removal_24h,0.0064153995515425,0.015722911918038623,0.04369,NS,NS,NS,0.988405941782305,0.25517201129246264,9.093959999999999e-51
MTF1,POU5F1_degradation,-0.777266706284095,-0.0030228999883264167,-0.03834,NS,NS,Downregulated,0.0256278546555252,0.8043197645624637,7.541679999999999e-40
MTF1,SOX2_degradation,-0.682016098920347,0.009150756737281208,0.03391,Downregulated,NS,NS,1.09501262925726e-6,0.39991652864629484,1.77923e-33
MTF1,Serum,-0.411716378889755,0.0023815949932068717,-5.7e-4,Downregulated,NS,NS,0.00558188681912057,0.9517175066834885,0.742464
MTF1,Forskolin,0.170024532063383,0.01361669481058087,0.03121,NS,NS,NS,0.309078577245166,0.8015285467688589,5.66007e-24
MTF1,Heat_shock,0.510319847415962,0.012229794782120487,0.02678,Upregulated,NS,NS,0.00162786027933393,0.39819814465395204,1.49511e-21
MTF1,LIF_removal_1h,-0.147801219795287,0.006718958277211234,-0.01512,NS,NS,Downregulated,0.918319072311947,0.9967208797546465,9.27368e-13
MTF1,LIF_removal_3h,-0.00563015406805988,0.001847275408062607,-0.033,NS,NS,Downregulated,0.984763658191153,0.9990609479484573,2.8426800000000004e-26
MTF1,LIF_removal_6h,-0.0189865614100409,-3.3054571845503485e-4,-0.00524,NS,NS,Downregulated,0.921178066445499,0.9972264321673686,0.0152713
MTF1,mNPC_differentiation,-1.74648220106218,0.004200573046041606,0.09828,Downregulated,NS,NS,7.40341076239372e-10,0.7266815537168279,2.39226e-78
MTF1,TFCP2L1_knockdown,0.0737215147214675,0.02895924321550821,5.6e-4,NS,NS,NS,0.732872569834651,0.28785308356944844,0.639528
MTF1,Forskolin_stimulation_NPC_24h,0.745695501073088,-0.001710802253724445,0.00488,Upregulated,NS,NS,7.29727290265531e-7,0.9667729220897776,0.0406602
MTF1,Forskolin_stimulation_NPC_4h,0.0656250799482016,-2.3794790241285849e-4,-0.00223,NS,NS,NS,0.683276493531611,0.9932348525597723,0.727755
MTF1,Heat_shock_NPC,-0.374996823755044,-0.003151203302624951,-0.01593,NS,NS,Downregulated,0.0752152673851564,0.8248791059355616,2.46283e-10
MYBL2,Chiron_removal,0.155188409943237,-0.0026832848305616093,-0.04355,NS,NS,Downregulated,0.897201161354868,0.8963424687177161,2.85531e-29
MYBL2,FOXA1_overexpression,0.671567331591446,0.029859110887807412,0.01578,NS,NS,NS,0.789720059729306,0.8530722529158625,1.05521e-4
MYBL2,LIF_removal_24h,-0.181690075143054,0.0018342182266497687,0.0228,NS,NS,NS,0.761975290896259,0.9567074446425562,1.18496e-15
MYBL2,POU5F1_degradation,-0.587027707830057,0.05046637377846928,0.00799,NS,Upregulated,NS,0.365989549531941,0.006321392976293227,0.0214166
MYBL2,SOX2_degradation,-0.127243200083679,0.04279071310078948,0.00982,NS,Upregulated,NS,0.781761354690026,0.012311125324253732,2.3932e-5
MYBL2,Serum,0.145444848718071,9.063475433843306e-4,0.00196,NS,NS,NS,0.518789515820026,0.9804067085384727,0.00659103
MYBL2,Forskolin,-0.2792591646609,0.025784713885018948,0.00386,NS,NS,NS,0.215580831352978,0.8015285467688589,0.0358015
MYBL2,Heat_shock,0.315522146080667,-0.010282552187324977,-0.1356,NS,NS,Downregulated,0.0272655435497635,0.7129896064915634,2.30521e-60
MYBL2,LIF_removal_1h,0.267684927570593,-0.007059561490891668,-0.06456,NS,NS,Downregulated,0.856605853241138,0.9967208797546465,3.9464299999999995e-32
MYBL2,LIF_removal_3h,0.33410822597784,-0.016044055286680792,-0.01314,NS,NS,Downregulated,0.415652851062661,0.9990609479484573,2.03333e-4
MYBL2,LIF_removal_6h,0.298214059173156,-0.024987495206547403,-0.01133,NS,NS,Downregulated,0.438034625924758,0.9900224097324921,0.017531
MYBL2,mNPC_differentiation,0.492264831149135,0.052245680922051625,0.14987,NS,Upregulated,NS,0.0670370921698434,0.008136311875501439,4.14471e-77
MYBL2,TFCP2L1_knockdown,0.252847712950353,-0.0067873340452673184,0.01063,NS,NS,NS,0.321691478611502,0.9451855424841861,0.00475468
MYBL2,Forskolin_stimulation_NPC_24h,0.137976164740543,0.0043812441385697,0.0681,NS,NS,NS,0.92793123599001,0.9667729220897776,2.5019799999999998e-40
MYBL2,Forskolin_stimulation_NPC_4h,0.601346497117581,-0.010055456057569252,-0.01982,NS,NS,Downregulated,0.0409101929623325,0.9932348525597723,6.94106e-8
MYBL2,Heat_shock_NPC,0.594640522743016,-0.0032840058284679223,0.13498,NS,NS,NS,0.0279017532269589,0.8902693787994452,8.12693e-56
MYC,Chiron_removal,-0.637645275107996,-0.013800938034056682,-0.06376,NS,NS,Downregulated,0.079549700643007,0.5581339513765601,1.34932e-67
MYC,FOXA1_overexpression,-0.952473114049014,-0.03664520649970825,-0.024,NS,NS,Downregulated,0.421065485740562,0.660151943418839,4.77803e-17
MYC,LIF_removal_24h,-0.14801813843074,0.00656449270689968,-0.00831,NS,NS,Downregulated,0.768745598943699,0.7457284857680705,9.42712e-8
MYC,POU5F1_degradation,-0.543167390606515,0.0032052165717663893,0.09388,NS,NS,NS,0.161561530358856,0.8044670061772201,1.7973800000000002e-83
MYC,SOX2_degradation,-0.343201794959849,-0.009465041616532551,0.07792,NS,NS,NS,0.150897223990351,0.42614860911999436,4.4715e-67
MYC,Serum,-0.463315761725352,2.903494764246603e-4,0.00171,Downregulated,NS,NS,7.1374461047764e-4,0.9804067085384727,0.222549
MYC,Forskolin,0.642581811095745,0.020730354128653913,0.04287,Upregulated,NS,NS,7.47480993697556e-5,0.67589823935099,3.4658799999999996e-40
MYC,Heat_shock,-0.327278038679977,0.04699065625872769,0.12992,NS,Upregulated,NS,0.0198339775125855,0.00204634320146718,5.967229999999999e-92
MYC,LIF_removal_1h,-0.0674614674282994,5.248004156360325e-4,0.00632,NS,NS,NS,0.960970707729181,0.9967208797546465,0.0237357
MYC,LIF_removal_3h,0.0891473991310109,-0.0012405527328406378,-0.02278,NS,NS,Downregulated,0.86802305667349,0.9990609479484573,7.47502e-16
MYC,LIF_removal_6h,0.124009993946237,0.0015395522701877106,-0.04832,NS,NS,Downregulated,0.533305518051098,0.9972264321673686,1.6124599999999998e-44
MYC,mNPC_differentiation,-1.02147806196781,-0.03829349770944357,-0.0264,Downregulated,Downregulated,Downregulated,1.77400654171531e-6,0.004382969235892491,3.44176e-31
MYC,TFCP2L1_knockdown,0.0641780817375564,0.01258392164357231,-0.00438,NS,NS,NS,0.757045853616478,0.9451855424841861,0.131425
MYC,Forskolin_stimulation_NPC_24h,0.22606916593043,0.002378493576818491,-0.06011,NS,NS,Downregulated,0.48340694408623,0.9667729220897776,6.113329999999999e-49
MYC,Forskolin_stimulation_NPC_4h,0.114754139724236,-0.0025825519162802346,-0.09275,NS,NS,Downregulated,0.444017511683575,0.9932348525597723,1.9742299999999998e-58
MYC,Heat_shock_NPC,-0.346942827718184,0.0094233314488389,-0.13418,NS,NS,Downregulated,0.108300786504316,0.5210567135422827,4.41658e-86
NEUROG2,Chiron_removal,0.457104444078016,0.006959551240245159,0.01976,NS,NS,NS,0.908130000950612,0.8245675112296343,1.86801e-18
NEUROG2,FOXA1_overexpression,0.385866236928843,-0.023757800494390052,0.15274,NS,NS,NS,0.92869572764428,0.7936633891140812,8.676999999999999e-60
NEUROG2,LIF_removal_24h,1.17633348323765,0.0018127907833178235,-0.00481,NS,NS,NS,0.692667268161286,0.9567074446425562,0.076005
NEUROG2,POU5F1_degradation,-0.817385447006519,0.009761206366135377,-0.1101,NS,NS,Downregulated,0.639150088336311,0.5731040982083694,3.6818999999999996e-72
NEUROG2,SOX2_degradation,-0.858895841884409,0.02229245708201467,-0.01618,NS,NS,Downregulated,0.676856959568105,0.1649021872274387,8.24818e-11
NEUROG2,Serum,-0.115394936453263,-0.013203661973569522,-0.11188,NS,NS,Downregulated,0.681336026325182,0.8585517871460399,8.393400000000001e-77
NEUROG2,Forskolin,0.253614378968675,-0.005446691640579868,-0.13763,NS,NS,Downregulated,0.581607859272195,0.9681364143246259,1.05342e-73
NEUROG2,Heat_shock,0.787265690124847,-0.014068011075659578,-0.07952,Upregulated,NS,Downregulated,8.02064187682987e-5,0.5434801051050046,2.9479899999999995e-52
NEUROG2,LIF_removal_1h,0.599824997582664,-0.010409547519806495,-0.13882,NS,NS,Downregulated,0.709892979811474,0.9967208797546465,2.74814e-74
NEUROG2,LIF_removal_3h,0.236048075784366,-0.007604536958984466,-0.14079,NS,NS,Downregulated,0.838018209523585,0.9990609479484573,3.4844800000000006e-76
NEUROG2,LIF_removal_6h,0.239347020646283,0.00326691158605172,-0.08878,NS,NS,Downregulated,0.585474944051297,0.9972264321673686,2.7193e-57
NEUROG2,mNPC_differentiation,0.0456820272257474,0.11318234121666543,0.2747,NS,Upregulated,NS,0.853041065605782,3.362233033428209e-7,2.64595e-123
NEUROG2,TFCP2L1_knockdown,0.551868374256472,7.309138281403082e-4,-0.03907,NS,NS,Downregulated,0.164234845851854,0.9844654444247022,7.64169e-32
NEUROG2,Forskolin_stimulation_NPC_24h,-0.14401949797957,-0.017561331367495353,0.08972,NS,NS,NS,0.763458905507052,0.9667729220897776,2.24392e-64
NEUROG2,Forskolin_stimulation_NPC_4h,-0.41111822427671,-0.009162314977725683,0.03261,NS,NS,NS,0.0202789565767269,0.9932348525597723,5.35521e-21
NEUROG2,Heat_shock_NPC,0.331359715858404,-0.02285550390362366,0.12608,NS,NS,NS,0.105054230775323,0.47217861846840675,1.68193e-71
NFAT5,Chiron_removal,0.349535896674036,0.0027329033341904727,-0.02724,NS,NS,Downregulated,0.351852639194024,0.8654149824712218,1.7077699999999999e-38
NFAT5,FOXA1_overexpression,0.672088966037478,-0.001872752294506598,0.05601,NS,NS,NS,0.777623211132242,0.7117911894224829,3.3230299999999996e-39
NFAT5,LIF_removal_24h,0.0394061867214351,0.008255590843741781,-0.02748,NS,NS,Downregulated,0.97385159338697,0.5788828778308955,3.16228e-36
NFAT5,POU5F1_degradation,-0.605585228073933,-0.003095869210492181,-0.11887,NS,NS,Downregulated,0.418443669812802,0.7801685556276498,9.548669999999999e-96
NFAT5,SOX2_degradation,-0.598420903702039,-0.005266380774816367,-0.0802,NS,NS,Downregulated,0.0800779133523964,0.5965198301940658,2.89509e-80
NFAT5,Serum,0.0760189074158146,0.0021178605276965384,-0.01389,NS,NS,Downregulated,0.787268293242213,0.9517175066834885,9.80701e-22
NFAT5,Forskolin,-0.145838608560726,-0.01177370740581346,-0.08899,NS,NS,Downregulated,0.62222688874659,0.8015285467688589,1.50014e-74
NFAT5,Heat_shock,0.447609841038404,0.02364122687405818,-0.08192,NS,NS,Downregulated,0.0169268822467915,0.06027448244578545,6.44899e-69
NFAT5,LIF_removal_1h,0.261089911646954,-0.0020556161669682063,-0.03068,NS,NS,Downregulated,0.902470035765118,0.9967208797546465,6.3267e-38
NFAT5,LIF_removal_3h,0.261446523899653,0.010139994247459351,-0.07424,NS,NS,Downregulated,0.672542266954426,0.9990609479484573,2.52205e-65
NFAT5,LIF_removal_6h,0.23183128787961,0.002297305026013864,-0.06888,NS,NS,Downregulated,0.533305518051098,0.9972264321673686,6.84117e-63
NFAT5,mNPC_differentiation,0.130437225435775,-0.004825719801771649,-0.02675,NS,NS,Downregulated,0.581840954440798,0.6812489937151613,6.14695e-33
NFAT5,TFCP2L1_knockdown,0.20101530914358,0.0016344360758084142,-0.00963,NS,NS,Downregulated,0.543081933012034,0.963724134899497,2.05786e-6
NFAT5,Forskolin_stimulation_NPC_24h,-0.0376999476525409,-0.006465114862240399,0.03606,NS,NS,NS,0.936450156163708,0.9667729220897776,9.585929999999999e-32
NFAT5,Forskolin_stimulation_NPC_4h,0.00336618882284281,-0.012197264783579298,0.00756,NS,NS,NS,0.983878189433571,0.6903964526181828,8.14488e-7
NFAT5,Heat_shock_NPC,-0.356216437625259,-0.017040080073101226,0.07454,NS,NS,NS,0.105194016865728,0.19132376625211028,5.70736e-57
NFATC1,Chiron_removal,0.12688671901271,0.0027526928797574927,-0.02011,NS,NS,Downregulated,0.908130000950612,0.8835985234540152,1.2450599999999999e-28
NFATC1,FOXA1_overexpression,-0.036620296566701,-0.02132224353506529,0.00238,NS,NS,NS,0.9678307207156,0.7936633891140812,0.0281688
NFATC1,LIF_removal_24h,-0.0108497518514195,0.012853556472405435,0.00944,NS,NS,NS,0.988405941782305,0.4920310115551206,7.63326e-14
NFATC1,POU5F1_degradation,-0.379324058666725,0.00480106265914159,-0.10362,NS,NS,Downregulated,0.620399033732159,0.7616825811260772,1.7270600000000001e-102
NFATC1,SOX2_degradation,-1.21633637655967,0.008412190399423952,-0.08074,NS,NS,Downregulated,0.0448504140117224,0.5382537765211548,2.2680299999999998e-86
NFATC1,Serum,-0.103014613850764,5.527377597552653e-4,-0.02177,NS,NS,Downregulated,0.79170321070972,0.9804067085384727,6.8623799999999994e-40
NFATC1,Forskolin,0.1108667822139,-0.011781534527515862,-0.08246,NS,NS,Downregulated,0.735113616830221,0.8360084871427297,1.1579299999999999e-80
NFATC1,Heat_shock,0.353583267257033,-0.0076341256291849215,-0.11011,NS,NS,Downregulated,0.155670552455893,0.7145021273169818,1.1039399999999999e-91
NFATC1,LIF_removal_1h,0.355574576504309,-0.008750484919108693,-0.0472,NS,NS,Downregulated,0.856605853241138,0.9967208797546465,9.342249999999999e-51
NFATC1,LIF_removal_3h,0.18881134402217,0.005670331764823695,-0.07285,NS,NS,Downregulated,0.86802305667349,0.9990609479484573,7.04446e-79
NFATC1,LIF_removal_6h,0.18920873853484,0.009253069582217574,-0.0811,NS,NS,Downregulated,0.707654528191483,0.9972264321673686,7.518839999999999e-79
NFATC1,mNPC_differentiation,0.172875132129246,0.11161078040759165,0.12078,NS,Upregulated,NS,0.540518890535889,1.662767806363794e-8,7.433989999999999e-107
NFATC1,TFCP2L1_knockdown,0.510818802417674,0.006935008555381365,-0.03186,NS,NS,Downregulated,0.26479518945754,0.9451855424841861,1.9166799999999997e-45
NFATC1,Forskolin_stimulation_NPC_24h,-0.0909578240343545,-4.067326676582411e-4,0.07213,NS,NS,NS,0.936313341342127,0.9909707680590795,1.38459e-76
NFATC1,Forskolin_stimulation_NPC_4h,0.267113613606685,0.0015923896892671707,0.02323,NS,NS,NS,0.225914520072366,0.9932348525597723,1.9318899999999998e-28
NFATC1,Heat_shock_NPC,0.0382693240519808,0.025962549443438412,0.22526,NS,NS,NS,0.894124115945293,0.3038423597699891,2.0821999999999998e-122
NFE2L2,Chiron_removal,-0.0625615895333675,-0.006804526542002231,-0.03839,NS,NS,Downregulated,0.843494006530403,0.7400327432847673,5.81894e-60
NFE2L2,FOXA1_overexpression,-0.0232271639073882,0.02118377496839199,0.14201,NS,NS,NS,0.9678307207156,0.4631234928738232,6.53644e-89
NFE2L2,LIF_removal_24h,0.148478886219685,-0.019775492459365756,-0.08502,NS,NS,Downregulated,0.437377907146796,0.18757626227424531,1.28062e-95
NFE2L2,POU5F1_degradation,-0.069595302982637,0.037956967122998134,-0.05198,NS,Upregulated,Downregulated,0.765556984448747,0.0028967510221058826,5.63116e-76
NFE2L2,SOX2_degradation,0.117230859481074,0.006330428812483713,-0.0967,NS,NS,Downregulated,0.361257324117451,0.5965198301940658,3.77793e-99
NFE2L2,Serum,0.0677010110557895,0.019563837273429165,0.05732,NS,NS,NS,0.743198792675046,0.5735095287122544,7.49756e-78
NFE2L2,Forskolin,-0.0888387165182588,0.01087438026716863,-0.03425,NS,NS,Downregulated,0.62222688874659,0.8351111067758511,2.33811e-49
NFE2L2,Heat_shock,-1.87118381141948,0.00184465287765662,-0.09252,Downregulated,NS,Downregulated,3.49749709539749e-8,0.9539250585383355,1.18251e-86
NFE2L2,LIF_removal_1h,-0.0689172791799503,-0.006111478706157708,-0.02747,NS,NS,Downregulated,0.932201579881635,0.9967208797546465,2.0971200000000001e-41
NFE2L2,LIF_removal_3h,0.0324918755119364,-0.0014234861983265447,-0.06092,NS,NS,Downregulated,0.948797978487585,0.9990609479484573,9.81018e-71
NFE2L2,LIF_removal_6h,0.163919445531733,-9.569037190134909e-4,-0.03714,NS,NS,Downregulated,0.533305518051098,0.9972264321673686,2.70852e-47
NFE2L2,mNPC_differentiation,0.13874596664651,0.01616237170782277,0.01312,NS,NS,NS,0.348736503652243,0.20937340343196223,1.94782e-25
NFE2L2,TFCP2L1_knockdown,-0.194652533497078,-0.005375165631379692,-0.05954,NS,NS,Downregulated,0.2933362764236,0.9451855424841861,1.7492299999999998e-71
NFE2L2,Forskolin_stimulation_NPC_24h,-0.0552843568503322,0.027608754494923157,0.14776,NS,NS,NS,0.936313341342127,0.4161508066352,8.48807e-106
NFE2L2,Forskolin_stimulation_NPC_4h,-1.20229225996401,0.11641333563897235,0.31925,Downregulated,Upregulated,NS,5.54542452290571e-9,2.460692021068346e-9,2.8345399999999994e-140
NFE2L2,Heat_shock_NPC,-0.299670390467279,0.017982127206867947,0.17123,NS,NS,NS,0.103432939023649,0.3753272725171959,4.9575e-109
NFIA,Chiron_removal,-0.163567520977098,-0.0026325543882425723,-0.02101,NS,NS,Downregulated,0.908130000950612,0.9291199963894756,2.6927699999999997e-28
NFIA,FOXA1_overexpression,1.00521636447969,-9.357875351238727e-4,0.07666,NS,NS,NS,0.671825225493959,0.8078198596684423,7.40252e-48
NFIA,LIF_removal_24h,0.176017614912435,-0.017768718682255852,-0.0273,NS,NS,Downregulated,0.826324614279522,0.6725064295491626,1.32273e-35
NFIA,POU5F1_degradation,-0.735732019987453,0.054398319705321635,0.06456,NS,Upregulated,NS,0.317692131943441,0.034519988546162166,1.22622e-65
NFIA,SOX2_degradation,0.486469101464879,0.02700809436386013,0.10306,NS,NS,NS,0.454715820529412,0.2942446421162132,6.78147e-88
NFIA,Serum,-0.0340972705041988,-0.01242249119806231,0.07092,NS,NS,NS,0.909518325976253,0.942650531837139,3.9957999999999996e-67
NFIA,Forskolin,-0.049294094087913,-0.003864991541382992,0.0079,NS,NS,NS,0.823683804096455,0.9982454964048935,1.56021e-5
NFIA,Heat_shock,0.593190709790193,0.013099108398707007,0.01496,Upregulated,NS,NS,1.3455452634236e-4,0.7464544885344635,2.75741e-12
NFIA,LIF_removal_1h,-0.048573186382848,0.001478348807605473,-0.00232,NS,NS,NS,0.978707603082499,0.9967208797546465,0.747044
NFIA,LIF_removal_3h,-0.0435143141708239,0.0019981429843766857,-0.02967,NS,NS,Downregulated,0.948797978487585,0.9990609479484573,3.1701100000000004e-30
NFIA,LIF_removal_6h,0.201084896678342,0.00868920056470725,-0.01543,NS,NS,Downregulated,0.533305518051098,0.9972264321673686,6.03809e-12
NFIA,mNPC_differentiation,1.09749070527563,0.8303619321617131,0.81972,Upregulated,Upregulated,NS,3.02890225010742e-5,1.4719689851397869e-21,1.01146e-192
NFIA,TFCP2L1_knockdown,0.100543379747071,0.002012663333160372,0.00117,NS,NS,NS,0.758442033547021,0.9844654444247022,0.73248
NFIA,Forskolin_stimulation_NPC_24h,0.290474051166202,-0.11358709479647777,-0.0359,NS,NS,Downregulated,0.763458905507052,0.8833021830912428,8.16555e-50
NFIA,Forskolin_stimulation_NPC_4h,0.708286225679544,-0.07617157762456778,-0.11159,NS,NS,Downregulated,0.0484597485797047,0.8689075638668579,1.113e-92
NFIA,Heat_shock_NPC,0.890532652392137,0.534065820957623,0.56856,Upregulated,Upregulated,NS,3.572145770574e-4,8.73032219683374e-7,1.7195199999999997e-167
NFKB1,Chiron_removal,0.0700987593893894,0.020781358714078397,0.04348,NS,NS,NS,0.908130000950612,0.18777298036336793,1.62604e-58
NFKB1,FOXA1_overexpression,0.507580281697836,0.022751210608427736,-0.04247,NS,NS,Downregulated,0.789720059729306,0.9600978523081293,1.6570199999999999e-28
NFKB1,LIF_removal_24h,1.54913997204642,-0.0034483317709950393,0.00432,Upregulated,NS,NS,1.81906470521528e-10,0.8602124501775661,6.27534e-4
NFKB1,POU5F1_degradation,1.28745508462138,-0.03001299827062671,-0.06736,Upregulated,Downregulated,Downregulated,3.5715013893478e-4,0.006785024355276414,1.9484400000000001e-72
NFKB1,SOX2_degradation,0.877079570145318,-0.04848521026385914,-0.08624,Upregulated,Downregulated,Downregulated,2.48272406286972e-6,4.6373587941314806e-5,8.71356e-77
NFKB1,Serum,1.89910423697817,0.002397419692934437,0.05512,Upregulated,NS,NS,2.63820106518651e-6,0.9517175066834885,5.436769999999999e-63
NFKB1,Forskolin,0.423302043423619,-0.015440932765103142,-0.03211,NS,NS,Downregulated,0.247608896759926,0.8015285467688589,7.226529999999999e-34
NFKB1,Heat_shock,0.074335012506492,-0.004714271947082668,-0.05472,NS,NS,Downregulated,0.805018854644843,0.7926860365486714,1.7775399999999998e-51
NFKB1,LIF_removal_1h,0.185207042496686,9.209597864008809e-4,0.01882,NS,NS,NS,0.932201579881635,0.9967208797546465,7.67809e-13
NFKB1,LIF_removal_3h,0.38928244481671,-0.014317806101981832,-1.5e-4,NS,NS,NS,0.672542266954426,0.9990609479484573,0.744582
NFKB1,LIF_removal_6h,0.31975069770728,-0.012438157808984825,-4.5e-4,NS,NS,NS,0.587914025556574,0.9907498573814619,0.155038
NFKB1,mNPC_differentiation,2.00521962292377,-0.0495177657624988,-0.14486,Upregulated,Downregulated,Downregulated,4.25671720206509e-6,1.1964684633282327e-4,4.933009999999999e-101
NFKB1,TFCP2L1_knockdown,-0.183305969041785,-0.0091330679381429955,-0.02489,NS,NS,Downregulated,0.758442033547021,0.9451855424841861,1.9945999999999999e-26
NFKB1,Forskolin_stimulation_NPC_24h,-0.57783522298096,-0.0036203389870523607,-0.04482,Downregulated,NS,Downregulated,0.0038457400207298,0.9667729220897776,6.985759999999999e-43
NFKB1,Forskolin_stimulation_NPC_4h,-1.10047928612542,-0.0015062254210697797,-0.08655,Downregulated,NS,Downregulated,5.54542452290571e-9,0.9932348525597723,4.35707e-61
NFKB1,Heat_shock_NPC,-0.696433799760429,-0.02800448849383295,-0.18002,Downregulated,Downregulated,Downregulated,1.4636466406723e-4,0.018362777981948887,1.7019400000000002e-88
NFYA,Chiron_removal,0.237039086511276,0.00831225575700046,-0.02565,NS,NS,Downregulated,0.908130000950612,0.6397590419776046,1.47636e-48
NFYA,FOXA1_overexpression,0.311342343627201,0.005578442797091857,-0.14387,NS,NS,Downregulated,0.934471774660713,0.660151943418839,1.07416e-99
NFYA,LIF_removal_24h,0.0192567554536646,0.016581440761374393,-0.01056,NS,NS,Downregulated,0.988405941782305,0.20363689135772067,1.49905e-19
NFYA,POU5F1_degradation,-0.101902485040619,0.04623025014270722,0.06522,NS,Upregulated,NS,0.942215100070178,1.1045070829799926e-4,1.79712e-78
NFYA,SOX2_degradation,-0.408251673897924,0.06055944689607731,0.10911,NS,Upregulated,NS,0.720958395023758,1.4608518287812003e-6,1.44686e-106
NFYA,Serum,-0.433673113111727,0.010133122012686117,0.04806,Downregulated,NS,NS,3.6224809129395e-4,0.8552617658543936,5.39856e-69
NFYA,Forskolin,-0.194166551338902,0.028449445315421602,0.09161,NS,NS,NS,0.175573729290138,0.3960255728694819,3.1204399999999996e-92
NFYA,Heat_shock,-0.59814215533593,-0.0010974730108707677,0.0262,Downregulated,NS,NS,8.02064187682987e-5,0.9745901527679885,7.985119999999999e-42
NFYA,LIF_removal_1h,0.0462637381759936,-0.00487382616729677,0.03207,NS,NS,NS,0.932201579881635,0.9967208797546465,1.04662e-53
NFYA,LIF_removal_3h,-0.0426434088408517,0.002660090068693678,0.03626,NS,NS,NS,0.941411719001189,0.9990609479484573,5.66015e-56
NFYA,LIF_removal_6h,-0.0380173492766959,0.0017093563660730907,-0.02408,NS,NS,Downregulated,0.811234350158928,0.9972264321673686,4.7782699999999995e-39
NFYA,mNPC_differentiation,-1.08681250507348,0.1068805438243054,-0.09686,Downregulated,Upregulated,Downregulated,8.50811633398238e-7,2.891558742747293e-10,1.13068e-99
NFYA,TFCP2L1_knockdown,0.0512093740232532,0.010092578936360478,0.05047,NS,NS,NS,0.770224248424778,0.9451855424841861,6.51361e-74
NFYA,Forskolin_stimulation_NPC_24h,0.138114844150906,-0.001953358815574756,0.01541,NS,NS,NS,0.763458905507052,0.9667729220897776,1.3144000000000001e-24
NFYA,Forskolin_stimulation_NPC_4h,-0.0229152594238628,0.01368417102736385,0.00358,NS,NS,NS,0.899529296720729,0.6903964526181828,0.0374704
NFYA,Heat_shock_NPC,-0.4591939697335,-0.02110692592991409,-0.34546,NS,NS,Downregulated,0.0422975575748135,0.16471734452646236,1.81867e-147
NR1D1,Chiron_removal,-0.169723278169697,0.009728632828860554,9.2e-4,NS,NS,NS,0.908130000950612,0.7113708224802776,0.577498
NR1D1,FOXA1_overexpression,NA,-0.027167995441425133,0.03224,NA,NS,NS,NA,0.6849150847116589,1.6521099999999999e-22
NR1D1,LIF_removal_24h,0.146000347074576,-0.022144714843709914,-0.0401,NS,NS,Downregulated,0.949011861382116,0.25517201129246264,7.25032e-55
NR1D1,POU5F1_degradation,NA,-0.009325681553525374,-0.10141,NA,NS,Downregulated,NA,0.5699916529233933,5.28978e-88
NR1D1,SOX2_degradation,0.834925961466474,0.015062949050369564,-0.06074,NS,NS,Downregulated,0.304529361885719,0.3182368173137159,6.749939999999999e-69
NR1D1,Serum,-0.0480954137097451,-0.014501043526022583,-0.0335,NS,NS,Downregulated,0.866828405212337,0.8552617658543936,1.22868e-47
NR1D1,Forskolin,0.133512814884606,-0.006587200475568582,-0.04072,NS,NS,Downregulated,0.618053515614397,0.9681364143246259,7.384139999999999e-42
NR1D1,Heat_shock,0.405630864195795,0.0023858257835321015,-0.01497,NS,NS,Downregulated,0.0267461755155373,0.9539250585383355,7.8789e-14
NR1D1,LIF_removal_1h,0.372613054665916,-0.012225726118706183,-0.04906,NS,NS,Downregulated,0.709892979811474,0.9967208797546465,9.5604e-49
NR1D1,LIF_removal_3h,0.100536352849797,-7.651989193964877e-4,-0.05277,NS,NS,Downregulated,0.89918293817698,0.9990609479484573,2.68122e-47
NR1D1,LIF_removal_6h,0.206150175995817,-0.001733270537257487,-0.04653,NS,NS,Downregulated,0.533305518051098,0.9972264321673686,4.79463e-46
NR1D1,mNPC_differentiation,0.348270572328854,-0.006920723642667223,-0.05556,NS,NS,Downregulated,0.17595027038587,0.6846670885540481,6.32789e-62
NR1D1,TFCP2L1_knockdown,0.299683059184166,1.502810376674546e-4,-0.03074,NS,NS,Downregulated,0.26479518945754,0.9921339521533115,7.54808e-39
NR1H2,Chiron_removal,NA,-0.024239904262026456,-0.06678,NA,NS,Downregulated,NA,0.18124392723050578,1.44125e-83
NR1H2,FOXA1_overexpression,NA,-0.044103040144442926,0.03655,NA,NS,NS,NA,0.4398927525756454,7.61433e-35
NR1H2,LIF_removal_24h,NA,-0.030526896397124685,-0.07538,NA,Downregulated,Downregulated,NA,0.04192421006958389,9.49464e-90
NR1H2,POU5F1_degradation,NA,5.618038960127328e-4,-0.0912,NA,NS,Downregulated,NA,0.962731876075828,1.2532199999999999e-93
NR1H2,SOX2_degradation,NA,-0.010788012267810699,-0.07131,NA,NS,Downregulated,NA,0.3747024315685996,1.65207e-81
NR1H2,Serum,-0.868289404245342,-0.026766804362532613,-0.06006,Downregulated,NS,Downregulated,9.2928663092461e-4,0.22829486260416046,6.72632e-72
NR1H2,Forskolin,-0.290568544641855,-0.003473003427601054,-0.03478,NS,NS,Downregulated,0.354275342440481,0.9681364143246259,1.1727e-44
NR1H2,Heat_shock,-0.748540997732476,0.015701591072189606,-0.04552,Downregulated,NS,Downregulated,0.00142395951809013,0.3402411160102197,5.055500000000001e-56
NR1H2,LIF_removal_1h,-0.316871323549164,0.005457497745845821,-0.00768,NS,NS,Downregulated,0.856605853241138,0.9967208797546465,2.17912e-5
NR1H2,LIF_removal_3h,-0.342476715192489,-0.010462219219495555,-0.0651,NS,NS,Downregulated,0.624658591356984,0.9990609479484573,4.583e-70
NR1H2,LIF_removal_6h,-0.551455652635512,-0.004968113889759564,-0.06827,NS,NS,Downregulated,0.118548316340882,0.9972264321673686,3.78916e-72
NR1H2,mNPC_differentiation,-2.87350261702411,-0.16089680339377432,-0.24421,Downregulated,Downregulated,Downregulated,1.57567210808458e-10,1.3453214528258136e-12,8.27342e-137
NR1H2,TFCP2L1_knockdown,0.0903683392106151,-0.00640226376110193,-0.01042,NS,NS,Downregulated,0.831811140216594,0.9451855424841861,3.25048e-15
NR1H2,Forskolin_stimulation_NPC_24h,-0.0484028380327584,0.0031975707036136086,0.07501,NS,NS,NS,0.936450156163708,0.9667729220897776,2.95685e-66
NR1H2,Forskolin_stimulation_NPC_4h,0.193288282761717,1.8682414772609734e-4,0.03712,NS,NS,NS,0.303350380950663,0.9932348525597723,1.48849e-30
NR1H2,Heat_shock_NPC,-0.153692720278521,0.026784338043382108,0.25524,NS,NS,NS,0.47563992954114,0.28160778282911425,3.2617799999999996e-113
NR1H4::RXRA,Chiron_removal,0.474423773471093,-0.00605851680355043,-0.04496,NS,NS,Downregulated,0.14667577344403,0.7261314494297186,6.823179999999999e-45
NR1H4::RXRA,FOXA1_overexpression,0.0661859157020229,-0.0021071829276594657,0.11435,NS,NS,NS,0.9678307207156,0.8530722529158625,3.0054e-59
NR1H4::RXRA,LIF_removal_24h,-0.297611706802626,-0.02148679614241547,-0.0633,NS,NS,Downregulated,0.452935337312247,0.08238691546962375,1.7512099999999997e-69
NR1H4::RXRA,POU5F1_degradation,-0.393677113249086,0.01691813800893257,-0.03403,NS,NS,Downregulated,0.537928501940635,0.08104482642617994,3.8331499999999994e-39
NR1H4::RXRA,SOX2_degradation,-1.00227565835578,0.0039007468664672773,-0.00585,Downregulated,NS,Downregulated,0.00763755826734948,0.6937992138168085,5.95455e-4
NR1H4::RXRA,Serum,-0.183808982935703,-0.014250773141324086,-0.05513,NS,NS,Downregulated,0.18209618421468,0.6117603740500241,6.34651e-50
NR1H4::RXRA,Forskolin,0.132733594349726,-0.0040866581862860525,-0.03911,NS,NS,Downregulated,0.465115078572651,0.9681364143246259,1.19183e-35
NR1H4::RXRA,Heat_shock,0.363258080175221,0.012805900021993099,-0.07301,Upregulated,NS,Downregulated,0.00813935341051388,0.3402411160102197,3.5711300000000005e-61
NR1H4::RXRA,LIF_removal_1h,0.0373274832541185,0.005581028692282197,-0.03383,NS,NS,Downregulated,0.978707603082499,0.9967208797546465,1.90908e-36
NR1H4::RXRA,LIF_removal_3h,-0.0450502602066382,-0.008681782155800519,-0.06025,NS,NS,Downregulated,0.941411719001189,0.9990609479484573,6.2691099999999994e-49
NR1H4::RXRA,LIF_removal_6h,0.113850743526784,-0.002364790346676445,-0.06635,NS,NS,Downregulated,0.533305518051098,0.9972264321673686,3.32784e-58
NR1H4::RXRA,mNPC_differentiation,-1.41907120146537,-0.042738052384075215,-0.08817,Downregulated,Downregulated,Downregulated,1.70841817787017e-9,3.012561850072107e-4,2.95176e-71
NR1H4::RXRA,TFCP2L1_knockdown,-0.324956800333799,-0.009703243302403214,-0.04381,NS,NS,Downregulated,0.0621965607935096,0.9451855424841861,1.77494e-43
NR1H4::RXRA,Forskolin_stimulation_NPC_24h,-0.001004308129143,-0.004519402522720838,0.03166,NS,NS,NS,0.995668796912971,0.9667729220897776,1.2993599999999999e-22
NR1H4::RXRA,Forskolin_stimulation_NPC_4h,0.1513564735774,0.0021628487371229133,-0.00435,NS,NS,NS,0.303350380950663,0.9932348525597723,0.209455
NR1H4::RXRA,Heat_shock_NPC,-0.123623180833318,0.015618548485945318,0.13509,NS,NS,NS,0.604854618593935,0.3123972124436193,1.03759e-81
NR1I2,Chiron_removal,-0.46009425021625,-0.028936755696375105,-0.04474,NS,Downregulated,Downregulated,0.550542063691426,0.04544007333842627,1.28141e-53
NR1I2,FOXA1_overexpression,0.77894656755654,-0.04592871821979204,0.04809,NS,NS,NS,0.789720059729306,0.09944383467112651,4.31326e-31
NR1I2,LIF_removal_24h,-0.378313412932363,-0.006164234185599607,-0.01512,NS,NS,Downregulated,0.682813233196246,0.7318411590622022,5.15377e-23
NR1I2,POU5F1_degradation,0.0792682310330197,-0.0063035934692843645,-0.07763,NS,NS,Downregulated,0.939042585085944,0.5731040982083694,1.96515e-72
NR1I2,SOX2_degradation,-0.421264965635,0.004308432092031203,-0.03056,NS,NS,Downregulated,0.35639058712591,0.6894552972134745,6.74286e-41
NR1I2,Serum,-0.37779260068403,-0.016507911254109976,-0.03439,NS,NS,Downregulated,0.0461296094596588,0.5735095287122544,2.7781199999999996e-40
NR1I2,Forskolin,-0.554607732686386,0.005334576128530986,-0.01061,Downregulated,NS,Downregulated,0.00682945969306685,0.9681364143246259,8.86484e-8
NR1I2,Heat_shock,0.0612259153327254,3.4032964063752426e-4,0.00217,NS,NS,NS,0.739577286224062,0.989656590604974,0.23774
NR1I2,LIF_removal_1h,-0.455573051775727,0.001910546630712543,-0.02477,NS,NS,Downregulated,0.902470035765118,0.9967208797546465,1.1732000000000002e-25
NR1I2,LIF_removal_3h,0.0028868847077924,-0.0023726548710099747,-0.01899,NS,NS,Downregulated,0.984763658191153,0.9990609479484573,8.657099999999999e-21
NR1I2,LIF_removal_6h,-0.00581052748181503,-0.0019509754993098176,-0.05428,NS,NS,Downregulated,0.973286817510173,0.9972264321673686,1.136e-48
NR1I2,mNPC_differentiation,-0.246900521684351,-0.10229449571871643,-0.14025,NS,Downregulated,Downregulated,0.16998107729994,1.060716307014421e-9,1.34663e-97
NR1I2,TFCP2L1_knockdown,-9.2436398419274e-4,-0.01074179732119367,-0.0613,NS,NS,Downregulated,0.995887257620177,0.9451855424841861,3.42976e-55
NR1I2,Forskolin_stimulation_NPC_24h,-0.0478714321916322,0.009950677946885589,0.03695,NS,NS,NS,0.936450156163708,0.9667729220897776,1.83448e-34
NR1I2,Forskolin_stimulation_NPC_4h,-0.0891466012010711,-1.075694511066122e-4,0.00705,NS,NS,NS,0.569906555793645,0.9932348525597723,0.0569462
NR1I2,Heat_shock_NPC,-0.308221172737178,0.010486801306303709,0.16255,NS,NS,NS,0.164080454228574,0.5210567135422827,1.21746e-90
NR1I3,Chiron_removal,-0.426695207013681,-0.014902097333544185,-0.04307,NS,NS,Downregulated,0.481752816433032,0.26412399151909105,6.6614e-64
NR1I3,FOXA1_overexpression,-0.341206062777636,-0.005875508734982975,0.10527,NS,NS,NS,0.92869572764428,0.7936633891140812,5.0649100000000004e-67
NR1I3,LIF_removal_24h,-0.511946719330789,-0.02832671936430923,-0.01931,NS,Downregulated,Downregulated,0.452935337312247,0.012451533941011996,7.13422e-33
NR1I3,POU5F1_degradation,-0.556510115281008,0.006649033761056844,-0.17833,NS,NS,Downregulated,0.670912320562426,0.4774122044979914,2.7656899999999995e-115
NR1I3,SOX2_degradation,-0.213913451378643,0.01002649791103312,-0.10289,NS,NS,Downregulated,0.709825190908595,0.25977081910151,1.86108e-94
NR1I3,Serum,-0.332002997696365,-0.015440001503076145,-0.06859,NS,NS,Downregulated,0.0538150485093889,0.5025551212494783,4.0837700000000004e-76
NR1I3,Forskolin,-0.362963327222374,0.0015019884984371068,-0.06071,NS,NS,Downregulated,0.0467716133331094,0.9982454964048935,5.7426500000000004e-62
NR1I3,Heat_shock,0.0279445846125052,0.02481242027067814,-0.08198,NS,Upregulated,Downregulated,0.84701032836514,0.0266672230746665,4.25973e-73
NR1I3,LIF_removal_1h,-0.26641318132754,-2.063707830807105e-4,-0.0783,NS,NS,Downregulated,0.767024513433049,0.9967208797546465,2.3403400000000002e-77
NR1I3,LIF_removal_3h,0.0979792209658224,-0.02201841212459521,-0.08349,NS,NS,Downregulated,0.890857641398841,0.6187862907317224,7.73416e-74
NR1I3,LIF_removal_6h,0.0424566230499153,-0.02136841254557384,-0.08273,NS,NS,Downregulated,0.882794408580638,0.549014057977543,1.31334e-75
NR1I3,mNPC_differentiation,-0.252589180469629,-0.07670636048157028,-0.11197,NS,Downregulated,Downregulated,0.115589355485031,7.883564420629487e-9,4.23045e-94
NR1I3,TFCP2L1_knockdown,0.122794410346331,0.0020997838213602064,-0.0276,NS,NS,Downregulated,0.616641025748658,0.963724134899497,7.65964e-38
NR1I3,Forskolin_stimulation_NPC_24h,-0.146399721581787,-0.0052860927544692154,0.09451,NS,NS,NS,0.936313341342127,0.9667729220897776,2.34089e-83
NR1I3,Forskolin_stimulation_NPC_4h,0.342868087426799,0.0055744745599434695,0.11314,NS,NS,NS,0.305538103003391,0.9932348525597723,2.0557e-81
NR1I3,Heat_shock_NPC,0.801575208654261,0.01338094579615337,0.28852,NS,NS,NS,0.0434850806600059,0.38553294498229423,8.85573e-124
NR3C1,Chiron_removal,0.543510034095972,-0.002060188506576111,-0.036,NS,NS,Downregulated,0.569970313456926,0.8700920874335283,4.08461e-49
NR3C1,FOXA1_overexpression,-0.900194288937504,0.016569755499247468,0.13836,NS,NS,NS,0.922631756910257,0.10632751506986864,8.42859e-75
NR3C1,LIF_removal_24h,0.0160735802198746,0.0032285360731133536,-0.01025,NS,NS,Downregulated,0.988405941782305,0.8216880819672066,2.24942e-18
NR3C1,POU5F1_degradation,0.366396525174117,0.024520297494020044,-0.08411,NS,Upregulated,Downregulated,0.600278513303272,0.0031262973139879304,1.9189e-81
NR3C1,SOX2_degradation,0.0130494337894185,0.027315176972608927,-0.0662,NS,Upregulated,Downregulated,0.978129809380548,6.887295517902395e-4,6.65332e-68
NR3C1,Serum,-0.286820015778444,0.0015158809730286202,-0.0294,NS,NS,Downregulated,0.0947671508402437,0.9517175066834885,1.62403e-35
NR3C1,Forskolin,-0.0998225086229577,0.016293957336970834,-0.03704,NS,NS,Downregulated,0.658110088164847,0.6521048144527126,8.90296e-41
NR3C1,Heat_shock,0.0860561588383797,-0.005277310364840672,-0.04226,NS,NS,Downregulated,0.55559470679874,0.6624443062291859,2.02889e-40
NR3C1,LIF_removal_1h,0.509072943584667,0.00551995653346144,-0.03807,NS,NS,Downregulated,0.430357990178325,0.9967208797546465,1.6663699999999998e-42
NR3C1,LIF_removal_3h,0.116154302204458,0.008292476533628064,-0.08269,NS,NS,Downregulated,0.86802305667349,0.9990609479484573,5.035779999999999e-66
NR3C1,LIF_removal_6h,0.166725926743876,0.009282763612148448,-0.04448,NS,NS,Downregulated,0.533305518051098,0.9907498573814619,5.26379e-42
NR3C1,mNPC_differentiation,0.0772263151260761,0.06977363487577752,0.07968,NS,Upregulated,NS,0.650599821772105,4.7912160101148405e-9,2.36858e-73
NR3C1,TFCP2L1_knockdown,0.150065527829648,0.005915125705067831,-0.01285,NS,NS,Downregulated,0.494098207084412,0.9451855424841861,4.33755e-15
NR3C1,Forskolin_stimulation_NPC_24h,0.0523196067781589,-0.010466465979320771,0.08343,NS,NS,NS,0.936450156163708,0.9424753190497472,1.68209e-73
NR3C1,Forskolin_stimulation_NPC_4h,0.191649882148388,0.003545595439750665,0.02791,NS,NS,NS,0.253234540715693,0.9932348525597723,2.06262e-25
NR3C1,Heat_shock_NPC,0.121894797036667,-0.019765189724191484,0.15876,NS,NS,NS,0.585765086858602,0.11624425985037688,2.8525e-90
NR3C2,Chiron_removal,0.154561410757139,-0.003536791275004839,-0.03601,NS,NS,Downregulated,0.908130000950612,0.849032979238393,1.8112599999999998e-42
NR3C2,FOXA1_overexpression,0.183509585831477,-0.012786948371639734,0.04666,NS,NS,NS,0.92869572764428,0.5671752001350816,2.6855199999999996e-20
NR3C2,LIF_removal_24h,0.248392660204488,0.0027242560819976487,-0.01085,NS,NS,Downregulated,0.768745598943699,0.8861497681277445,7.48878e-11
NR3C2,POU5F1_degradation,-0.637630826538579,0.01494158251030374,-0.07588,NS,NS,Downregulated,0.302013912059847,0.10647252534967434,3.82898e-69
NR3C2,SOX2_degradation,0.620351160122665,-0.01016796731332345,-0.09412,NS,NS,Downregulated,0.0987449204421975,0.28407937134663697,5.0271300000000004e-77
NR3C2,Serum,0.0587179173341747,0.005719110014072144,-0.04071,NS,NS,Downregulated,0.866828405212337,0.9130189015133432,1.09174e-43
NR3C2,Forskolin,0.155937332223433,0.0032598774212067878,-0.06067,NS,NS,Downregulated,0.606340217168693,0.9681364143246259,1.6392499999999996e-52
NR3C2,Heat_shock,0.273469019979411,-0.016407425649522505,-0.06716,NS,NS,Downregulated,0.247881694517208,0.18392929843452469,2.12155e-49
NR3C2,LIF_removal_1h,0.162355613606453,2.2199069012666202e-4,-0.05149,NS,NS,Downregulated,0.932201579881635,0.9967208797546465,2.0192e-43
NR3C2,LIF_removal_3h,0.121811709009341,0.004521198802322794,-0.08511,NS,NS,Downregulated,0.890857641398841,0.9990609479484573,4.68857e-62
NR3C2,LIF_removal_6h,-0.00684699118759873,0.013107757885411487,-0.05724,NS,NS,Downregulated,0.973286817510173,0.9900224097324921,6.0503199999999986e-52
NR3C2,mNPC_differentiation,0.493139856384776,0.03825992167711138,0.02999,NS,Upregulated,NS,0.0525255626322419,5.810774536002201e-4,4.1584799999999995e-34
NR3C2,TFCP2L1_knockdown,0.0289569691875981,0.00171302791035818,-0.04635,NS,NS,Downregulated,0.949428193153183,0.963724134899497,1.43145e-44
NR3C2,Forskolin_stimulation_NPC_24h,0.0905346404677046,-0.0024681657229519358,0.07877,NS,NS,NS,0.936313341342127,0.9667729220897776,3.36773e-64
NR3C2,Forskolin_stimulation_NPC_4h,0.203021852492074,0.003099855708277123,0.03278,NS,NS,NS,0.404998008565123,0.9932348525597723,1.78316e-22
NR3C2,Heat_shock_NPC,0.61339337668898,-0.012423104601667644,0.06127,NS,NS,NS,0.0622190697342793,0.3492623618231356,4.2114399999999997e-44
NR4A1,Chiron_removal,0.0300112008016861,-0.012424303700068032,-0.0897,NS,NS,Downregulated,0.925839129898384,0.61443629483598206,1.5508e-91
NR4A1,FOXA1_overexpression,-0.303980603493267,-0.0038555363944835115,0.12718,NS,NS,NS,0.789720059729306,0.3660453761154092,9.57882e-78
NR4A1,LIF_removal_24h,-0.0613956592964974,-0.04471253346867283,-0.14278,NS,Downregulated,Downregulated,0.953196944872845,0.011756438711284428,4.543509999999999e-116
NR4A1,POU5F1_degradation,-0.409767703701415,-0.0013271606926352564,-0.06871,NS,NS,Downregulated,0.250829045471525,0.9299510531404769,2.77269e-80
NR4A1,SOX2_degradation,-0.798887315734191,0.03480092740892071,-0.04206,Downregulated,Upregulated,Downregulated,0.00209345266061447,0.0093282427788437,1.39917e-66
NR4A1,Serum,-0.257116843454556,-0.014320642019563123,-0.06526,NS,NS,Downregulated,0.0295348733263673,0.8552617658543936,3.70067e-75
NR4A1,Forskolin,0.249244542921964,0.01258887893830233,-0.04552,NS,NS,Downregulated,0.128254585748668,0.8351111067758511,1.35606e-54
NR4A1,Heat_shock,0.455734241684072,0.04875627163913744,-0.03568,Upregulated,Upregulated,Downregulated,1.5660819409106e-4,0.005336950748563064,2.5685499999999998e-43
NR4A1,LIF_removal_1h,0.0781726669824654,0.005540050762657699,-0.04395,NS,NS,Downregulated,0.932201579881635,0.9967208797546465,5.79829e-55
NR4A1,LIF_removal_3h,-0.152670830595128,-0.01567942300406716,-0.10471,NS,NS,Downregulated,0.672542266954426,0.9990609479484573,1.5078399999999998e-85
NR4A1,LIF_removal_6h,0.100227984106126,-0.015520029805139963,-0.12589,NS,NS,Downregulated,0.601981810293063,0.9972264321673686,2.1498e-96
NR4A1,mNPC_differentiation,-0.9703318476918,-0.10782207604861549,-0.27278,Downregulated,Downregulated,Downregulated,1.45936570862482e-7,3.774906902780582e-8,2.0565e-132
NR4A1,TFCP2L1_knockdown,-0.166394182749762,-0.007927414151329398,-0.04108,NS,NS,Downregulated,0.453453810412383,0.9451855424841861,1.2634e-47
NR4A1,Forskolin_stimulation_NPC_24h,0.136355928708148,0.015452325770012876,0.08672,NS,NS,NS,0.763458905507052,0.9424753190497472,1.56544e-73
NR4A1,Forskolin_stimulation_NPC_4h,2.20716228926846,0.0575714271659738,0.14735,Upregulated,Upregulated,NS,1.6462262394153102e-14,0.0011293970780995575,1.26014e-88
NR4A1,Heat_shock_NPC,-0.238923673882101,0.030375279047664343,0.26681,NS,NS,NS,0.236701586225356,0.11624425985037688,4.2556900000000004e-119
NR4A2::RXRA,Chiron_removal,0.0303022256338827,-0.013459591861360884,-0.0376,NS,NS,Downregulated,0.948826322066587,0.4863876158969611,2.35229e-45
NR4A2::RXRA,FOXA1_overexpression,-0.443534476773737,-0.023885333670480215,0.10504,NS,NS,NS,0.82062655765857,0.8763967947850061,3.2787999999999997e-52
NR4A2::RXRA,LIF_removal_24h,-0.475480331776162,-0.011164962681315841,-0.05882,NS,NS,Downregulated,0.31857278348172,0.4133943873172628,5.22013e-59
NR4A2::RXRA,POU5F1_degradation,-1.22314077223536,0.009082584531510774,0.00719,Downregulated,NS,NS,0.00546875625169434,0.3943646868918498,2.50059e-4
NR4A2::RXRA,SOX2_degradation,-2.30078887860978,-0.001976909482186819,0.03347,Downregulated,NS,NS,1.49776626637965e-9,0.8476612848043553,3.88581e-41
NR4A2::RXRA,Serum,-0.941905138118714,-0.015314826926075567,-0.03938,Downregulated,NS,Downregulated,4.50373301956259e-7,0.5752607689382614,1.19342e-36
NR4A2::RXRA,Forskolin,-0.714754762388207,-5.558266121738599e-4,6.5e-4,Downregulated,NS,NS,1.0163855383915e-4,0.9982454964048935,0.760611
NR4A2::RXRA,Heat_shock,-0.705855298153873,0.030765845003926304,0.00297,Downregulated,Upregulated,NS,4.3401403548588e-4,0.018488387802203646,0.678295
NR4A2::RXRA,LIF_removal_1h,0.194496563818564,-0.007915370001118551,-0.01237,NS,NS,Downregulated,0.856605853241138,0.9967208797546465,1.21621e-6
NR4A2::RXRA,LIF_removal_3h,-0.0672099902546753,-0.01302258063138923,-0.03174,NS,NS,Downregulated,0.910647543770054,0.9990609479484573,1.19654e-28
NR4A2::RXRA,LIF_removal_6h,-0.172351878084444,-0.0015839714540209267,-0.00572,NS,NS,Downregulated,0.533305518051098,0.9972264321673686,8.60184e-6
NR4A2::RXRA,mNPC_differentiation,-2.66603344568999,-0.0741652736014265,-0.13483,Downregulated,Downregulated,Downregulated,9.486412126954128e-11,1.7806582707935757e-7,3.26614e-86
NR4A2::RXRA,TFCP2L1_knockdown,-0.432442114270698,-0.004339753841076294,-0.05224,NS,NS,Downregulated,0.0281064276558288,0.9451855424841861,1.18276e-41
NR4A2::RXRA,Forskolin_stimulation_NPC_24h,-0.0118978094392786,0.006079426531004031,0.01291,NS,NS,NS,0.967767970609754,0.9667729220897776,3.45603e-8
NR4A2::RXRA,Forskolin_stimulation_NPC_4h,0.146113847655934,-0.004090905268672111,0.01317,NS,NS,NS,0.398652576255828,0.9932348525597723,5.35385e-6
NR4A2::RXRA,Heat_shock_NPC,-0.326836770663753,0.017851628006394032,0.04634,NS,NS,NS,0.122571616226373,0.30088365411476764,7.661179999999999e-37
NR5A2,Chiron_removal,0.177717506787707,-0.024137436954675212,-0.12108,NS,NS,Downregulated,0.843494006530403,0.24222171797187628,4.5778799999999996e-117
NR5A2,FOXA1_overexpression,1.06834870742115,0.006201515383037953,0.13944,NS,NS,NS,0.236038206564354,0.9427278854126933,3.1032999999999993e-99
NR5A2,LIF_removal_24h,-0.123382242849135,-0.04792077964932376,-0.22139,NS,Downregulated,Downregulated,0.785376171246892,0.006231334989688779,5.826719999999999e-142
NR5A2,POU5F1_degradation,-0.0887594411490352,0.007133626186584701,-0.07199,NS,NS,Downregulated,0.846572753454252,0.6130250612877727,3.29058e-95
NR5A2,SOX2_degradation,-0.238678613204347,-0.05277168616071981,-0.1103,NS,Downregulated,Downregulated,0.549510780368552,1.9905699321341513e-4,3.2310599999999994e-116
NR5A2,Serum,-0.274535180653883,-0.04732268076631188,-0.07569,NS,Downregulated,Downregulated,0.324527759333155,0.03304526173201026,6.652889999999999e-84
NR5A2,Forskolin,0.308700295082136,-0.0075393730867935665,-0.03713,NS,NS,Downregulated,0.260941033222597,0.9681364143246259,9.53321e-59
NR5A2,Heat_shock,0.958361120572523,0.11795052397971177,0.10023,Upregulated,Upregulated,NS,1.30568050594598e-5,2.629558386302073e-8,4.99861e-101
NR5A2,LIF_removal_1h,0.00467526929019733,0.0071259658801242996,-0.00817,NS,NS,Downregulated,0.996601642100319,0.9967208797546465,2.07288e-12
NR5A2,LIF_removal_3h,-0.011223895659376,-0.0056091117884331035,-0.03953,NS,NS,Downregulated,0.984763658191153,0.9990609479484573,3.2934e-57
NR5A2,LIF_removal_6h,0.111314914108085,-0.018049929629968056,-0.05786,NS,NS,Downregulated,0.789676869403813,0.9900224097324921,2.7211700000000003e-77
NR5A2,mNPC_differentiation,-0.581498676885289,-0.2021314167998769,-0.41674,NS,Downregulated,Downregulated,0.0343306478542744,7.856673448040153e-14,3.253059999999999e-163
NR5A2,TFCP2L1_knockdown,-0.19402352217303,-0.013384801936156652,-0.05391,NS,NS,Downregulated,0.553072105451196,0.9451855424841861,1.33011e-69
NR5A2,Forskolin_stimulation_NPC_24h,-0.0955449807256773,-2.3105648297466752e-4,0.05045,NS,NS,NS,0.936313341342127,0.9909707680590795,4.0203e-60
NR5A2,Forskolin_stimulation_NPC_4h,-0.0346393755691456,-0.01212081306092097,0.0737,NS,NS,NS,0.899529296720729,0.9932348525597723,4.54851e-64
NR5A2,Heat_shock_NPC,-0.455479980823412,0.016195323109346405,0.23367,NS,NS,NS,0.0320216385943633,0.6137965845053008,3.2493599999999994e-118
NRF1,Chiron_removal,-0.175572457907065,-0.0033244943593758363,-0.00259,NS,NS,NS,0.628725718119776,0.8906940699253507,0.99375
NRF1,FOXA1_overexpression,-0.161320710936589,0.03722392085537271,-0.02828,NS,NS,Downregulated,0.923104213148729,0.6138038269090182,3.9612699999999996e-27
NRF1,LIF_removal_24h,-0.328353569727007,0.03303337241499925,0.02132,NS,NS,NS,0.25682375119085,0.18757626227424531,1.16857e-32
NRF1,POU5F1_degradation,0.289008405495251,0.06845948190153756,0.3417,NS,Upregulated,NS,0.25966684963697,0.00127443154221583,1.13152e-143
NRF1,SOX2_degradation,0.462272259881147,0.04816569720413286,0.31092,Upregulated,Upregulated,NS,0.00513883955232075,0.012311125324253732,6.9408e-139
NRF1,Serum,-0.520229427520908,-0.009987789948759554,0.02849,Downregulated,NS,NS,0.00572229510053789,0.942650531837139,2.75922e-43
NRF1,Forskolin,-0.351405298906258,-0.002840885640501268,0.14959,NS,NS,NS,0.0476870751216216,0.9982454964048935,1.06548e-102
NRF1,Heat_shock,-0.87983329296564206,-0.015402287116339477,0.07543,Downregulated,NS,NS,3.22283618228422e-6,0.5971204515446199,4.1965e-79
NRF1,LIF_removal_1h,-0.00694264023632137,-0.013514610050527526,0.08438,NS,NS,NS,0.986010299900544,0.9967208797546465,6.178959999999999e-85
NRF1,LIF_removal_3h,-0.053470757662289,0.0017828056484800146,0.11202,NS,NS,NS,0.941411719001189,0.9990609479484573,3.10747e-88
NRF1,LIF_removal_6h,-0.0664138435619099,0.005562892521399512,0.10965,NS,NS,NS,0.803862228711124,0.9972264321673686,2.46455e-88
NRF1,mNPC_differentiation,1.27704025390517,0.04033065522884101,0.09033,Upregulated,NS,NS,2.40773731111154e-7,0.06152487556564216,2.66833e-83
NRF1,TFCP2L1_knockdown,0.191137408386878,0.021286234981707786,0.09908,NS,NS,NS,0.434920925721341,0.9451855424841861,3.49097e-90
NRF1,Forskolin_stimulation_NPC_24h,-0.193470635690639,-0.0033360951638892787,-0.07847,NS,NS,Downregulated,0.48340694408623,0.9667729220897776,1.47408e-72
NRF1,Forskolin_stimulation_NPC_4h,-0.334323854757239,-0.004419703478683298,-0.07509,NS,NS,Downregulated,0.0128874988415263,0.9932348525597723,2.08977e-73
NRF1,Heat_shock_NPC,-1.35819664365716,-0.02270157876469573,-0.40511,Downregulated,NS,Downregulated,1.47953268290295e-10,0.3340529434076296,8.02265e-147
ONECUT1,Chiron_removal,-0.168502472629733,-0.020384095314756552,-0.00253,NS,NS,NS,0.908130000950612,0.5581339513765601,0.0798781
ONECUT1,FOXA1_overexpression,1.26684663698517,-0.00841653302625703,0.09575,NS,NS,NS,0.789720059729306,0.7490158888992825,1.01904e-55
ONECUT1,LIF_removal_24h,-0.352121965823681,0.04902735304438066,0.01155,NS,Upregulated,NS,0.636808316876595,0.025584980936915264,2.46407e-9
ONECUT1,POU5F1_degradation,0.347049600869657,0.024334801497659004,-0.08566,NS,NS,Downregulated,0.65479373059987,0.16215082609311254,2.00764e-61
ONECUT1,SOX2_degradation,0.297612693024369,0.021546185653151667,-0.10541,NS,NS,Downregulated,0.72142359783254,0.21791574632939345,7.199549999999999e-69
ONECUT1,Serum,0.0921204796912751,0.007841484905288696,-0.08621,NS,NS,Downregulated,0.743198792675046,0.9517175066834885,6.1596700000000004e-62
ONECUT1,Forskolin,0.24187782065557,0.023903456790514817,-0.08702,NS,NS,Downregulated,0.410277691344872,0.8015285467688589,1.3595599999999999e-59
ONECUT1,Heat_shock,0.679641892765358,-0.03120675148850247,-0.1106,Upregulated,NS,Downregulated,8.0610539571151e-5,0.17964962597436976,4.6295e-58
ONECUT1,LIF_removal_1h,0.575100577972532,0.014782100720915091,-0.02651,NS,NS,Downregulated,0.379866164458962,0.9967208797546465,5.04189e-16
ONECUT1,LIF_removal_3h,0.281929983780895,4.785874784619115e-4,-0.11138,NS,NS,Downregulated,0.680182082790441,0.9990609479484573,3.9947699999999995e-63
ONECUT1,LIF_removal_6h,0.220422162089304,0.025334676815522764,-0.03533,NS,NS,Downregulated,0.533305518051098,0.9900224097324921,2.15178e-23
ONECUT1,mNPC_differentiation,0.933664083069118,-0.03043410542949662,-0.0521,Upregulated,NS,Downregulated,1.6259965763613e-4,0.1104456373521681,3.00789e-39
ONECUT1,TFCP2L1_knockdown,0.214853796961821,0.01650381648916413,-0.01486,NS,NS,Downregulated,0.473615431844913,0.9451855424841861,1.13417e-8
ONECUT1,Forskolin_stimulation_NPC_24h,-0.0690602870982933,7.007025481150231e-4,0.12185,NS,NS,NS,0.936450156163708,0.9909707680590795,2.42578e-66
ONECUT1,Forskolin_stimulation_NPC_4h,0.327499996241228,-4.7662660571409776e-4,0.08405,NS,NS,NS,0.34693176348463,0.9932348525597723,2.64028e-46
ONECUT1,Heat_shock_NPC,0.449954027340119,-0.05556055945832191,0.42156,NS,Downregulated,NS,0.128376658222805,0.026481739178353593,1.02011e-117
OTX1,Chiron_removal,0.672076277821295,-0.027844301770681645,0.06191,NS,NS,NS,0.569970313456926,0.5360908659683373,1.9739199999999998e-64
OTX1,FOXA1_overexpression,-1.89730299437772,-0.01586377429405937,0.04664,NS,NS,NS,0.671825225493959,0.7936633891140812,2.5084399999999997e-28
OTX1,LIF_removal_24h,0.46008813890005,0.03195361025384019,0.04383,NS,NS,NS,0.763752698902417,0.25517201129246264,1.3501399999999999e-45
OTX1,POU5F1_degradation,-0.607685783018856,0.043292540098968435,-0.25399,NS,NS,Downregulated,0.639150088336311,0.057317841152821236,3.87084e-117
OTX1,SOX2_degradation,-0.0775837432987834,0.020824338716462457,-0.18774,NS,NS,Downregulated,0.882617710747103,0.3578230631180604,1.8990499999999996e-103
OTX1,Serum,-0.0297961976857032,0.02140400776618269,-0.00955,NS,NS,Downregulated,0.940140125470473,0.8552617658543936,1.14963e-9
OTX1,Forskolin,-0.447550348790163,0.02645820002187803,-0.05839,NS,NS,Downregulated,0.106855425140177,0.8015285467688589,7.696629999999999e-49
OTX1,Heat_shock,0.362288831324095,-0.019861735228752782,-0.06633,NS,NS,Downregulated,0.064009054889409,0.5394954787011303,1.62012e-55
OTX1,LIF_removal_1h,-0.00329958456322216,0.009899417840314192,-0.00835,NS,NS,Downregulated,0.996601642100319,0.9967208797546465,3.51327e-4
OTX1,LIF_removal_3h,0.18320457656516,-0.015007595622438922,-0.07775,NS,NS,Downregulated,0.86802305667349,0.9990609479484573,2.77955e-59
OTX1,LIF_removal_6h,0.0996228835137499,0.0011070579274000195,-0.07422,NS,NS,Downregulated,0.794299955754805,0.9972264321673686,1.54494e-57
OTX1,mNPC_differentiation,0.36143096649314,0.06877455434801519,-0.21024,NS,Upregulated,Downregulated,0.156328106801383,0.0070156703325163754,1.09373e-105
OTX1,TFCP2L1_knockdown,-0.0398908671106387,0.0026640685561506935,-0.01253,NS,NS,Downregulated,0.945290474301951,0.9744275698663154,6.29074e-11
OTX1,Forskolin_stimulation_NPC_24h,-0.0908556003575323,0.0058949105639246185,0.13609,NS,NS,NS,0.936450156163708,0.9667729220897776,1.39604e-75
OTX1,Forskolin_stimulation_NPC_4h,0.453570002839232,0.03417412222188207,0.17108,NS,NS,NS,0.0924618675066147,0.6903964526181828,2.1319299999999997e-84
OTX1,Heat_shock_NPC,0.509606170730828,-0.06098951411648025,0.25873,NS,NS,NS,0.120594136324482,0.05521637284237818,6.911839999999999e-104
PAX6,Chiron_removal,0.238769260413694,0.017945747633294585,0.00533,NS,NS,NS,0.49226191525698,0.21458999701155038,0.152373
PAX6,FOXA1_overexpression,0.297312030333107,0.05038606727750408,0.02238,NS,NS,NS,0.92869572764428,0.09944383467112651,6.71269e-7
PAX6,LIF_removal_24h,0.115997704014107,0.005008551550291531,-0.01794,NS,NS,Downregulated,0.785376171246892,0.756027857836633,2.74491e-14
PAX6,POU5F1_degradation,-0.979415469147609,0.00988762223763367,0.02686,NS,NS,NS,0.195381619175446,0.3111818399212996,3.75494e-22
PAX6,SOX2_degradation,-1.70953102599841,0.0249287112838815,0.0847,Downregulated,Upregulated,NS,1.9843113370765e-4,0.008288992459553272,3.5338099999999997e-63
PAX6,Serum,-0.0743301295036757,0.009983535801604437,0.00378,NS,NS,NS,0.743198792675046,0.8552617658543936,0.281208
PAX6,Forskolin,0.133012026229758,0.01080059567659209,0.0291,NS,NS,NS,0.619357575213171,0.8015285467688589,1.2156899999999999e-20
PAX6,Heat_shock,0.359333544899252,0.031985515236722106,0.04446,NS,Upregulated,NS,0.0553594778187742,0.008420216002927925,2.3447700000000002e-33
PAX6,LIF_removal_1h,0.152364606578388,0.005877128960851625,0.01112,NS,NS,NS,0.932201579881635,0.9967208797546465,2.10382e-4
PAX6,LIF_removal_3h,0.511409326433516,0.009391368658352021,-0.00187,NS,NS,NS,0.306304898440413,0.9990609479484573,0.972447
PAX6,LIF_removal_6h,0.406368400755784,0.012061087705629215,0.03157,NS,NS,NS,0.13103585020716,0.9907498573814619,3.37052e-18
PAX6,mNPC_differentiation,-0.515460315197301,0.006628483864633749,0.1331,NS,NS,NS,0.0116967570139484,0.5382372372121731,7.4955399999999985e-84
PAX6,TFCP2L1_knockdown,0.483210309072499,0.014907074317417286,0.07467,NS,NS,NS,0.0390470489598641,0.9451855424841861,1.41524e-50
PAX6,Forskolin_stimulation_NPC_24h,0.0133065629611881,0.009151608032292244,0.05857,NS,NS,NS,0.967767970609754,0.9667729220897776,1.2716099999999999e-39
PAX6,Forskolin_stimulation_NPC_4h,-0.425359093027196,-4.715721717360316e-4,0.0582,NS,NS,NS,0.0110885092525567,0.9932348525597723,2.5543299999999997e-32
PAX6,Heat_shock_NPC,0.747426426438049,0.030301323102077338,0.05945,Upregulated,Upregulated,NS,1.0319334993328e-4,0.0065608821567633355,6.69637e-39
PGR,Chiron_removal,0.114989259353625,0.004090928399627193,-0.03656,NS,NS,Downregulated,0.908130000950612,0.849032979238393,2.4689599999999997e-37
PGR,FOXA1_overexpression,0.273892614231679,0.0333102223260142,0.07236,NS,NS,NS,0.92869572764428,0.10341436998718244,2.62342e-41
PGR,LIF_removal_24h,-0.232659600954291,0.017663675674375726,0.02778,NS,NS,NS,0.763752698902417,0.25517201129246264,2.4057399999999997e-39
PGR,POU5F1_degradation,-0.938568509970959,0.023391967662365436,-0.05733,NS,NS,Downregulated,0.252296003771503,0.06254305434172133,8.85412e-53
PGR,SOX2_degradation,0.390710621513302,0.04601009581354294,-0.03641,NS,Upregulated,Downregulated,0.35639058712591,3.914341754368403e-4,3.45808e-37
PGR,Serum,-0.00809156560090521,0.002846531338830293,-0.04853,NS,NS,Downregulated,0.976831826666513,0.9517175066834885,1.3991e-47
PGR,Forskolin,-0.031476183233385,0.012960809840617241,-0.00528,NS,NS,Downregulated,0.92457966477225,0.8029116066473845,4.92027e-4
PGR,Heat_shock,0.331173566799603,-0.009600029629902243,0.01124,NS,NS,NS,0.0518773815992148,0.5971204515446199,2.03528e-4
PGR,LIF_removal_1h,0.184480129824331,0.008545341855879556,-0.05282,NS,NS,Downregulated,0.932201579881635,0.9967208797546465,6.78865e-45
PGR,LIF_removal_3h,0.00395915209728894,2.816806093358642e-4,-0.08033,NS,NS,Downregulated,0.984763658191153,0.9990609479484573,1.90812e-54
PGR,LIF_removal_6h,0.0063288493782299,0.00818101066168949,-0.00805,NS,NS,Downregulated,0.973286817510173,0.9972264321673686,1.46919e-4
PGR,mNPC_differentiation,0.256615131787545,0.06711460264332277,0.0801,NS,Upregulated,NS,0.21056685226553,1.8838528033143436e-5,7.29117e-66
PGR,TFCP2L1_knockdown,0.0964769452623428,0.014043619673249606,-0.00203,NS,NS,NS,0.770224248424778,0.9451855424841861,0.292858
PGR,Forskolin_stimulation_NPC_24h,0.0227763072356152,-0.004110205725658456,0.06521,NS,NS,NS,0.967767970609754,0.9667729220897776,1.85747e-42
PGR,Forskolin_stimulation_NPC_4h,0.422665198380376,0.01154172152735286,0.05114,NS,NS,NS,0.080757011759883,0.9382596653784663,4.65199e-35
PGR,Heat_shock_NPC,0.440646491104884,-0.013237781070514619,0.08229,NS,NS,NS,0.0622190697342793,0.48395449592107537,1.1943e-56
POU2F1,Chiron_removal,-0.369241491564758,0.005829806219774778,0.03265,NS,NS,NS,0.351852639194024,0.849032979238393,9.30902e-50
POU2F1,FOXA1_overexpression,0.290603114332981,-0.03243423053922305,0.07137,NS,NS,NS,0.923104213148729,0.5195170205612809,8.62353e-64
POU2F1,LIF_removal_24h,-0.586538267863207,-0.0022494989643791624,0.02246,NS,NS,NS,0.270047818593074,0.9567074446425562,9.71601e-43
POU2F1,POU5F1_degradation,-0.815421094787795,-0.10686356909071705,-0.50893,NS,Downregulated,Downregulated,0.130602435302458,2.5827621125720935e-6,1.10498e-168
POU2F1,SOX2_degradation,-0.221340478490792,-0.041153099864546155,-0.31897,NS,Downregulated,Downregulated,0.642262773266044,0.01944724167543593,1.5909699999999997e-149
POU2F1,Serum,-0.185584641577825,0.004923525749622754,-0.07314,NS,NS,Downregulated,0.518789515820026,0.9517175066834885,1.5332100000000001e-77
POU2F1,Forskolin,-0.122299365528008,-0.005844970220564596,-0.13146,NS,NS,Downregulated,0.636233499202403,0.9681364143246259,1.6853799999999995e-104
POU2F1,Heat_shock,-0.540229727769756,-0.06454031488776787,-0.2648,Downregulated,Downregulated,Downregulated,0.00375195466864327,0.005602261072168,4.504249999999999e-126
POU2F1,LIF_removal_1h,-0.011079091309622,0.001765644348222191,-0.03081,NS,NS,Downregulated,0.986010299900544,0.9967208797546465,9.540349999999999e-45
POU2F1,LIF_removal_3h,-0.0832186520622168,-8.879036756550447e-4,-0.06915,NS,NS,Downregulated,0.918132250752031,0.9990609479484573,2.4108000000000003e-71
POU2F1,LIF_removal_6h,-0.0324348228246661,-2.0876626487768835e-4,-0.08325,NS,NS,Downregulated,0.921178066445499,0.9972264321673686,2.18962e-80
POU2F1,mNPC_differentiation,1.31062684421101,0.00847133571673574,-0.02628,Upregulated,NS,Downregulated,4.93852158596916e-8,0.6846670885540481,4.99902e-43
POU2F1,TFCP2L1_knockdown,-0.0288720022334047,-8.064480808625575e-4,-0.04281,NS,NS,Downregulated,0.949428193153183,0.9844654444247022,6.0990999999999996e-55
POU2F1,Forskolin_stimulation_NPC_24h,0.179315023840659,-0.003719589182200861,0.15482,NS,NS,NS,0.931514621541679,0.9667729220897776,5.5958e-107
POU2F1,Forskolin_stimulation_NPC_4h,0.376926220301122,-0.0018924460944016149,0.15271,NS,NS,NS,0.0400696689294759,0.9932348525597723,8.052699999999999e-97
POU2F1,Heat_shock_NPC,0.689266692069588,-0.007964560267831553,0.41178,NS,NS,NS,0.0166064960844178,0.7434439932049691,2.33566e-153
POU5F1,Chiron_removal,0.427604423011215,-0.004552234928337223,-0.04932,NS,NS,Downregulated,0.261014423651565,0.849032979238393,1.19951e-74
POU5F1,FOXA1_overexpression,-1.25327566034652,-0.019606214237311542,0.02235,NS,NS,NS,0.421065485740562,0.10632751506986864,4.51358e-23
POU5F1,LIF_removal_24h,-0.428280467361304,-0.020003222247444403,-0.04119,NS,NS,Downregulated,0.291143786948877,0.19897942892665788,2.53062e-71
POU5F1,POU5F1_degradation,-0.384604914338724,-0.18632811520342316,-0.6865,NS,Downregulated,Downregulated,0.376648557946676,3.885754566624601e-15,1.25032e-184
POU5F1,SOX2_degradation,-1.5159688762579,-0.06201565352414341,-0.37182,Downregulated,Downregulated,Downregulated,6.65762429299032e-6,1.1944414934183895e-5,1.95174e-167
POU5F1,Serum,-0.40105219278362497,-0.015335292680246726,-0.07195,NS,NS,Downregulated,0.074080629631969,0.7418039476758472,1.47809e-85
POU5F1,Forskolin,-0.324369638297107,0.003447354214918673,-0.09502,NS,NS,Downregulated,0.211035809129513,0.9681364143246259,1.668e-99
POU5F1,Heat_shock,-0.465234247074112,-0.05702482960739827,-0.31653,NS,Downregulated,Downregulated,0.0137069540037887,6.356188822934084e-4,3.27668e-147
POU5F1,LIF_removal_1h,0.0899552197902631,0.00913292117301194,-0.00954,NS,NS,Downregulated,0.932201579881635,0.9967208797546465,2.33591e-13
POU5F1,LIF_removal_3h,0.0170212272089137,-0.005947689202724274,-0.03151,NS,NS,Downregulated,0.984763658191153,0.9990609479484573,1.3542299999999998e-49
POU5F1,LIF_removal_6h,0.0142375484213523,-0.008171470617196652,-0.08354,NS,NS,Downregulated,0.973286817510173,0.9972264321673686,1.09856e-91
POU5F1,mNPC_differentiation,-1.22451096959492,0.005644476720314637,-0.14991,Downregulated,NS,Downregulated,2.34784737062029e-5,0.6846670885540481,4.9482599999999996e-123
POU5F1,TFCP2L1_knockdown,-0.211185781124158,-0.013212598027056564,-0.02101,NS,NS,Downregulated,0.434920925721341,0.9451855424841861,3.34991e-41
POU5F1,Forskolin_stimulation_NPC_24h,0.131915041445837,-0.00827472125814038,0.11789,NS,NS,NS,0.857188087274161,0.9667729220897776,5.1994e-100
POU5F1,Forskolin_stimulation_NPC_4h,0.037257080968947,-0.010732605521701563,0.0943,NS,NS,NS,0.859711314374284,0.984794634191944,2.02633e-83
POU5F1,Heat_shock_NPC,-0.256375012645567,-0.021766098172670296,0.26191,NS,NS,NS,0.229171051065377,0.25491292158043627,4.28e-128
POU5F1::SOX2,Chiron_removal,-0.164508891456267,0.020102021687540668,-0.01643,NS,NS,Downregulated,0.843494006530403,0.61443629483598206,1.0974e-48
POU5F1::SOX2,FOXA1_overexpression,-0.170698873706884,-0.03648544273890446,0.01836,NS,NS,NS,0.92869572764428,0.09944383467112651,4.02963e-29
POU5F1::SOX2,LIF_removal_24h,-0.23314141703045899,-0.005136305866985519,-0.02548,NS,NS,Downregulated,0.682813233196246,0.9106791517539704,5.2662200000000006e-61
POU5F1::SOX2,POU5F1_degradation,-2.60859715835269,-0.27855416053532234,-0.74718,Downregulated,Downregulated,Downregulated,1.96375819350133e-9,2.19943127794328e-13,4.19437e-205
POU5F1::SOX2,SOX2_degradation,-1.60023032352567,-0.24731964034690565,-0.7106,Downregulated,Downregulated,Downregulated,1.90365075227555e-8,4.062189491830624e-12,3.7332999999999997e-206
POU5F1::SOX2,Serum,-0.11026111741865,-0.019130079549964533,-0.07535,NS,NS,Downregulated,0.681336026325182,0.8552617658543936,1.0446e-108
POU5F1::SOX2,Forskolin,0.13627718008191,-0.0035302768082061675,-0.12616,NS,NS,Downregulated,0.59551456959493,0.9982454964048935,2.2793599999999998e-122
POU5F1::SOX2,Heat_shock,-0.689136374762168,-0.1419616646807863,-0.41823,Downregulated,Downregulated,Downregulated,8.02064187682987e-5,8.187717865913037e-6,3.8187299999999996e-169
POU5F1::SOX2,LIF_removal_1h,-0.331308246938057,0.014851761485869447,0.0132,NS,NS,NS,0.767024513433049,0.9967208797546465,3.41447e-25
POU5F1::SOX2,LIF_removal_3h,-0.156825890323032,-0.004976640432689236,-0.04133,NS,NS,Downregulated,0.86802305667349,0.9990609479484573,2.1740499999999998e-73
POU5F1::SOX2,LIF_removal_6h,-0.164017016504691,-0.017524429293248364,-0.07633,NS,NS,Downregulated,0.638265149569028,0.9972264321673686,1.1118899999999998e-103
POU5F1::SOX2,mNPC_differentiation,-2.16860461236286,-0.17572445181910046,-0.40658,Downregulated,Downregulated,Downregulated,4.55654479441619e-14,3.9660138842770575e-8,8.940209999999999e-182
POU5F1::SOX2,TFCP2L1_knockdown,-0.106049747325779,-0.0233980575554281,-0.03486,NS,NS,Downregulated,0.758442033547021,0.9451855424841861,2.50683e-67
POU5F1::SOX2,Forskolin_stimulation_NPC_24h,0.462686056013397,0.010723748484691237,0.12663,NS,NS,NS,0.0365654488192946,0.9667729220897776,2.67612e-112
POU5F1::SOX2,Forskolin_stimulation_NPC_4h,0.414953920188568,-0.01355750354996324,0.11124,NS,NS,NS,0.0160539004110132,0.9932348525597723,1.16013e-94
POU5F1::SOX2,Heat_shock_NPC,-0.311478514938277,-0.021316189986561318,0.34259,NS,NS,NS,0.165041737776562,0.5229338066020677,1.0205399999999997e-148
PPARA::RXRA,Chiron_removal,0.208764554547413,-0.004730714512483681,-0.04783,NS,NS,Downregulated,0.908130000950612,0.7479603630959251,2.80011e-66
PPARA::RXRA,FOXA1_overexpression,1.81385908612572,-0.03061366465658719,0.02609,NS,NS,NS,0.279449248096178,0.5549807390217035,2.69233e-25
PPARA::RXRA,LIF_removal_24h,0.00587718133902897,-0.024622520565720618,-0.06504,NS,Downregulated,Downregulated,0.988405941782305,0.02540292853046204,4.64216e-84
PPARA::RXRA,POU5F1_degradation,-0.532321731361413,0.0029512445394217473,-0.10051,NS,NS,Downregulated,0.365989549531941,0.7719692114560561,8.604829999999999e-98
PPARA::RXRA,SOX2_degradation,0.490707057297414,0.003953122198651048,-0.09592,NS,NS,Downregulated,0.321639801061148,0.6519682624182388,9.09137e-95
PPARA::RXRA,Serum,-0.195443918084182,-0.008153601153670222,-0.06128,NS,NS,Downregulated,0.429630640254906,0.8552617658543936,5.86236e-68
PPARA::RXRA,Forskolin,-0.284126601684964,0.0015919905675219372,-0.06608,NS,NS,Downregulated,0.276248304783615,0.9982454964048935,1.76582e-75
PPARA::RXRA,Heat_shock,0.738948995733281,0.020554284923562583,-0.06498,Upregulated,NS,Downregulated,4.17866173089552e-5,0.06332049778230205,2.75128e-73
PPARA::RXRA,LIF_removal_1h,0.263737138543447,-0.0016976181532644703,-0.01889,NS,NS,Downregulated,0.932201579881635,0.9967208797546465,6.55559e-25
PPARA::RXRA,LIF_removal_3h,-0.00951439740122212,-0.005852303805177041,-0.10843,NS,NS,Downregulated,0.984763658191153,0.9990609479484573,1.0083e-93
PPARA::RXRA,LIF_removal_6h,-0.220715788174724,-0.011641574316577257,-0.06751,NS,NS,Downregulated,0.537854815763571,0.9900224097324921,3.64173e-71
PPARA::RXRA,mNPC_differentiation,0.496916476718407,-0.1180863003254011,-0.21685,NS,Downregulated,Downregulated,0.0224781857775485,9.410097488455769e-13,6.9250799999999994e-132
PPARA::RXRA,TFCP2L1_knockdown,-0.136305131948792,-0.00589519282871136,-0.04127,NS,NS,Downregulated,0.705341674472664,0.9451855424841861,4.08448e-54
PPARA::RXRA,Forskolin_stimulation_NPC_24h,-0.025576313250329,0.004755562257805282,0.07067,NS,NS,NS,0.967767970609754,0.9667729220897776,5.274869999999999e-69
PPARA::RXRA,Forskolin_stimulation_NPC_4h,0.186125902277991,-0.0018540818559128203,0.01572,NS,NS,NS,0.569906555793645,0.9932348525597723,4.93091e-17
PPARA::RXRA,Heat_shock_NPC,0.723025883906339,0.025811359637417014,0.22076,Upregulated,NS,NS,0.00717703018265996,0.16471734452646236,1.61288e-111
PPARG::RXRA,Chiron_removal,-0.15981644342284,-0.0057455914891060686,-0.0321,NS,NS,Downregulated,0.908130000950612,0.7113708224802776,3.4437699999999994e-49
PPARG::RXRA,FOXA1_overexpression,0.686640410471775,-0.014625073986080065,0.04279,NS,NS,NS,0.789720059729306,0.4788353239860636,4.4047399999999996e-32
PPARG::RXRA,LIF_removal_24h,0.211988552208834,-0.03009089181061021,-0.05857,NS,Downregulated,Downregulated,0.785376171246892,0.011650030206666715,2.0832900000000002e-76
PPARG::RXRA,POU5F1_degradation,0.725386780039288,-0.0246342706743703,-0.07865,NS,Downregulated,Downregulated,0.371729101450546,0.008671877746894,2.8294599999999996e-85
PPARG::RXRA,SOX2_degradation,0.209373111200551,-0.009288080550248465,-0.05128,NS,NS,Downregulated,0.676856959568105,0.301280696372709,2.81476e-67
PPARG::RXRA,Serum,-0.204517096386547,-0.013976683789289653,-0.05426,NS,NS,Downregulated,0.458827123185263,0.5735095287122544,2.6205600000000003e-61
PPARG::RXRA,Forskolin,0.261537997942789,-0.0015985034322928068,-0.04173,NS,NS,Downregulated,0.409226501547973,0.9982454964048935,8.527869999999999e-45
PPARG::RXRA,Heat_shock,0.548210257342184,0.03781566182900584,-0.04641,Upregulated,Upregulated,Downregulated,0.00459210874675637,0.0014721893845536223,1.30509e-56
PPARG::RXRA,LIF_removal_1h,-0.116392527459645,0.0023862065188949323,-0.03789,NS,NS,Downregulated,0.932201579881635,0.9967208797546465,5.75956e-45
PPARG::RXRA,LIF_removal_3h,-0.144514637960394,-0.013119202999790266,-0.074,NS,NS,Downregulated,0.890857641398841,0.9990609479484573,1.80885e-77
PPARG::RXRA,LIF_removal_6h,-0.0818161725821406,-0.020577188794081002,-0.08722,NS,NS,Downregulated,0.812886622228398,0.6029996890641238,7.85126e-80
PPARG::RXRA,mNPC_differentiation,0.0454670288345317,-0.1291602620899026,-0.23068,NS,Downregulated,Downregulated,0.862287816680566,3.1448284125785215e-13,3.6969499999999996e-131
PPARG::RXRA,TFCP2L1_knockdown,-0.00171299754345545,-0.008756595567475878,-0.04265,NS,NS,Downregulated,0.995887257620177,0.9451855424841861,1.67625e-59
PPARG::RXRA,Forskolin_stimulation_NPC_24h,-0.0228459380908562,0.006972668436642099,0.10482,NS,NS,NS,0.967767970609754,0.9667729220897776,2.42097e-80
PPARG::RXRA,Forskolin_stimulation_NPC_4h,0.0192484134329379,3.232320447521947e-4,0.09516,NS,NS,NS,0.928776989642885,0.9932348525597723,3.22551e-69
PPARG::RXRA,Heat_shock_NPC,0.175710132957108,0.02347166509361044,0.15637,NS,NS,NS,0.416758724219621,0.1791030109095283,4.37382e-95
RARA,Chiron_removal,-0.244943679785903,-0.020473226368691325,-0.09406,NS,NS,Downregulated,0.908130000950612,0.14157956136510644,6.097299999999999e-94
RARA,FOXA1_overexpression,0.397466621739344,-0.011888628521150673,0.08656,NS,NS,NS,0.92869572764428,0.9521766524725884,4.41992e-62
RARA,LIF_removal_24h,-0.248437805090234,-0.02209981094107106,-0.08421,NS,Downregulated,Downregulated,0.826324614279522,0.04474377809886312,1.9306299999999997e-98
RARA,POU5F1_degradation,0.136854461298323,0.015917519482851424,-0.05735,NS,NS,Downregulated,0.939042585085944,0.0721687963655076,8.15142e-70
RARA,SOX2_degradation,0.569554980932109,0.01190718937664694,-0.00809,NS,NS,Downregulated,0.585243181133579,0.17561827723027268,2.17979e-9
RARA,Serum,-0.0261143951246833,-0.013991830619637784,-0.02033,NS,NS,Downregulated,0.947451407232011,0.5735095287122544,2.66751e-31
RARA,Forskolin,0.385765985490991,0.01015236049415451,-0.02987,NS,NS,Downregulated,0.181788602782903,0.8015285467688589,1.06156e-42
RARA,Heat_shock,1.57844592117094,0.016281525733156055,-0.05662,Upregulated,NS,Downregulated,1.09567009971296e-10,0.16279907798880622,1.44611e-57
RARA,LIF_removal_1h,-0.16845788116254,-0.003713168259622326,-0.04668,NS,NS,Downregulated,0.932201579881635,0.9967208797546465,9.631989999999998e-52
RARA,LIF_removal_3h,-0.229964856804409,-0.011915362697590418,-0.08379,NS,NS,Downregulated,0.86802305667349,0.9990609479484573,9.47734e-73
RARA,LIF_removal_6h,-0.0126619750201907,-0.009865202508910025,-0.06527,NS,NS,Downregulated,0.973286817510173,0.9972264321673686,4.1791499999999997e-66
RARA,mNPC_differentiation,1.4213441446268,-0.10220426291364866,-0.18089,Upregulated,Downregulated,Downregulated,9.027271530591e-8,3.1208181227162025e-11,6.45092e-112
RARA,TFCP2L1_knockdown,-0.137565555053702,-0.0037890670590921866,-0.04719,NS,NS,Downregulated,0.770224248424778,0.9451855424841861,3.43556e-56
RARA,Forskolin_stimulation_NPC_24h,0.0700872885625307,0.0023394693713743864,0.03872,NS,NS,NS,0.936450156163708,0.9667729220897776,6.05987e-41
RARA,Forskolin_stimulation_NPC_4h,0.244137798959786,-0.001692069632902693,0.04637,NS,NS,NS,0.544714121472588,0.9932348525597723,1.34588e-38
RARA,Heat_shock_NPC,0.724594152676749,-0.02907470683514747,0.08208,NS,NS,NS,0.0184115024193513,0.16471734452646236,7.104870000000001e-70
RARA:RXRA,Chiron_removal,-0.244122333449787,-0.012994289063780962,-0.06563,NS,NS,Downregulated,0.801236930285329,0.455861760538912,4.7229300000000003e-76
RARA:RXRA,FOXA1_overexpression,1.1851038557286,-0.026649802238286186,0.00313,NS,NS,NS,0.671825225493959,0.19054564790609377,0.0149602
RARA:RXRA,LIF_removal_24h,-0.6895223511642,-0.03365118799135884,-0.08382,NS,Downregulated,Downregulated,0.178418581816849,0.006231334989688779,1.615e-93
RARA:RXRA,POU5F1_degradation,-0.562473039010119,-0.02012930280700786,-0.09606,NS,Downregulated,Downregulated,0.492875705148446,0.029204808599285273,1.65975e-90
RARA:RXRA,SOX2_degradation,-0.0122920830478926,-0.006656947792556689,-0.028,NS,NS,Downregulated,0.978129809380548,0.46789258822145785,5.65139e-48
RARA:RXRA,Serum,-0.537746732045382,-0.02594288860186306,-0.0316,Downregulated,NS,Downregulated,1.8021434880141e-5,0.11584249829027356,6.75928e-47
RARA:RXRA,Forskolin,0.116563030906366,0.0042742135443537554,0.00602,NS,NS,NS,0.422426491961799,0.9681364143246259,1.15649e-5
RARA:RXRA,Heat_shock,-0.00926001728922845,-0.007001264374453016,-0.04392,NS,NS,Downregulated,0.944534612834353,0.5971204515446199,1.9915e-57
RARA:RXRA,LIF_removal_1h,-1.11599619706976,2.590254682276992e-4,-0.04252,NS,NS,Downregulated,0.430357990178325,0.9967208797546465,1.72431e-50
RARA:RXRA,LIF_removal_3h,-0.26866896378437,-0.002630668096376798,-0.0508,NS,NS,Downregulated,0.415652851062661,0.9990609479484573,3.9051600000000005e-67
RARA:RXRA,LIF_removal_6h,-0.439221726733649,-0.01475569710378753,-0.05207,NS,NS,Downregulated,0.0203011439685361,0.9900224097324921,4.69484e-67
RARA:RXRA,mNPC_differentiation,-0.880360064330613,-0.09770172094444664,-0.1838,Downregulated,Downregulated,Downregulated,2.0848276182284e-4,1.3331989739453356e-10,5.0991000000000006e-120
RARA:RXRA,TFCP2L1_knockdown,0.056669475254903,-0.00835762580428023,-0.02997,NS,NS,Downregulated,0.770224248424778,0.9451855424841861,2.50312e-38
RARA:RXRA,Forskolin_stimulation_NPC_24h,0.0296731046591281,-4.334784078819376e-4,0.03996,NS,NS,NS,0.967767970609754,0.9909707680590795,2.59839e-40
RARA:RXRA,Forskolin_stimulation_NPC_4h,-0.0211765031563228,-0.014416173765712345,-0.00321,NS,NS,NS,0.928776989642885,0.6903964526181828,0.62989
RARA:RXRA,Heat_shock_NPC,-0.173180353694871,-0.019822880965473175,0.01318,NS,NS,NS,0.41974887947008,0.20169827374960844,5.22124e-9
RBPJ,Chiron_removal,0.144702157576039,0.0020825934130426094,-0.02801,NS,NS,Downregulated,0.908130000950612,0.8777681576597088,7.88732e-48
RBPJ,FOXA1_overexpression,2.60637120261298,0.0031277621322047845,0.05297,NS,NS,NS,0.213085877604381,0.9600978523081293,1.84878e-50
RBPJ,LIF_removal_24h,-0.0294677743223333,-0.010447614562485693,-0.02548,NS,NS,Downregulated,0.988405941782305,0.3666149529215206,1.8319e-51
RBPJ,POU5F1_degradation,1.00088106927044,-0.0028780920643741966,-0.08019,NS,NS,Downregulated,0.17465712562026,0.7748507514665027,3.36331e-94
RBPJ,SOX2_degradation,0.718641223833575,-0.0028428512748219217,-0.03264,NS,NS,Downregulated,0.380928806085785,0.7453903163866042,4.50489e-50
RBPJ,Serum,-0.153890569283571,6.436899621914036e-4,-0.01726,NS,NS,Downregulated,0.585751917723707,0.9804067085384727,1.14516e-23
RBPJ,Forskolin,-0.032088610662808,-0.011023506188738407,-0.04401,NS,NS,Downregulated,0.92805310975469,0.8015285467688589,1.61031e-54
RBPJ,Heat_shock,0.24263857392248,0.005109730261439469,-0.02883,NS,NS,Downregulated,0.199721755728244,0.7129896064915634,3.0674e-42
RBPJ,LIF_removal_1h,-0.469407426619243,0.00400374587591891,-0.0553,NS,NS,Downregulated,0.923016082670136,0.9967208797546465,1.51705e-65
RBPJ,LIF_removal_3h,-0.14530202170326,-0.012788128901902526,-0.05373,NS,NS,Downregulated,0.86802305667349,0.9990609479484573,6.49924e-62
RBPJ,LIF_removal_6h,0.198923014491879,-4.6613760378565964e-4,-0.03825,NS,NS,Downregulated,0.585474944051297,0.9972264321673686,2.5196599999999996e-52
RBPJ,mNPC_differentiation,0.657379786399604,0.018850983996653997,0.05964,NS,NS,NS,0.0168726474109373,0.05030732208134073,3.25476e-81
RBPJ,TFCP2L1_knockdown,0.409766210727626,0.0034072625016025987,-0.01037,NS,NS,Downregulated,0.357129154853888,0.9451855424841861,2.67663e-14
RBPJ,Forskolin_stimulation_NPC_24h,0.0846216756583144,-0.0028763099060204866,0.06614,NS,NS,NS,0.936313341342127,0.9667729220897776,1.676e-73
RBPJ,Forskolin_stimulation_NPC_4h,0.258756844799612,-0.010910507862850891,0.02146,NS,NS,NS,0.127503237545916,0.7306826315212634,1.5159700000000001e-24
RBPJ,Heat_shock_NPC,0.107129227891184,-0.020293956228969907,0.052,NS,NS,NS,0.637111347863644,0.12776507757005665,8.31902e-58
REL,Chiron_removal,0.00961550694349668,0.009375914953232077,-0.00407,NS,NS,Downregulated,0.982649490635771,0.61443629483598206,0.00417983
REL,FOXA1_overexpression,0.0291936864383629,-0.01680521344958371,0.00235,NS,NS,NS,0.9678307207156,0.18858150492632292,0.634315
REL,LIF_removal_24h,0.587676683011986,-0.006588125979830332,0.00519,Upregulated,NS,NS,0.00316648557587779,0.7008808153459658,8.92041e-5
REL,POU5F1_degradation,0.884780108741419,-0.002632891732671452,-0.03323,Upregulated,NS,Downregulated,5.4924232888855e-4,0.8138834788852818,8.07128e-47
REL,SOX2_degradation,0.725913074302907,-0.0012507001425378379,-0.03401,Upregulated,NS,Downregulated,5.9379360494177e-4,0.8922690340383836,9.45089e-46
REL,Serum,1.36967768825018,0.018999436859352313,0.08287,Upregulated,NS,NS,1.41111044104366e-6,0.45304026548018644,2.4106299999999998e-79
REL,Forskolin,-0.333558630563981,-0.023957083561373722,-0.05268,NS,NS,Downregulated,0.117795309656741,0.5639721370414833,6.60159e-62
REL,Heat_shock,-0.43549516650322,-0.003742187266167797,-0.05826,NS,NS,Downregulated,0.0477263495638331,0.8395940150446333,6.1221e-58
REL,LIF_removal_1h,-0.101611278040363,-0.004541999763964781,0.00921,NS,NS,NS,0.932201579881635,0.9967208797546465,1.03811e-10
REL,LIF_removal_3h,0.176823506944754,-0.01007099635197801,-0.00854,NS,NS,Downregulated,0.86802305667349,0.9990609479484573,0.00350069
REL,LIF_removal_6h,0.170841963850685,-0.007179791869035076,-0.04817,NS,NS,Downregulated,0.642112526782556,0.9972264321673686,2.64528e-50
REL,mNPC_differentiation,1.81350138121536,0.03524755039494592,-0.01997,Upregulated,Upregulated,Downregulated,7.57050513896838e-8,0.0031186114823194733,4.9066599999999995e-27
REL,TFCP2L1_knockdown,-0.283211897349301,-0.0163041991003215,-0.02381,NS,NS,Downregulated,0.418148666035748,0.9451855424841861,2.11375e-28
REL,Forskolin_stimulation_NPC_24h,-0.455672052082444,-0.012627389721171039,-0.00769,Downregulated,NS,Downregulated,0.00760182473863058,0.9424753190497472,1.04863e-4
REL,Forskolin_stimulation_NPC_4h,-0.125272524149659,-0.005211424603881296,-0.03749,NS,NS,Downregulated,0.452544711355924,0.9932348525597723,6.6796e-32
REL,Heat_shock_NPC,-1.65573653346148,-0.0045879985766466205,-0.11246,Downregulated,NS,Downregulated,2.08807194286985e-14,0.771142012250396,7.50742e-80
RFX1,Chiron_removal,0.160903095059003,0.03186884765711737,-0.01087,NS,NS,Downregulated,0.908130000950612,0.26412399151909105,5.04963e-11
RFX1,LIF_removal_24h,0.699273211318002,-0.006214167152634076,0.02994,NS,NS,NS,0.682813233196246,0.8549681514967399,1.69862e-43
RFX1,POU5F1_degradation,1.49197823445334,0.0031091484218122092,-0.15087,NS,NS,Downregulated,0.0755353404880841,0.8715220111430408,2.0048399999999997e-98
RFX1,SOX2_degradation,1.1356529899275,-0.04202860625970421,-0.19291,NS,Downregulated,Downregulated,0.0255337778512205,0.017235500691296778,8.85877e-111
RFX1,Serum,0.263782185846095,0.005072160200912015,0.04073,NS,NS,NS,0.458827123185263,0.9517175066834885,2.44307e-42
RFX1,Forskolin,0.852634777977542,-0.026905353672517257,-0.1152,NS,NS,Downregulated,0.0189405239361541,0.8015285467688589,4.24027e-82
RFX1,FOXA1_overexpression,1.3713632964493,-0.03549182008347364,-0.03624,NS,NS,Downregulated,0.789720059729306,0.10632751506986864,1.08665e-21
RFX1,Heat_shock,0.262019893077084,-0.028226943756054196,-0.14512,NS,NS,Downregulated,0.426608550637974,0.2409886788950677,3.0988499999999995e-93
RFX1,LIF_removal_1h,-0.203890640604879,0.0012116102130326012,0.02115,NS,NS,NS,0.932201579881635,0.9967208797546465,8.31234e-22
RFX1,LIF_removal_3h,-0.258950066112863,-0.00643748963696513,0.01279,NS,NS,NS,0.838018209523585,0.9990609479484573,2.23908e-13
RFX1,LIF_removal_6h,-0.253827750741036,0.006437586963962082,-0.00515,NS,NS,Downregulated,0.585474944051297,0.9972264321673686,0.0273491
RFX1,mNPC_differentiation,1.61751658886359,0.3569866578214005,0.28846,Upregulated,Upregulated,NS,1.37920607862074e-7,2.721787358697891e-16,1.75432e-128
RFX1,TFCP2L1_knockdown,-0.478041871985787,-0.008034158378786016,8.9e-4,NS,NS,NS,0.217201267901146,0.9451855424841861,0.628167
RFX1,Forskolin_stimulation_NPC_24h,0.592309446522883,0.11420630671739054,0.30331,Upregulated,NS,NS,0.00374299847722957,0.06179207210162176,9.236079999999999e-132
RFX1,Forskolin_stimulation_NPC_4h,-0.0259698615826216,0.09580981371778288,0.186,NS,NS,NS,0.899529296720729,0.11801252524171583,3.8163899999999996e-103
RFX1,Heat_shock_NPC,-0.390601910518775,-0.03543530648661142,-0.1796,NS,NS,Downregulated,0.0767567740867276,0.5210567135422827,1.5476099999999997e-101
RORA,Chiron_removal,-0.414140619038517,-0.025922249558801718,-0.09987,NS,NS,Downregulated,0.764671182751506,0.16880120881535104,1.0899399999999999e-100
RORA,FOXA1_overexpression,1.88372874488963,-0.040644873920184406,0.07324,NS,NS,NS,0.086936499032718,0.268316189041766,4.1867599999999995e-53
RORA,LIF_removal_24h,0.0312267856655743,-0.0379253195619446,-0.10867,NS,Downregulated,Downregulated,0.988405941782305,0.012451533941011996,1.1914599999999999e-107
RORA,POU5F1_degradation,0.12168998988127,0.025664863938852145,-0.0457,NS,Upregulated,Downregulated,0.939042585085944,0.030699161974495924,1.33153e-62
RORA,SOX2_degradation,0.0898833382102379,0.009123960108254564,-0.02486,NS,NS,Downregulated,0.882617710747103,0.44420259943185214,1.67134e-47
RORA,Serum,0.0272070377212985,-0.030958693402074997,-0.06783,NS,NS,Downregulated,0.947451407232011,0.17293302213336695,7.57243e-77
RORA,Forskolin,0.637221606582744,-0.0032567748885422715,-0.01351,NS,NS,Downregulated,0.0293012347830407,0.9681364143246259,5.30526e-15
RORA,Heat_shock,0.856817180743226,0.01296981237916376,-0.06774,Upregulated,NS,Downregulated,8.44169699618228e-5,0.4183122916886543,2.42186e-72
RORA,LIF_removal_1h,0.0146502038135852,0.006612285176866288,-0.00513,NS,NS,Downregulated,0.986010299900544,0.9967208797546465,0.030179
RORA,LIF_removal_3h,0.211936260599782,-0.012774399698650348,-0.08377,NS,NS,Downregulated,0.838018209523585,0.9990609479484573,4.42723e-80
RORA,LIF_removal_6h,0.00866943633251656,-0.02223001127089315,-0.0911,NS,NS,Downregulated,0.973286817510173,0.8041679321957751,1.63969e-80
RORA,mNPC_differentiation,0.229478511030116,-0.11287942089048128,-0.2028,NS,Downregulated,Downregulated,0.373061546246995,1.3281494517254736e-9,1.18993e-125
RORA,TFCP2L1_knockdown,0.0131180153809279,-0.005492979500454059,-0.04157,NS,NS,Downregulated,0.987283993001721,0.9451855424841861,2.2254499999999996e-52
RORA,Forskolin_stimulation_NPC_24h,-0.170863597353031,-0.0016760957718512243,0.0373,NS,NS,NS,0.763458905507052,0.9667729220897776,1.46915e-37
RORA,Forskolin_stimulation_NPC_4h,0.125116801530727,-0.0035587641194212843,-0.00935,NS,NS,Downregulated,0.577670445231237,0.9932348525597723,2.68142e-5
RORA,Heat_shock_NPC,-0.128665595980681,0.010053539610826986,0.07328,NS,NS,NS,0.559824643614733,0.557000889734654,8.05776e-65
RUNX2,Chiron_removal,-0.0605790783708983,0.0033154952690936704,0.03294,NS,NS,NS,0.908130000950612,0.849032979238393,7.5757e-44
RUNX2,FOXA1_overexpression,-0.305627737871819,-0.0087064175024568,-0.00944,NS,NS,Downregulated,0.92869572764428,0.4398927525756454,0.00354185
RUNX2,LIF_removal_24h,-0.359124054465739,0.014076596492225457,0.03662,NS,NS,NS,0.614764591609532,0.25517201129246264,1.0349299999999998e-52
RUNX2,POU5F1_degradation,-0.326055148620301,-0.008959877235872899,-0.02882,NS,NS,Downregulated,0.639150088336311,0.38288088823009975,7.26579e-41
RUNX2,SOX2_degradation,0.309858282828175,-0.0023592205515048943,0.01907,NS,NS,NS,0.675036862688785,0.8191770687183534,2.9498100000000003e-23
RUNX2,Serum,0.175625876280927,0.006906197419220734,0.03283,NS,NS,NS,0.524310732491668,0.8708738109832502,6.42137e-38
RUNX2,Forskolin,-0.299564681788442,-0.0028088084129615303,0.00421,NS,NS,NS,0.276248304783615,0.9681364143246259,0.00905543
RUNX2,Heat_shock,0.648786567460784,-0.002950567736922713,0.02543,Upregulated,NS,NS,0.0015781880213937,0.8598993814467519,1.9413700000000002e-24
RUNX2,LIF_removal_1h,-0.141214408915093,-0.002210500439154319,0.03842,NS,NS,NS,0.932201579881635,0.9967208797546465,3.1123599999999997e-35
RUNX2,LIF_removal_3h,0.0631699374390567,0.005503121184475938,0.02448,NS,NS,NS,0.948797978487585,0.9990609479484573,7.18872e-29
RUNX2,LIF_removal_6h,0.207759674573919,-0.0020977057053650516,0.03992,NS,NS,NS,0.541618436482682,0.9972264321673686,5.16636e-46
RUNX2,mNPC_differentiation,0.670917722546717,-0.021681558601736626,-0.00869,Upregulated,Downregulated,Downregulated,0.00810258905379058,0.045078107222377685,2.05993e-8
RUNX2,TFCP2L1_knockdown,0.0467930482510072,0.00814646360149533,0.01629,NS,NS,NS,0.945290474301951,0.9451855424841861,1.45557e-16
RUNX2,Forskolin_stimulation_NPC_24h,0.116139059905966,0.009968598062399574,-0.01977,NS,NS,Downregulated,0.936313341342127,0.9667729220897776,2.7457600000000004e-24
RUNX2,Forskolin_stimulation_NPC_4h,0.448992059438856,0.014022949085928117,0.01026,NS,NS,NS,0.20041979779218,0.6903964526181828,3.81311e-11
RUNX2,Heat_shock_NPC,0.617413799841586,-0.03631648785566573,-0.09846,NS,Downregulated,Downregulated,0.0109439743376586,0.0077894086212585605,1.48222e-72
RXRA,Chiron_removal,-0.500819631285011,-0.011381113642768684,-0.06381,NS,NS,Downregulated,0.0514974815288371,0.5682053278449876,1.31248e-81
RXRA,FOXA1_overexpression,-0.149673021643895,-0.04741499187580787,0.04299,NS,NS,NS,0.92869572764428,0.10632751506986864,7.545159999999999e-39
RXRA,LIF_removal_24h,-0.392479504439578,-0.032210641827190425,-0.07566,NS,Downregulated,Downregulated,0.178418581816849,0.01291753600841001,6.34752e-94
RXRA,POU5F1_degradation,-1.43384356275861,-9.377270034708774e-4,-0.09471,Downregulated,NS,Downregulated,5.4924232888855e-4,0.9299510531404769,1.6550199999999999e-96
RXRA,SOX2_degradation,-0.471570057277146,0.004884653311287824,-0.07332,NS,NS,Downregulated,0.204637051540817,0.639900707023364,3.42702e-88
RXRA,Serum,-0.371466362331503,-0.023439191143213384,-0.06419,NS,NS,Downregulated,0.0263858412813543,0.22697685449704522,1.91101e-77
RXRA,Forskolin,-0.15517006557509,-0.00377725957261996,-0.02002,NS,NS,Downregulated,0.465115078572651,0.9681364143246259,6.6293599999999995e-28
RXRA,Heat_shock,0.0975712675586889,0.028027632404197922,0.00328,NS,Upregulated,NS,0.500427886448359,0.031145297353640217,0.00564784
RXRA,LIF_removal_1h,-0.299488325566039,-8.918445273823454e-4,-0.02429,NS,NS,Downregulated,0.709892979811474,0.9967208797546465,2.08608e-37
RXRA,LIF_removal_3h,-0.27391530664362,-0.0053904676161338205,-0.04702,NS,NS,Downregulated,0.415652851062661,0.9990609479484573,6.469999999999999e-56
RXRA,LIF_removal_6h,-0.544264610373388,-0.0161262317333721,-0.04192,NS,NS,Downregulated,0.0116574440217098,0.9900224097324921,1.47137e-49
RXRA,mNPC_differentiation,-1.84251996725092,-0.1678683688282454,-0.3214,Downregulated,Downregulated,Downregulated,1.3615970226277798e-11,2.2018444399828463e-14,2.6555099999999997e-140
RXRA,TFCP2L1_knockdown,0.0202320485163827,-0.010155804219131481,-0.01245,NS,NS,Downregulated,0.949428193153183,0.9451855424841861,1.7333600000000002e-18
RXRA,Forskolin_stimulation_NPC_24h,-0.132032395784306,0.0010419006726097857,0.06922,NS,NS,NS,0.936313341342127,0.9909707680590795,3.74676e-63
RXRA,Forskolin_stimulation_NPC_4h,0.207888620714067,-6.29280379475447e-4,0.00541,NS,NS,NS,0.572154100169232,0.9932348525597723,4.05561e-7
RXRA,Heat_shock_NPC,1.26556073849134,0.026285669510303214,0.15606,Upregulated,NS,NS,6.64314115842854e-5,0.3340529434076296,2.8202899999999995e-96
SMAD2::SMAD3::SMAD4,Chiron_removal,-0.23792685755468,0.006508035337351866,0.01807,NS,NS,NS,0.578661550608847,0.624823844522862,2.01929e-31
SMAD2::SMAD3::SMAD4,FOXA1_overexpression,0.457856504953147,-0.0034152188204256383,0.05645,NS,NS,NS,0.90610426059522,0.8565700020781581,3.1503699999999996e-57
SMAD2::SMAD3::SMAD4,LIF_removal_24h,-0.375017572755108,-0.003231333658426767,-0.01681,NS,NS,Downregulated,0.31857278348172,0.8216880819672066,1.3425099999999999e-39
SMAD2::SMAD3::SMAD4,POU5F1_degradation,-0.47435430162549,-0.005603851234621483,-0.05087,NS,NS,Downregulated,0.520291852281503,0.5057309782951311,4.46835e-73
SMAD2::SMAD3::SMAD4,SOX2_degradation,-0.755802644757982,-0.006322642406827517,-0.02748,Downregulated,NS,Downregulated,0.00344435400649524,0.42614860911999436,9.55945e-45
SMAD2::SMAD3::SMAD4,Serum,-0.353925117251517,-2.936336784138125e-4,0.02947,NS,NS,NS,0.0947671508402437,0.9804067085384727,8.313329999999999e-51
SMAD2::SMAD3::SMAD4,Forskolin,-0.391424553985928,7.876413551858271e-4,-0.01915,NS,NS,Downregulated,0.0521960291243681,0.9982454964048935,3.7143399999999995e-27
SMAD2::SMAD3::SMAD4,Heat_shock,-0.117837660877923,0.003248677476540127,-0.00514,NS,NS,Downregulated,0.502574458888195,0.8120639030526463,0.00191764
SMAD2::SMAD3::SMAD4,LIF_removal_1h,0.50305783393635,-0.0012827767374602554,-0.0194,NS,NS,Downregulated,0.709892979811474,0.9967208797546465,1.80853e-27
SMAD2::SMAD3::SMAD4,LIF_removal_3h,0.0385383354269298,-0.0010165614474764073,-0.02064,NS,NS,Downregulated,0.962348152841308,0.9990609479484573,1.15903e-37
SMAD2::SMAD3::SMAD4,LIF_removal_6h,-0.0843684882061286,0.005846606224700713,-0.03856,NS,NS,Downregulated,0.789676869403813,0.9972264321673686,1.97041e-50
SMAD2::SMAD3::SMAD4,mNPC_differentiation,-1.04387673383936,0.05109338863077598,0.08509,Downregulated,Upregulated,NS,7.55440861835983e-5,1.138937190707637e-6,1.19269e-94
SMAD2::SMAD3::SMAD4,TFCP2L1_knockdown,-0.078074386392086,0.002196128044467168,-0.00808,NS,NS,Downregulated,0.780375896341424,0.963724134899497,1.05482e-10
SMAD2::SMAD3::SMAD4,Forskolin_stimulation_NPC_24h,-0.00183098323261592,-0.010457338603016536,0.06007,NS,NS,NS,0.995668796912971,0.9424753190497472,2.78445e-72
SMAD2::SMAD3::SMAD4,Forskolin_stimulation_NPC_4h,0.051352660027266,-0.011776058745309431,0.03416,NS,NS,NS,0.798057737703553,0.6903964526181828,1.76637e-41
SMAD2::SMAD3::SMAD4,Heat_shock_NPC,-0.333787271755122,0.014940563980587095,0.02029,NS,NS,NS,0.133437133120894,0.25101710726658094,2.58702e-29
SMAD4,Chiron_removal,0.0585080667709722,-1.1003432472045339e-4,-0.01075,NS,NS,Downregulated,0.908130000950612,0.9866437902017153,1.36954e-12
SMAD4,FOXA1_overexpression,0.648482124031029,0.0013134432829332793,0.04045,NS,NS,NS,0.789720059729306,0.8622678245079521,3.55383e-32
SMAD4,LIF_removal_24h,0.262622861547577,-0.017169065173753217,-0.02335,NS,NS,Downregulated,0.763752698902417,0.0857410940093334,9.864369999999999e-39
SMAD4,POU5F1_degradation,-1.24402274024092,-0.014773866367386528,-0.11296,NS,NS,Downregulated,0.0277917821832345,0.06396697719036833,3.11905e-95
SMAD4,SOX2_degradation,-1.95420540424996,-0.034048826549843245,-0.08382,Downregulated,Downregulated,Downregulated,3.48989011190433e-5,9.687593237920006e-5,1.2334899999999998e-84
SMAD4,Serum,0.351534400099767,-0.01967959831015525,-0.04012,NS,NS,Downregulated,0.215053884654833,0.17846571111885282,1.27614e-51
SMAD4,Forskolin,-0.205622299259117,-0.024421731589355924,-0.05356,NS,NS,Downregulated,0.606340217168693,0.3960255728694819,2.58616e-51
SMAD4,Heat_shock,-0.00983291686150439,0.021003629513989697,-0.03909,NS,Upregulated,Downregulated,0.962162818123678,0.039160029657777456,1.25721e-44
SMAD4,LIF_removal_1h,0.235221549886007,-0.007362924813348678,-0.03381,NS,NS,Downregulated,0.923016082670136,0.9967208797546465,3.12919e-44
SMAD4,LIF_removal_3h,0.312274735577355,-0.002350230584085485,-0.05069,NS,NS,Downregulated,0.672542266954426,0.9990609479484573,1.86573e-58
SMAD4,LIF_removal_6h,0.347341446837734,-8.356967652735931e-4,-0.04708,NS,NS,Downregulated,0.533305518051098,0.9972264321673686,1.2528699999999999e-51
SMAD4,mNPC_differentiation,-1.49261845135619,-0.06593248659063368,-0.04784,Downregulated,Downregulated,Downregulated,3.29313961049156e-5,2.0007493381572848e-8,2.95709e-56
SMAD4,TFCP2L1_knockdown,0.12223667075938,-0.017132607948513217,-0.05644,NS,NS,Downregulated,0.770224248424778,0.8134735416175387,3.90345e-68
SMAD4,Forskolin_stimulation_NPC_24h,-0.0409364353777688,-0.0016389996851919816,0.03909,NS,NS,NS,0.936450156163708,0.9667729220897776,1.13697e-42
SMAD4,Forskolin_stimulation_NPC_4h,-0.336933963487957,-0.008187051691532762,0.01266,NS,NS,NS,0.0390962925097067,0.984794634191944,2.67e-9
SMAD4,Heat_shock_NPC,0.753937384146509,-0.0016677467803465143,0.07302,Upregulated,NS,NS,2.53576328595524e-5,0.8902693787994452,2.14645e-63
SOX2,Chiron_removal,0.276631356998906,0.04139241223961097,-0.02964,NS,NS,Downregulated,0.456775331809384,0.17666897892738082,6.59849e-50
SOX2,FOXA1_overexpression,-0.992245476996492,-0.0068052339206053115,0.07035,NS,NS,NS,0.213085877604381,0.16802400213425228,7.2708199999999995e-65
SOX2,LIF_removal_24h,-0.376583394448206,0.0018304994722168344,-0.18765,NS,NS,Downregulated,0.25682375119085,0.9577242377113238,1.54094e-134
SOX2,POU5F1_degradation,-1.37271221759607,-0.036860249235608405,-0.13776,Downregulated,NS,Downregulated,7.93648465420062e-8,0.06254305434172133,6.79706e-117
SOX2,SOX2_degradation,-3.87633651535544,-0.24401738503474268,-0.75813,Downregulated,Downregulated,Downregulated,3.67934521750484e-16,6.64670623628709e-13,2.06141e-189
SOX2,Serum,-0.455883794432146,-0.0012688673179425958,-0.04794,Downregulated,NS,Downregulated,0.00105383536083656,0.9804067085384727,3.19481e-68
SOX2,Forskolin,-0.00139223078458701,-0.021169679127009903,-0.14435,NS,NS,Downregulated,0.989678736495694,0.8016676930934444,6.2568e-113
SOX2,Heat_shock,-0.541007526270382,-0.0015998866840753884,-0.20299,Downregulated,NS,Downregulated,8.8962569055231e-4,0.9852273370145096,1.95829e-124
SOX2,LIF_removal_1h,-0.0986707063928859,0.02091258473088143,0.04858,NS,NS,NS,0.932201579881635,0.9967208797546465,1.26219e-62
SOX2,LIF_removal_3h,-0.067829800431617,0.0024314247582297964,-0.02754,NS,NS,Downregulated,0.890857641398841,0.9990609479484573,2.8096599999999998e-43
SOX2,LIF_removal_6h,-0.0285155733821003,-0.007764112138564297,-0.05386,NS,NS,Downregulated,0.869870598416914,0.9972264321673686,1.79724e-70
SOX2,mNPC_differentiation,-2.84593503033239,-0.07708134797287029,-0.33163,Downregulated,Downregulated,Downregulated,4.45459629426633e-14,8.870233359730082e-4,4.35287e-153
SOX2,TFCP2L1_knockdown,-0.282908331177493,-0.019530764814478716,-0.0529,NS,NS,Downregulated,0.0934493534159287,0.9451855424841861,1.88459e-73
SOX2,Forskolin_stimulation_NPC_24h,-0.0368787877661226,0.014528667596455491,0.1804,NS,NS,NS,0.936450156163708,0.9667729220897776,4.69263e-114
SOX2,Forskolin_stimulation_NPC_4h,0.146612036434458,-0.021498087587007303,0.03432,NS,NS,NS,0.359663077087241,0.7306826315212634,1.51534e-36
SOX2,Heat_shock_NPC,-0.00997173255493393,0.11125670346743781,0.52937,NS,Upregulated,NS,0.988145373507783,1.0072208413628489e-5,9.15302e-158
SOX9,LIF_removal_24h,-0.239718377820474,8.586089698087922e-4,-0.01048,NS,NS,Downregulated,0.768745598943699,0.9577242377113238,7.80623e-15
SOX9,Chiron_removal,-0.685202201359232,0.014230193881168352,-0.00999,NS,NS,Downregulated,0.297047016807896,0.4649690746170821,6.03528e-9
SOX9,Serum,-0.137505748997537,-0.009255808763904087,-0.04942,NS,NS,Downregulated,0.524310732491668,0.8552617658543936,4.6087900000000004e-55
SOX9,Forskolin,-0.240979774513202,0.008025495487756279,-0.12118,NS,NS,Downregulated,0.276248304783615,0.9561517649057499,8.11565e-90
SOX9,FOXA1_overexpression,-1.34639373822455,0.008933081976377138,0.059,NS,NS,NS,0.90610426059522,0.5195170205612809,9.10796e-47
SOX9,Heat_shock,0.228429902088737,-2.6775330597602265e-4,-0.21017,NS,NS,Downregulated,0.177202785353322,0.989656590604974,3.90468e-108
SOX9,LIF_removal_1h,0.206885924150787,0.015900871799589152,-0.00324,NS,NS,NS,0.923016082670136,0.9967208797546465,0.510551
SOX9,LIF_removal_3h,0.051753130060411,0.012752267561432537,-0.09279,NS,NS,Downregulated,0.941411719001189,0.9990609479484573,7.19737e-75
SOX9,LIF_removal_6h,0.0881153658181015,0.01241999166906759,-0.08587,NS,NS,Downregulated,0.789676869403813,0.9907498573814619,2.4948400000000003e-72
SOX9,mNPC_differentiation,0.259889342522338,0.019365925229571042,-0.07507,NS,NS,Downregulated,0.235813673984905,0.090119242842024,2.9420000000000003e-76
SOX9,POU5F1_degradation,0.89023660812992,-4.0265614613492354e-4,-0.22805,NS,NS,Downregulated,0.55808781469597,0.962731876075828,3.92087e-125
SOX9,SOX2_degradation,0.0607485289676656,-0.010837105930116065,-0.26203,NS,NS,Downregulated,0.923754995982345,0.301280696372709,2.4959e-132
SOX9,TFCP2L1_knockdown,0.210432480570537,-0.0019675444371098764,-0.04166,NS,NS,Downregulated,0.465802336337138,0.963724134899497,4.27156e-53
SOX9,Forskolin_stimulation_NPC_24h,-0.154300097860517,0.006394606084959044,0.14194,NS,NS,NS,0.931514621541679,0.9667729220897776,1.3888e-92
SOX9,Forskolin_stimulation_NPC_4h,0.186671415879969,-0.0025514142935715543,0.06306,NS,NS,NS,0.470097987566344,0.9932348525597723,3.00612e-56
SOX9,Heat_shock_NPC,0.414964363982197,0.025802407723096846,0.36911,NS,NS,NS,0.0688688063195613,0.1131278149148813,5.5964e-132
SP1,Chiron_removal,-0.046895890268523,-0.005197380486246187,-0.06238,NS,NS,Downregulated,0.908130000950612,0.7544706528906311,2.76281e-110
SP1,FOXA1_overexpression,9.1778078649805e-4,0.0036961057093933547,-0.05474,NS,NS,Downregulated,0.998595782231936,0.8530722529158625,8.242829999999999e-85
SP1,LIF_removal_24h,-0.129040465167735,-0.021678733610333678,-0.16548,NS,NS,Downregulated,0.75344251816719,0.08628842062559967,2.6913799999999996e-155
SP1,POU5F1_degradation,-0.855801763838855,-0.007960489679115825,0.03177,Downregulated,NS,NS,0.00647105338468306,0.4600822864357828,1.5953499999999998e-86
SP1,SOX2_degradation,-0.239149975782502,-0.0018298488405748977,0.07506,NS,NS,NS,0.277881765197766,0.8524283128248733,3.42655e-112
SP1,Serum,-0.142902366404522,0.006878032343054882,0.11335,NS,NS,NS,0.49052616545183,0.8708738109832502,7.0625e-131
SP1,Forskolin,-0.101592981597875,0.0028508819210609987,0.09641,NS,NS,NS,0.62222688874659,0.9681364143246259,6.92548e-124
SP1,Heat_shock,-0.471820531484899,0.04237552882423063,0.13448,Downregulated,Upregulated,NS,4.8098967145167e-4,0.001488309746268205,7.02841e-131
SP1,LIF_removal_1h,-0.186707208213381,0.0033491819599991562,0.1273,NS,NS,NS,0.856605853241138,0.9967208797546465,2.0707899999999999e-131
SP1,LIF_removal_3h,-0.0745676654471225,-0.005427219908522659,0.08631,NS,NS,NS,0.89918293817698,0.9990609479484573,1.14039e-113
SP1,LIF_removal_6h,-0.104581119973469,-0.006123512678979972,0.03493,NS,NS,NS,0.690856320864403,0.9972264321673686,6.73044e-83
SP1,mNPC_differentiation,-0.945930362918825,-0.07980276454786189,-0.26601,Downregulated,Downregulated,Downregulated,9.027271530591e-8,4.435343432498614e-8,2.1495999999999997e-166
SP1,TFCP2L1_knockdown,-0.152932852191552,-0.0025128930156329008,0.03359,NS,NS,NS,0.465802336337138,0.963724134899497,2.5707999999999998e-79
SP1,Forskolin_stimulation_NPC_24h,-0.0134637923813249,0.009840519530910558,-0.02561,NS,NS,Downregulated,0.967767970609754,0.9667729220897776,8.305899999999999e-60
SP1,Forskolin_stimulation_NPC_4h,-0.78475641664051,0.0010728937451287973,-0.0354,Downregulated,NS,Downregulated,1.73858829553766e-6,0.9932348525597723,6.3439800000000006e-55
SP1,Heat_shock_NPC,0.799342286237502,0.018676298432100315,-0.14221,Upregulated,NS,Downregulated,8.88666772059357e-7,0.3340529434076296,8.332599999999999e-127
SREBF1,Chiron_removal,-0.0364207406595562,-0.002604976434926622,-0.02732,NS,NS,Downregulated,0.948826322066587,0.849032979238393,1.9351199999999999e-31
SREBF1,FOXA1_overexpression,-0.796238446316788,0.005828056551738306,-0.00862,NS,NS,NS,0.778375299934821,0.9502801070408615,0.135478
SREBF1,LIF_removal_24h,-0.129465700930447,4.047830868906195e-4,-0.06507,NS,NS,Downregulated,0.858199083286224,0.9643935030670072,6.39137e-68
SREBF1,POU5F1_degradation,-0.597149345585554,-0.012766033978757195,-0.00778,NS,NS,Downregulated,0.404940857962502,0.07270810770695665,2.35664e-4
SREBF1,SOX2_degradation,-0.322981789997508,-0.0023980169118296975,0.03382,NS,NS,NS,0.549510780368552,0.7446786830246702,1.3510299999999999e-38
SREBF1,Serum,-0.488634124234512,0.001617478437837818,0.02661,Downregulated,NS,NS,4.5122518436605e-4,0.9517175066834885,1.08947e-26
SREBF1,Forskolin,0.0575003045298766,-0.004668919076017979,0.05407,NS,NS,NS,0.796221184247031,0.9681364143246259,2.93129e-48
SREBF1,Heat_shock,0.302218355385373,0.008566066517637722,0.10337,NS,NS,NS,0.101454985267733,0.3725237447938702,3.51576e-71
SREBF1,LIF_removal_1h,-0.183686830397855,4.31462866695609e-5,0.00334,NS,NS,NS,0.923016082670136,0.9967208797546465,0.100464
SREBF1,LIF_removal_3h,0.104181875660417,0.004035305580543424,0.0174,NS,NS,NS,0.86802305667349,0.9990609479484573,2.97719e-11
SREBF1,LIF_removal_6h,0.1352683198765,-2.513865025757561e-5,-0.014,NS,NS,Downregulated,0.553158695017304,0.9972264321673686,1.03272e-11
SREBF1,mNPC_differentiation,0.277422742745832,-0.03279359348050814,-0.06604,NS,Downregulated,Downregulated,0.0568669089186233,1.651822059512265e-4,4.82862e-66
SREBF1,TFCP2L1_knockdown,-0.0161870204537416,0.004076609270411272,0.00455,NS,NS,NS,0.949428193153183,0.9451855424841861,0.375741
SREBF1,Forskolin_stimulation_NPC_24h,0.124278469000436,-4.803546781370488e-4,-0.0154,NS,NS,Downregulated,0.936313341342127,0.9909707680590795,1.18384e-5
SREBF1,Forskolin_stimulation_NPC_4h,0.286364907838536,0.01040810216504913,0.01415,NS,NS,NS,0.303350380950663,0.6903964526181828,1.24317e-5
SREBF1,Heat_shock_NPC,0.741121616803629,-0.01450682317158572,-0.0739,NS,NS,Downregulated,0.0175164320872121,0.16471734452646236,2.69161e-49
SRF,Chiron_removal,0.0755666770051613,0.010475131091343116,0.00899,NS,NS,NS,0.908130000950612,0.7400327432847673,6.38475e-4
SRF,FOXA1_overexpression,0.776444379309452,0.04701401312472978,0.05144,NS,NS,NS,0.789720059729306,0.2866404198079901,1.28908e-26
SRF,LIF_removal_24h,-0.135049980531114,-0.007230656414242701,0.00374,NS,NS,NS,0.826324614279522,0.8216880819672066,0.648279
SRF,POU5F1_degradation,0.512265786586296,0.03002641512981207,-0.06349,NS,NS,Downregulated,0.379474281508501,0.08346033740653677,9.482259999999998e-52
SRF,SOX2_degradation,-0.0990447552357902,0.05062290563644771,0.01291,NS,Upregulated,NS,0.799038140005914,0.004207246360426837,6.3099e-7
SRF,Serum,1.38671225841355,0.002658662927225615,-0.04669,Upregulated,NS,Downregulated,4.50373301956259e-7,0.9628366525771274,2.50736e-37
SRF,Forskolin,-0.0598459189634008,1.5655466108057021e-4,-0.0888,NS,NS,Downregulated,0.800456935908377,0.9982454964048935,1.4947599999999999e-58
SRF,Heat_shock,-0.0872215829599832,0.03835898692898241,-0.0612,NS,NS,Downregulated,0.607629393558542,0.0898472790156007,1.90977e-41
SRF,LIF_removal_1h,0.130139298205836,-4.4846549711064637e-4,-0.04592,NS,NS,Downregulated,0.923016082670136,0.9967208797546465,1.45169e-36
SRF,LIF_removal_3h,0.218552776307596,-0.00742860234853969,-0.11065,NS,NS,Downregulated,0.672542266954426,0.9990609479484573,1.58572e-60
SRF,LIF_removal_6h,0.216084372459142,-0.004952286797867106,-0.0656,NS,NS,Downregulated,0.533305518051098,0.9972264321673686,1.2224799999999999e-43
SRF,mNPC_differentiation,0.104253494358029,0.1241486961715796,0.07577,NS,Upregulated,NS,0.595904903045741,3.26095500314106e-7,1.0699199999999999e-58
SRF,TFCP2L1_knockdown,0.191821394165629,0.007306331973886445,-0.0379,NS,NS,Downregulated,0.494098207084412,0.9451855424841861,1.7487e-24
SRF,Forskolin_stimulation_NPC_24h,-0.104930143882423,-0.011805972912728377,0.03834,NS,NS,NS,0.857188087274161,0.9667729220897776,1.2068899999999998e-32
SRF,Forskolin_stimulation_NPC_4h,-0.0485362294686044,-0.033618266060624354,-1.6e-4,NS,NS,Downregulated,0.7941591522156,0.3354542089650969,0.0272961
SRF,Heat_shock_NPC,0.306475434240912,0.07168710122008243,0.22387,NS,Upregulated,NS,0.138754893016984,0.001308214681084767,5.1214e-98
STAT1,Chiron_removal,0.430302236915932,-0.009247160832163998,-0.06567,NS,NS,Downregulated,0.821329334768447,0.61443629483598206,7.59136e-99
STAT1,FOXA1_overexpression,0.116502903352374,0.00201836353777376,0.04744,NS,NS,NS,0.9678307207156,0.9600978523081293,4.01646e-48
STAT1,LIF_removal_24h,1.13679499606982,-0.038307939737893745,-0.06159,NS,Downregulated,Downregulated,0.0706582714740318,0.005782602060928112,1.29336e-91
STAT1,POU5F1_degradation,-0.00173780949787981,0.018209891715974598,-0.04291,NS,NS,Downregulated,0.998183087815994,0.06254305434172133,6.2384e-72
STAT1,SOX2_degradation,0.308925308883811,0.02518512387485305,-0.02515,NS,Upregulated,Downregulated,0.70008921660515,0.008654278365938291,1.93422e-47
STAT1,Serum,0.0869649427253467,0.0031893357278637556,-0.00536,NS,NS,Downregulated,0.787268293242213,0.9517175066834885,4.95054e-4
STAT1,Forskolin,-0.0754605410779051,-0.0031832650176341192,-0.05321,NS,NS,Downregulated,0.800456935908377,0.9681364143246259,8.39731e-70
STAT1,Heat_shock,0.681215293014184,0.08009694182492737,-2.1e-4,Upregulated,Upregulated,NS,8.2618486259355e-4,9.694401558928164e-8,0.26736
STAT1,LIF_removal_1h,-0.116594330861119,-0.030945962567528885,-0.08448,NS,NS,Downregulated,0.932680491379393,0.17282578580628447,7.94932e-89
STAT1,LIF_removal_3h,0.0235405581083638,-0.04104641438068875,-0.11524,NS,Downregulated,Downregulated,0.984763658191153,0.011200291006000587,1.5092600000000001e-102
STAT1,LIF_removal_6h,0.166497520551296,-0.030128064179707887,-0.12043,NS,NS,Downregulated,0.707654528191483,0.2136630749385262,1.1615e-103
STAT1,mNPC_differentiation,1.37918001417743,0.02658998181267267,-4.8e-4,Upregulated,Upregulated,NS,9.027271530591e-8,0.01450130752886219,0.131026
STAT1,TFCP2L1_knockdown,0.0790833193005707,-0.006228219253878698,-0.03924,NS,NS,Downregulated,0.867989986349093,0.9451855424841861,1.00517e-57
STAT1,Forskolin_stimulation_NPC_24h,-0.0237423035419648,-0.009047215894432189,0.04942,NS,NS,NS,0.967767970609754,0.9667729220897776,3.6961899999999996e-64
STAT1,Forskolin_stimulation_NPC_4h,0.186637153725603,-0.00270806889341784,0.0116,NS,NS,NS,0.700707839491193,0.9932348525597723,1.84223e-13
STAT1,Heat_shock_NPC,0.215918457103704,-0.012954249697980837,0.09434,NS,NS,NS,0.345156374027512,0.3340529434076296,7.34248e-90
STAT1::STAT2,Chiron_removal,-0.391015823691664,-0.0077564464560015926,-0.04588,NS,NS,Downregulated,0.47987647202008,0.6589854866644699,9.13606e-81
STAT1::STAT2,FOXA1_overexpression,0.158126668061035,0.0013326906871265337,0.0182,NS,NS,NS,0.92869572764428,0.6953435166174923,2.05689e-23
STAT1::STAT2,LIF_removal_24h,-0.400752525508872,0.004794910011739197,0.00592,NS,NS,NS,0.543453417828404,0.8013457554801178,2.72292e-13
STAT1::STAT2,POU5F1_degradation,1.20799729585882,0.013111932314205396,-0.06049,Upregulated,NS,Downregulated,1.7549850209422e-4,0.18953624492082755,5.39258e-91
STAT1::STAT2,SOX2_degradation,0.0507112991175046,0.022232641122156255,-0.08525,NS,Upregulated,Downregulated,0.887849342842803,0.023477550089505226,2.36944e-110
STAT1::STAT2,Serum,-0.273838882350739,2.726067531619424e-4,-0.03383,NS,NS,Downregulated,0.140201506367517,0.9804067085384727,2.14536e-65
STAT1::STAT2,Forskolin,-0.17760580197438,0.005413150492122496,-0.05209,NS,NS,Downregulated,0.458869210911894,0.9681364143246259,1.92214e-73
STAT1::STAT2,Heat_shock,0.179418761508797,0.0031859846679650385,-0.09011,NS,NS,Downregulated,0.23547839268478,0.8591173725565814,9.41092e-100
STAT1::STAT2,LIF_removal_1h,-0.24642630696358,0.0031392305713469418,-0.02877,NS,NS,Downregulated,0.923016082670136,0.9967208797546465,8.95555e-53
STAT1::STAT2,LIF_removal_3h,0.0415486409053627,-0.010075595391031061,-0.08389,NS,NS,Downregulated,0.948797978487585,0.9990609479484573,9.53607e-91
STAT1::STAT2,LIF_removal_6h,0.0723458918904679,-0.0058090389838976984,-0.08385,NS,NS,Downregulated,0.789676869403813,0.9972264321673686,1.9558699999999996e-98
STAT1::STAT2,mNPC_differentiation,5.80376455729854,0.06983463824581189,0.0676,Upregulated,Upregulated,NS,4.20819363021879e-18,4.568644922742283e-7,1.33431e-99
STAT1::STAT2,TFCP2L1_knockdown,0.369607450099723,0.0031891810756487643,0.00189,NS,NS,NS,0.193314832873603,0.963724134899497,0.00208414
STAT1::STAT2,Forskolin_stimulation_NPC_24h,-0.391299453600337,-0.00988813719322017,0.03069,NS,NS,NS,0.100609868462147,0.9667729220897776,1.69361e-54
STAT1::STAT2,Forskolin_stimulation_NPC_4h,-0.0295802226539506,-8.390842474198454e-4,0.02077,NS,NS,NS,0.868868282260097,0.9932348525597723,4.54331e-36
STAT1::STAT2,Heat_shock_NPC,-1.1722409787058,0.0145832621734018,0.2294,Downregulated,NS,NS,4.35509876809375e-8,0.3753272725171959,4.623509999999999e-140
STAT3,Chiron_removal,0.0868170924301749,-0.00588162062084222,-0.04933,NS,NS,Downregulated,0.908130000950612,0.6589854866644699,4.8248000000000006e-77
STAT3,FOXA1_overexpression,-0.526792822131356,0.0025257398942307467,0.06748,NS,NS,NS,0.824739494734565,0.8763967947850061,1.20912e-68
STAT3,LIF_removal_24h,-3.68459956024501,-0.039541464189354184,-0.06675,Downregulated,Downregulated,Downregulated,7.76590115102891e-18,4.3325013747340006e-4,3.67526e-92
STAT3,POU5F1_degradation,-1.79913509305857,0.02048537927296508,-0.05094,Downregulated,Upregulated,Downregulated,0.00465150981124769,0.009515046948244647,6.4021199999999995e-78
STAT3,SOX2_degradation,-1.79341509308008,0.02531354728026635,-0.0041,Downregulated,Upregulated,Downregulated,3.01574995380698e-10,0.001156790342775151,3.00607e-4
STAT3,Serum,-0.410750078983767,-0.002823932280160392,0.00891,Downregulated,NS,NS,0.00677354718387124,0.9517175066834885,1.78469e-12
STAT3,Forskolin,-1.15255017760935,-0.007676918732214598,-0.04914,Downregulated,NS,Downregulated,3.05673128171551e-8,0.8237377628092393,3.1053399999999995e-64
STAT3,Heat_shock,1.02854003999111,0.07971448123388043,0.01291,Upregulated,Upregulated,NS,1.76943711810415e-7,1.6907035497170565e-9,9.26881e-21
STAT3,LIF_removal_1h,-0.293460575871353,-0.03373666427539484,-0.07641,NS,Downregulated,Downregulated,0.767024513433049,0.013178243385339036,2.78373e-82
STAT3,LIF_removal_3h,-0.777897441816574,-0.03857617995254818,-0.11326,Downregulated,Downregulated,Downregulated,0.00665588542551877,0.0023412476450096536,3.8725199999999994e-103
STAT3,LIF_removal_6h,-1.42483966528669,-0.030257387790000697,-0.10785,Downregulated,Downregulated,Downregulated,1.43756102159662e-7,0.045093549531850886,2.4860299999999995e-96
STAT3,mNPC_differentiation,-3.10405811402216,0.022402765284846502,0.0257,Downregulated,Upregulated,NS,1.96439962052076e-13,0.00920934418305006,2.1553000000000001e-47
STAT3,TFCP2L1_knockdown,-0.49884980314363,-0.005140368045880791,-0.03784,NS,NS,Downregulated,0.030252403759683,0.9451855424841861,1.4955399999999997e-54
STAT3,Forskolin_stimulation_NPC_24h,-0.539003528487643,-0.008111733499781611,0.05229,Downregulated,NS,NS,0.00557627729473012,0.9424753190497472,8.74476e-65
STAT3,Forskolin_stimulation_NPC_4h,-0.292836546782637,0.002968162350275092,0.02895,NS,NS,NS,0.071083686349823,0.9932348525597723,1.93417e-35
STAT3,Heat_shock_NPC,0.879555151852197,-0.006580357697076615,0.10173,Upregulated,NS,NS,4.88797736942905e-6,0.5210567135422827,1.6738699999999998e-96
STAT4,Chiron_removal,-0.211430643984142,-0.010340588930213149,-0.02898,NS,NS,Downregulated,0.764279213848641,0.624823844522862,3.1093299999999996e-51
STAT4,FOXA1_overexpression,0.291629694994254,0.0012530275051796744,0.03925,NS,NS,NS,0.82062655765857,0.6849150847116589,1.06283e-42
STAT4,LIF_removal_24h,-2.29778186683311,-0.01707140417435104,-0.02387,Downregulated,NS,Downregulated,8.25252885671358e-8,0.26899970665838635,6.37666e-44
STAT4,POU5F1_degradation,-0.740766106477414,0.010481682174774734,-0.10807,NS,NS,Downregulated,0.0228653788033794,0.41890836829334877,6.73844e-107
STAT4,SOX2_degradation,-1.34760287054739,0.02234158911946118,-0.16607,Downregulated,NS,Downregulated,6.33030277170741e-6,0.0605324355368102,6.009419999999999e-126
STAT4,Serum,-0.33759657816589,-0.002006520645342417,-0.03491,NS,NS,Downregulated,0.0349677362685863,0.9628366525771274,1.66014e-54
STAT4,Forskolin,0.411768584139749,-7.774566073255693e-5,-0.08448,NS,NS,Downregulated,0.0293012347830407,0.9982454964048935,1.46134e-88
STAT4,Heat_shock,0.91845683835151,0.03585671587620045,-0.09579,Upregulated,Upregulated,Downregulated,7.98862712231674e-6,0.0225419891159305,1.72882e-89
STAT4,LIF_removal_1h,0.0208451945566987,-0.020714800576218655,-0.0486,NS,NS,Downregulated,0.978707603082499,0.9967208797546465,6.13686e-72
STAT4,LIF_removal_3h,-0.587499901205921,-0.02460718058509543,-0.10734,NS,NS,Downregulated,0.090187071704227,0.9990609479484573,1.4657099999999997e-93
STAT4,LIF_removal_6h,-1.09570683005045,-0.017066518182547195,-0.11271,Downregulated,NS,Downregulated,4.97722776581374e-7,0.9900224097324921,3.8288399999999997e-101
STAT4,mNPC_differentiation,-1.77883271816159,0.07426701270315551,-0.01034,Downregulated,Upregulated,Downregulated,5.66035523054596e-10,3.812049182925422e-6,1.58179e-17
STAT4,TFCP2L1_knockdown,-0.467909174759118,-0.006961439232772027,-0.03665,NS,NS,Downregulated,0.0281064276558288,0.9451855424841861,1.60419e-57
STAT4,Forskolin_stimulation_NPC_24h,0.0211753078527711,-0.015421670968460033,0.07006,NS,NS,NS,0.967767970609754,0.9424753190497472,3.9145200000000005e-77
STAT4,Forskolin_stimulation_NPC_4h,1.49842723749598,-0.010254077083879033,0.03109,Upregulated,NS,NS,6.4547220511161095e-12,0.9932348525597723,8.485719999999999e-38
STAT4,Heat_shock_NPC,-0.0280268973255615,0.008344234733751968,0.24457,NS,NS,NS,0.923199569491425,0.6566124451880637,3.52714e-133
STAT6,Chiron_removal,NA,0.005850104654441171,-0.05381,NA,NS,Downregulated,NA,0.849032979238393,6.99177e-75
STAT6,FOXA1_overexpression,NA,0.029695657913972245,0.05814,NA,NS,NS,NA,0.8530722529158625,1.3357299999999998e-57
STAT6,LIF_removal_24h,NA,9.017818428914007e-4,-0.04491,NA,NS,Downregulated,NA,0.9643935030670072,4.57744e-69
STAT6,POU5F1_degradation,NA,-0.007014978662872569,-0.11577,NA,NS,Downregulated,NA,0.7237429626906746,5.582719999999999e-104
STAT6,SOX2_degradation,NA,0.010872446190103652,-0.1755,NA,NS,Downregulated,NA,0.5382537765211548,3.6529e-130
TCF7,Chiron_removal,-4.8340326888891,-0.14417683546375032,-0.32944,Downregulated,Downregulated,Downregulated,6.23725724900778e-13,1.3046162538499758e-7,2.47447e-151
TCF7,FOXA1_overexpression,-1.23843937134416,-0.0052050388183005735,0.08566,NS,NS,NS,0.102531993832312,0.5775547439282114,3.6935e-66
TCF7,LIF_removal_24h,-1.41231627533851,-0.041341930183197206,-0.11036,NS,NS,Downregulated,0.0706582714740318,0.09441060591238264,7.535469999999998e-104
TCF7,POU5F1_degradation,-0.327701387182957,-0.012791024539597465,-0.17047,NS,NS,Downregulated,0.379474281508501,0.5519563806111738,8.65531e-121
TCF7,SOX2_degradation,0.85739354346581,-0.04961394362332605,-0.24026,Upregulated,Downregulated,Downregulated,3.48989011190433e-5,0.011197003865139396,7.992079999999998e-141
TCF7,Serum,-1.95012383219417,-0.0872288036843506,-0.1793,Downregulated,Downregulated,Downregulated,2.83369895632544e-6,0.007295380044257668,1.3729799999999996e-116
TCF7,Forskolin,0.638597035135159,0.0069774102758762835,-0.05465,NS,NS,Downregulated,0.0898376754153211,0.9681364143246259,4.9643399999999995e-65
TCF7,Heat_shock,-0.420530158533612,-0.0567456824749337,-0.234,NS,Downregulated,Downregulated,0.117252990347268,0.024748371756012043,9.56548e-124
TCF7,LIF_removal_1h,-0.11122728560116,0.007856589604528688,-0.04694,NS,NS,Downregulated,0.932201579881635,0.9967208797546465,3.15921e-55
TCF7,LIF_removal_3h,-0.217303340877131,-0.03414018833680141,-0.10441,NS,NS,Downregulated,0.890857641398841,0.9990609479484573,1.57425e-91
TCF7,LIF_removal_6h,-0.413990012256799,-0.03935229147232687,-0.13189,NS,NS,Downregulated,0.535884472001341,0.8041679321957751,5.25353e-102
TCF7,mNPC_differentiation,-3.2424817686359,-0.20220481094971948,-0.27409,Downregulated,Downregulated,Downregulated,2.32256177291755e-8,3.7846041652997005e-10,2.7707799999999996e-140
TCF7,TFCP2L1_knockdown,0.298453885735701,-0.013014665536982228,-0.0018,NS,NS,NS,0.633293727882108,0.9451855424841861,0.0732246
TCF7,Forskolin_stimulation_NPC_24h,0.0357718109906932,0.013782637092337721,0.08244,NS,NS,NS,0.936450156163708,0.9667729220897776,2.1329599999999998e-71
TCF7,Forskolin_stimulation_NPC_4h,0.0885415920525758,0.0033430254614049415,0.09459,NS,NS,NS,0.579923882362956,0.9932348525597723,3.8694199999999995e-71
TCF7,Heat_shock_NPC,-0.3898732218097,0.007328954739009047,0.29435,NS,NS,NS,0.0895815601784258,0.8323386952540499,4.54358e-126
TCF7L2,Chiron_removal,-5.37088665755194,-0.1469341331515297,-0.36237,Downregulated,Downregulated,Downregulated,0.00169839342902536,4.804198475699021e-7,4.100659999999999e-157
TCF7L2,FOXA1_overexpression,-1.03565945265409,0.008101588652589184,0.08521,NS,NS,NS,0.90610426059522,0.6692220437713786,4.8708600000000007e-76
TCF7L2,LIF_removal_24h,-0.103087014923098,-0.040094392902943386,-0.12805,NS,NS,Downregulated,0.988405941782305,0.16655427090323313,1.0225599999999999e-117
TCF7L2,POU5F1_degradation,-0.266132803176012,-0.027896024557676233,-0.17717,NS,NS,Downregulated,0.886117861662768,0.2104860333946366,1.5510599999999999e-130
TCF7L2,SOX2_degradation,-0.724933436517397,-0.083609117601113,-0.31558,NS,Downregulated,Downregulated,0.642262773266044,3.914341754368403e-4,3.2880499999999995e-155
TCF7L2,Serum,-1.75352279931912,-0.0828277918958833,-0.18643,Downregulated,Downregulated,Downregulated,1.4092619074041e-4,0.03304526173201026,2.46536e-132
TCF7L2,Forskolin,0.960469846763945,0.013978570047560042,-0.03469,NS,NS,Downregulated,0.0126044405535822,0.9681364143246259,8.343149999999999e-54
TCF7L2,Heat_shock,-0.12159149362882,-0.05546652540332597,-0.23379,NS,NS,Downregulated,0.697880665263242,0.055164923432977776,3.774759999999999e-130
TCF7L2,LIF_removal_1h,-0.179994885925241,0.011706239565811342,-0.02021,NS,NS,Downregulated,0.932201579881635,0.9967208797546465,1.8349499999999998e-34
TCF7L2,LIF_removal_3h,0.143067465847657,-0.029247649739401412,-0.09641,NS,NS,Downregulated,0.941411719001189,0.9990609479484573,2.4397999999999997e-87
TCF7L2,LIF_removal_6h,-0.127212151071401,-0.04211905558597839,-0.12027,NS,NS,Downregulated,0.847685360720486,0.8041679321957751,1.18013e-99
TCF7L2,mNPC_differentiation,-3.68711304140065,-0.1813863946284495,-0.3239,Downregulated,Downregulated,Downregulated,4.91984430183066e-9,3.2942384420964894e-8,6.927289999999999e-149
TCF7L2,TFCP2L1_knockdown,0.382288554341904,-0.012553503555922788,0.0051,NS,NS,NS,0.596580434937832,0.9451855424841861,1.52322e-7
TCF7L2,Forskolin_stimulation_NPC_24h,0.125345014016192,0.00321601884915515,0.0716,NS,NS,NS,0.857188087274161,0.9667729220897776,2.89583e-79
TCF7L2,Forskolin_stimulation_NPC_4h,-0.246004989779166,-0.0016531372365139463,0.03702,NS,NS,NS,0.204211454153631,0.9932348525597723,4.7680699999999995e-42
TCF7L2,Heat_shock_NPC,0.318610689251349,0.021098416449319646,0.33399,NS,NS,NS,0.170367716454755,0.531180591901544,1.5075999999999999e-136
TEAD1,Chiron_removal,0.44991329193077,0.03579608436639779,-0.01534,NS,NS,Downregulated,0.0120953255215188,0.5213901931117476,1.94779e-39
TEAD1,FOXA1_overexpression,0.221789567379107,0.050953074687843,0.13745,NS,NS,NS,0.922631756910257,0.16802400213425228,5.60928e-95
TEAD1,LIF_removal_24h,0.328192448372901,-0.0052941035720064575,-0.0834,NS,NS,Downregulated,0.0759906103193245,0.9246026110448676,5.317869999999999e-96
TEAD1,POU5F1_degradation,0.969316337492324,0.06541082027360587,0.02989,NS,Upregulated,NS,0.0150055251590282,0.02213550050190645,6.6185699999999994e-49
TEAD1,SOX2_degradation,0.348177366035264,0.1012982396112138,0.12951,NS,Upregulated,NS,0.0755267001837405,5.241398685455654e-4,1.7587499999999997e-113
TEAD1,Serum,0.89835091563775,0.0635993445199628,0.10811,Upregulated,NS,NS,1.41111044104366e-6,0.22697685449704522,1.5047499999999996e-98
TEAD1,Forskolin,-0.786391568590037,-0.061975024739871126,-0.22372,Downregulated,NS,Downregulated,1.6772291745881e-4,0.600464409669548,9.5081e-129
TEAD1,Heat_shock,-0.574373719811601,0.12074683868306547,0.00775,Downregulated,Upregulated,NS,0.00144022120745189,0.0012972890417545834,2.40528e-4
TEAD1,LIF_removal_1h,-0.0738517233037413,0.033515974444640696,0.07547,NS,NS,NS,0.932201579881635,0.9967208797546465,1.1587499999999999e-78
TEAD1,LIF_removal_3h,0.169684028747148,0.011273442850078263,-0.01258,NS,NS,Downregulated,0.794304778765172,0.9990609479484573,5.14644e-16
TEAD1,LIF_removal_6h,0.0711137119076069,0.0021681902961043636,-0.06253,NS,NS,Downregulated,0.789676869403813,0.9972264321673686,3.04508e-73
TEAD1,mNPC_differentiation,-3.0570314075994802,-0.05174737451962581,-0.15183,Downregulated,NS,Downregulated,4.27874682571484e-13,0.09105902053683715,2.1612699999999996e-115
TEAD1,TFCP2L1_knockdown,-0.124956836108676,-0.015189107323892156,-0.04983,NS,NS,Downregulated,0.633293727882108,0.9451855424841861,1.0945799999999998e-65
TEAD1,Forskolin_stimulation_NPC_24h,-0.0308629408212682,0.009160559402984297,0.13871,NS,NS,NS,0.965000273251361,0.9667729220897776,2.0525e-96
TEAD1,Forskolin_stimulation_NPC_4h,0.0615205915183935,-0.01796849542635677,0.0394,NS,NS,NS,0.768410610492384,0.9932348525597723,1.5487099999999999e-37
TEAD1,Heat_shock_NPC,-0.315306779385917,-0.02812525877937261,0.15467,NS,NS,NS,0.122571616226373,0.4620357939128536,3.2487099999999996e-103
TFAP2A,Chiron_removal,0.0988127413515438,-0.014849826383904153,-0.07884,NS,NS,Downregulated,0.908130000950612,0.61443629483598206,2.8489300000000003e-88
TFAP2A,FOXA1_overexpression,-0.430810921892211,0.015774361045741314,-0.03035,NS,NS,Downregulated,0.92869572764428,0.7117911894224829,2.6914399999999997e-20
TFAP2A,LIF_removal_24h,0.190082548796161,-0.02702683029706486,-0.13083,NS,NS,Downregulated,0.826324614279522,0.1731041525083112,5.769859999999999e-109
TFAP2A,POU5F1_degradation,0.358313743671077,0.08215482271197498,0.46394,NS,Upregulated,NS,0.581505840282649,1.0406500647112954e-5,1.6707499999999998e-165
TFAP2A,SOX2_degradation,-0.234028379249181,-0.008981699594143362,0.10093,NS,NS,NS,0.709825190908595,0.5744292533110578,3.2009899999999998e-96
TFAP2A,Serum,-0.152747827855487,-0.010435142115898266,0.05549,NS,NS,NS,0.576322519607054,0.8708738109832502,1.4628599999999998e-66
TFAP2A,Forskolin,-0.185785494858701,-0.0016563895254731453,0.10176,NS,NS,NS,0.5922124178643,0.9982454964048935,6.814449999999999e-86
TFAP2A,Heat_shock,0.143930914782434,0.02237125928667258,0.12389,NS,NS,NS,0.426608550637974,0.27886790923652327,4.14225e-99
TFAP2A,LIF_removal_1h,0.0983908902680911,-6.40851526984565e-5,0.04408,NS,NS,NS,0.932201579881635,0.9967208797546465,6.31217e-50
TFAP2A,LIF_removal_3h,0.0562834826204842,0.0033207768285285974,0.07083,NS,NS,NS,0.948797978487585,0.9990609479484573,3.67695e-71
TFAP2A,LIF_removal_6h,0.122277908311111,-0.0072421532559503645,0.00432,NS,NS,NS,0.749257493520019,0.9972264321673686,0.0296847
TFAP2A,mNPC_differentiation,-0.0264666830053169,-0.002233735957792405,0.02015,NS,NS,NS,0.923396397860342,0.9041984630641725,5.96018e-37
TFAP2A,TFCP2L1_knockdown,0.00412575376318018,-8.939198949599204e-4,0.01635,NS,NS,NS,0.995887257620177,0.9844654444247022,2.06146e-26
TFAP2A,Forskolin_stimulation_NPC_24h,-0.0161844577012958,-0.0035086935713838988,-0.03519,NS,NS,Downregulated,0.967767970609754,0.9667729220897776,1.117e-35
TFAP2A,Forskolin_stimulation_NPC_4h,-0.0689934474444646,-0.006975456220454049,0.01548,NS,NS,NS,0.725365828791721,0.9932348525597723,1.7879e-12
TFAP2A,Heat_shock_NPC,0.334731823378477,0.010338641502876915,-0.13597,NS,NS,Downregulated,0.120594136324482,0.5265583162676437,5.0503e-95
TFCP2L1,Chiron_removal,0.0705978772636923,-0.08228035226418001,-0.29717,NS,Downregulated,Downregulated,0.924470134583865,4.804198475699021e-7,9.624929999999999e-127
TFCP2L1,FOXA1_overexpression,-1.44786512319763,-0.029018310672265943,0.02155,NS,NS,NS,0.777623211132242,0.2866404198079901,2.65816e-7
TFCP2L1,LIF_removal_24h,-0.246130999752674,-0.06229400154420524,-0.23323,NS,Downregulated,Downregulated,0.785376171246892,5.512635595181867e-4,1.14723e-121
TFCP2L1,POU5F1_degradation,-0.545839316278482,-0.029721215557516743,-0.12461,NS,Downregulated,Downregulated,0.580987176146907,0.02213550050190645,1.56858e-90
TFCP2L1,SOX2_degradation,-0.393135436447547,0.09523039272160369,0.19618,NS,Upregulated,NS,0.449560734760432,1.8727145247182732e-8,3.574509999999999e-116
TFCP2L1,Serum,-0.158027989309769,-0.031093783460313378,-0.07475,NS,NS,Downregulated,0.567501281438118,0.17846571111885282,4.06603e-68
TFCP2L1,Forskolin,-0.236122148038902,0.023601382140136185,0.04825,NS,NS,NS,0.410277691344872,0.67589823935099,3.4099999999999998e-43
TFCP2L1,Heat_shock,-0.811022849231937,-0.13237756798689138,-0.33127,Downregulated,Downregulated,Downregulated,4.731667977112e-4,1.6907035497170565e-9,9.21331e-124
TFCP2L1,LIF_removal_1h,-0.393701810081147,0.005994409376150069,-0.00989,NS,NS,Downregulated,0.923016082670136,0.9967208797546465,3.1983e-4
TFCP2L1,LIF_removal_3h,-0.155173264235078,-9.299772729226552e-5,-0.01063,NS,NS,Downregulated,0.86802305667349,0.9990609479484573,2.54587e-9
TFCP2L1,LIF_removal_6h,-0.0929078654524608,-0.003340491233366204,-0.04113,NS,NS,Downregulated,0.789676869403813,0.9972264321673686,5.72633e-40
TFCP2L1,mNPC_differentiation,-2.42599330831023,-0.14924459103775328,-0.34018,Downregulated,Downregulated,Downregulated,1.8829101844133e-9,2.4662269955645768e-11,3.76134e-134
TFCP2L1,TFCP2L1_knockdown,-1.39610185063586,-0.10364439875463001,-0.35757,Downregulated,Downregulated,Downregulated,1.95123892302064e-6,8.311007267971029e-7,2.56826e-125
TFCP2L1,Forskolin_stimulation_NPC_24h,-0.177959276463256,0.014479102081884188,0.06047,NS,NS,NS,0.763458905507052,0.9667729220897776,3.2294299999999996e-40
TFCP2L1,Forskolin_stimulation_NPC_4h,-0.15728550354504,0.006985296998523738,0.00534,NS,NS,NS,0.383299447820336,0.9932348525597723,0.302594
TFCP2L1,Heat_shock_NPC,-0.0400476898877533,-0.021102765778984067,-0.0854,NS,NS,Downregulated,0.894124115945293,0.5210567135422827,1.16922e-57
TFEB,Chiron_removal,-0.342080484655405,-0.027093682268466195,-0.183,NS,NS,Downregulated,0.464339361893362,0.5682053278449876,3.59113e-115
TFEB,FOXA1_overexpression,-0.700752267368696,0.04311376108363439,-0.04513,NS,NS,Downregulated,0.789720059729306,0.9647565003951759,1.7492799999999998e-31
TFEB,LIF_removal_24h,-0.0783318228584994,-0.024452358669630785,-0.13524,NS,NS,Downregulated,0.869798620403248,0.47453017824735927,2.0924e-106
TFEB,POU5F1_degradation,0.16909120027259,0.04078612506071688,0.07269,NS,NS,NS,0.696579722481535,0.09053725265793292,9.67415e-78
TFEB,SOX2_degradation,0.25900517870597,0.055686316297205586,0.12399,NS,Upregulated,NS,0.314476333054412,0.01944724167543593,3.50998e-97
TFEB,Serum,-0.219332033897067,-0.015687915462129713,-0.00856,NS,NS,Downregulated,0.202568371480329,0.8951261095962638,5.54494e-8
TFEB,Forskolin,0.657697506107946,0.03154441188119779,0.06336,Upregulated,NS,NS,9.52588663399839e-5,0.8015285467688589,7.46624e-63
TFEB,Heat_shock,0.207933453889898,0.13921779740650378,0.18755,NS,Upregulated,NS,0.128692466197378,5.2002002286016484e-5,2.7702399999999994e-104
TFEB,LIF_removal_1h,-0.0424855952101043,0.0029527512469221286,0.01198,NS,NS,NS,0.974078750991532,0.9967208797546465,4.58556e-14
TFEB,LIF_removal_3h,0.023634884186375,2.915974861414372e-5,-0.05286,NS,NS,Downregulated,0.971859608156162,0.9990609479484573,1.37259e-53
TFEB,LIF_removal_6h,0.116580630336683,-0.002161252199971598,-0.05849,NS,NS,Downregulated,0.630035505224103,0.9972264321673686,1.5228999999999998e-59
TFEB,mNPC_differentiation,-0.465279726353793,-0.05813897613648261,-0.09841,NS,Downregulated,Downregulated,0.0111585100807568,0.03307113839902677,3.35452e-82
TFEB,TFCP2L1_knockdown,0.134218989484355,0.006626404606125047,0.01675,NS,NS,NS,0.497919754744324,0.963724134899497,1.43242e-16
TFEB,Forskolin_stimulation_NPC_24h,0.272094907795484,0.004162710532511875,-0.00378,NS,NS,NS,0.322739632306346,0.9667729220897776,0.113366
TFEB,Forskolin_stimulation_NPC_4h,-0.209320624269816,-0.007526507191647665,-0.02908,NS,NS,Downregulated,0.0110885092525567,0.9932348525597723,1.69886e-27
TFEB,Heat_shock_NPC,-0.930961675923804,0.09051615680088122,0.10741,Downregulated,Upregulated,NS,3.38299407530095e-5,0.001726747089935641,4.9633299999999997e-79
THRA,Chiron_removal,-0.110668103228354,-0.009724187939643495,-0.02942,NS,NS,Downregulated,0.908130000950612,0.624823844522862,1.10937e-27
THRA,FOXA1_overexpression,1.58731430492546,0.016140326452420476,0.15019,NS,NS,NS,0.705293673547243,0.5195170205612809,2.68507e-65
THRA,LIF_removal_24h,0.281399287268253,-0.029020294793128724,-0.06064,NS,Downregulated,Downregulated,0.824105336145308,0.04192421006958389,2.02059e-58
THRA,POU5F1_degradation,0.0877637277111679,0.009515893755568414,0.01264,NS,NS,NS,0.939042585085944,0.42804920779459155,9.20174e-11
THRA,SOX2_degradation,0.504253804493625,0.027742737522560505,0.06296,NS,Upregulated,NS,0.517695656537174,0.013146629116923811,1.1587100000000002e-56
THRA,Serum,-0.0010417036708585,-0.007797795309657866,-0.03116,NS,NS,Downregulated,0.998980054615421,0.8708738109832502,1.69071e-30
THRA,Forskolin,0.635504486423505,-3.5504557693784647e-4,-0.00222,Upregulated,NS,NS,0.00131145254789763,0.9982454964048935,0.0869826
THRA,Heat_shock,0.682270619064637,0.024087389407225136,0.01226,Upregulated,NS,NS,1.30568050594598e-5,0.10068166587160184,3.86585e-13
THRA,LIF_removal_1h,-0.344049480168572,0.0025647666989687887,-0.06177,NS,NS,Downregulated,0.856605853241138,0.9967208797546465,1.70435e-48
THRA,LIF_removal_3h,-0.0773060120608895,-0.00741016828722427,-0.04474,NS,NS,Downregulated,0.910647543770054,0.9990609479484573,2.75933e-31
THRA,LIF_removal_6h,0.147652997318378,-0.0015237295802509728,-0.03355,NS,NS,Downregulated,0.585474944051297,0.9972264321673686,3.52123e-27
THRA,mNPC_differentiation,0.198287218309101,-0.025322651870988977,-0.08925,NS,Downregulated,Downregulated,0.222936517251534,0.045078107222377685,1.57347e-71
THRA,TFCP2L1_knockdown,-0.0171031092801844,-0.004035411242465101,-0.01404,NS,NS,Downregulated,0.950884552876781,0.963724134899497,5.87373e-15
THRA,Forskolin_stimulation_NPC_24h,0.160874068530496,0.004675549775020035,0.0469,NS,NS,NS,0.763458905507052,0.9667729220897776,3.6941399999999997e-37
THRA,Forskolin_stimulation_NPC_4h,0.359797821972356,0.009782103374514593,0.05309,NS,NS,NS,0.0455768067176258,0.9002477129659247,1.96522e-38
THRA,Heat_shock_NPC,-0.00756316104930675,-0.0029058389869108213,0.05103,NS,NS,NS,0.989179139428334,0.8388139592063348,9.73862e-38
THRB,Chiron_removal,-0.127427075142286,-0.012050080808290165,-0.0674,NS,NS,Downregulated,0.908130000950612,0.624823844522862,2.82659e-62
THRB,LIF_removal_24h,-1.14314446088744,-0.04082520652935559,-0.04794,NS,Downregulated,Downregulated,0.178418581816849,0.020627498123460746,4.72169e-54
THRB,POU5F1_degradation,0.39078735304085,0.02740120787569002,-0.00166,NS,NS,NS,0.663228551541711,0.05051855025828066,0.534507
THRB,SOX2_degradation,0.64640457062996,0.03671516978592536,0.01901,NS,Upregulated,NS,0.549510780368552,0.007784198274216011,1.9983599999999997e-28
THRB,Serum,0.291042761424429,-0.022212340044625963,-0.00992,NS,NS,Downregulated,0.18266794053754,0.5735095287122544,8.03785e-8
THRB,Forskolin,0.632255691544971,-0.012670731849930731,-0.0376,Upregulated,NS,Downregulated,0.00171011653668499,0.8351111067758511,1.12519e-35
THRB,FOXA1_overexpression,-0.256921632204922,-0.03762299019156414,0.01572,NS,NS,NS,0.92869572764428,0.8813893490917688,4.9314e-5
THRB,Heat_shock,0.522253861118355,0.030996569442505045,-0.00414,Upregulated,NS,Downregulated,0.00630159153581901,0.08005616158045405,0.00760648
THRB,LIF_removal_1h,-0.145479753947922,-0.012218861820089676,-0.00194,NS,NS,Downregulated,0.932201579881635,0.9967208797546465,0.0231798
THRB,LIF_removal_3h,0.2162087227533,-0.009056805231125566,8.6e-4,NS,NS,NS,0.86802305667349,0.9990609479484573,0.311215
THRB,LIF_removal_6h,0.0892279877739845,-0.011514746790164431,-0.04164,NS,NS,Downregulated,0.789676869403813,0.9972264321673686,4.9119e-36
THRB,mNPC_differentiation,0.765006507716344,-0.04918732664984188,-0.14543,Upregulated,Downregulated,Downregulated,0.00145086381734681,0.0021049170788919273,1.31284e-101
THRB,TFCP2L1_knockdown,-0.238292648893627,-0.021772594207487624,-0.05165,NS,NS,Downregulated,0.407557745794002,0.9451855424841861,1.36972e-50
THRB,Forskolin_stimulation_NPC_24h,1.62461438592123,0.002070480407513474,-0.00392,Upregulated,NS,Downregulated,4.530710050514e-4,0.9667729220897776,0.00865529
THRB,Forskolin_stimulation_NPC_4h,0.849252189362671,-0.01766028705520207,-0.02428,NS,NS,Downregulated,0.0362310599848343,0.6950698795053087,1.47666e-16
THRB,Heat_shock_NPC,0.874945241454115,-0.00701670904983849,-0.06371,Upregulated,NS,Downregulated,6.6570514342758e-4,0.7426651529889062,1.62965e-47
TP53,Chiron_removal,0.349453234417828,0.008462325936943026,-0.00696,NS,NS,Downregulated,0.285631010498879,0.7530667305908444,5.70271e-7
TP53,FOXA1_overexpression,0.262502513311896,0.0032658990581317703,0.03368,NS,NS,NS,0.923104213148729,0.7892016350142783,1.49485e-24
TP53,LIF_removal_24h,0.397817875611515,-0.007039281008479193,-0.00847,NS,NS,Downregulated,0.178418581816849,0.8216880819672066,1.82886e-9
TP53,POU5F1_degradation,0.0674572793725733,0.021839817363242642,-0.03181,NS,NS,Downregulated,0.939042585085944,0.17135524362901908,3.41083e-43
TP53,SOX2_degradation,-0.0617191849665405,0.025506457630217402,0.03088,NS,NS,NS,0.799038140005914,0.10471738558407023,1.2923099999999999e-45
TP53,Serum,-0.182221316403556,0.0023454717171185035,0.00317,NS,NS,NS,0.694136540820033,0.9628366525771274,0.355991
TP53,Forskolin,0.208712352117067,-0.011781802895289323,-0.02273,NS,NS,Downregulated,0.606340217168693,0.9681364143246259,2.35925e-25
TP53,Heat_shock,-1.40651813637158,-0.009056625323636993,-0.03111,Downregulated,NS,Downregulated,4.73084299657819e-5,0.7163192226428854,3.05942e-37
TP53,LIF_removal_1h,-0.27030714521865,0.0012006929788927305,-0.01015,NS,NS,Downregulated,0.923016082670136,0.9967208797546465,2.08475e-4
TP53,LIF_removal_3h,-0.194655011663632,0.006927165289546285,-0.02625,NS,NS,Downregulated,0.890857641398841,0.9990609479484573,5.22004e-21
TP53,LIF_removal_6h,0.0171755537233314,0.008984132345504272,-0.01771,NS,NS,Downregulated,0.973286817510173,0.9972264321673686,1.1294e-15
TP53,mNPC_differentiation,-2.29514021826966,-0.041935869587441645,0.03437,Downregulated,Downregulated,NS,1.86488276555122e-7,0.02039605378233441,8.68951e-47
TP53,TFCP2L1_knockdown,0.0806492217877257,-2.360849928603366e-4,-0.03093,NS,NS,Downregulated,0.897469053982489,0.9921339521533115,1.65435e-32
TP53,Forskolin_stimulation_NPC_24h,0.147506796735887,0.004801071959383788,0.1125,NS,NS,NS,0.763458905507052,0.9667729220897776,2.72953e-89
TP53,Forskolin_stimulation_NPC_4h,-0.151940526612241,0.016263114443609634,0.05117,NS,NS,NS,0.299872279800305,0.6903964526181828,1.4044399999999998e-45
TP53,Heat_shock_NPC,-0.842368526685451,-0.009014104505526022,0.0249,Downregulated,NS,NS,4.16597828004946e-5,0.6037053018710141,1.5082000000000001e-24
VDR::RXRA,Chiron_removal,-0.470621327207605,-0.006807857200036252,-0.03601,NS,NS,Downregulated,0.550477375054268,0.61443629483598206,1.38188e-48
VDR::RXRA,FOXA1_overexpression,-0.770016009919399,0.0250997082849116,0.05395,NS,NS,NS,0.789720059729306,0.09862780951980517,4.35437e-45
VDR::RXRA,LIF_removal_24h,0.0413099478521542,-0.018203990020843545,-0.06888,NS,Downregulated,Downregulated,0.988405941782305,0.039661033315086795,6.08725e-78
VDR::RXRA,POU5F1_degradation,-0.460581495751795,0.00699370010058459,-0.01897,NS,NS,Downregulated,0.580987176146907,0.3321286274867608,6.96176e-33
VDR::RXRA,SOX2_degradation,-0.332880530586229,-0.013264298655016628,-0.0894,NS,NS,Downregulated,0.614608552968505,0.050444893377280677,1.58701e-82
VDR::RXRA,Serum,-0.253681144872118,-0.01481687633732159,-0.04887,NS,NS,Downregulated,0.195894564889422,0.2743076612318589,2.39989e-56
VDR::RXRA,Forskolin,-0.369608199592917,0.004751474796728425,-0.03535,NS,NS,Downregulated,0.0836770295094799,0.9681364143246259,1.1235899999999999e-42
VDR::RXRA,Heat_shock,-0.0402818528678642,0.02805770031974624,-0.01659,NS,Upregulated,Downregulated,0.822890409590098,0.00204634320146718,3.02707e-15
VDR::RXRA,LIF_removal_1h,-0.732948961290337,0.010545261729331042,-0.02126,NS,NS,Downregulated,0.574158068506998,0.9967208797546465,5.88647e-19
VDR::RXRA,LIF_removal_3h,0.00736872291893306,-0.01344266306816036,-0.05536,NS,NS,Downregulated,0.984763658191153,0.9990609479484573,5.4531e-57
VDR::RXRA,LIF_removal_6h,0.0925613083591019,-0.010686037207569738,-0.08047,NS,NS,Downregulated,0.789676869403813,0.9900224097324921,3.0403299999999996e-69
VDR::RXRA,mNPC_differentiation,0.063148137758154,-0.1394098155674754,-0.2752,NS,Downregulated,Downregulated,0.715489708517325,2.721787358697891e-16,1.53799e-131
VDR::RXRA,TFCP2L1_knockdown,0.129950077934537,-0.00711466247225376,-0.05681,NS,NS,Downregulated,0.653842661224964,0.9451855424841861,2.72187e-60
VDR::RXRA,Forskolin_stimulation_NPC_24h,-0.0904118342652557,0.007864613804277082,0.05308,NS,NS,NS,0.936313341342127,0.9667729220897776,1.30578e-48
VDR::RXRA,Forskolin_stimulation_NPC_4h,-0.051742935188636,1.124353911590853e-4,0.02645,NS,NS,NS,0.798057737703553,0.9932348525597723,2.21953e-18
VDR::RXRA,Heat_shock_NPC,-0.0820396471411406,-0.011080588424224144,0.03402,NS,NS,NS,0.737279681519599,0.5713249139876041,5.4366200000000004e-33
WT1,Chiron_removal,0.363439003373035,0.015856874146421965,0.06203,NS,NS,NS,0.456775331809384,0.26412399151909105,9.156819999999999e-85
WT1,FOXA1_overexpression,0.562245134760632,0.0026162224013957652,-0.10941,NS,NS,Downregulated,0.797866376144013,0.5775547439282114,7.338959999999999e-84
WT1,LIF_removal_24h,0.0454668400444277,0.01116451096697983,0.03646,NS,NS,NS,0.97385159338697,0.3666149529215206,3.4162300000000005e-67
WT1,POU5F1_degradation,-0.154529475388806,-0.016349352202873296,0.07638,NS,NS,NS,0.813704028138571,0.07772137817025734,1.58582e-87
WT1,SOX2_degradation,-0.986053470578571,-0.04136946275112793,-0.02009,Downregulated,Downregulated,Downregulated,6.8127819144044e-4,7.090762718795319e-5,4.48255e-37
WT1,Serum,0.991160961409231,0.008481758212536706,0.05235,Upregulated,NS,NS,2.8062105808355e-5,0.8552617658543936,4.83737e-73
WT1,Forskolin,-0.274291965262008,-0.010849095875390128,0.02014,NS,NS,NS,0.253076174893608,0.8015285467688589,1.05537e-34
WT1,Heat_shock,0.0232948580222594,0.021770942775809442,0.08594,NS,NS,NS,0.894535837508534,0.06859768998390657,6.43565e-87
WT1,LIF_removal_1h,0.127493714233605,0.014329593876502617,0.06232,NS,NS,NS,0.932201579881635,0.9967208797546465,3.40433e-75
WT1,LIF_removal_3h,0.0668609261189924,0.0016102860944548227,0.06049,NS,NS,NS,0.941411719001189,0.9990609479484573,3.40966e-69
WT1,LIF_removal_6h,0.142883817445393,-0.002341547593736163,0.05591,NS,NS,NS,0.638265149569028,0.9972264321673686,6.41215e-65
WT1,mNPC_differentiation,-0.257253514240274,-0.011704511358981722,-0.06477,NS,NS,Downregulated,0.235628351391489,0.24845774184928066,2.74573e-83
WT1,TFCP2L1_knockdown,0.169699966975716,-0.00966796287248312,-0.00831,NS,NS,Downregulated,0.553072105451196,0.9451855424841861,4.69358e-10
WT1,Forskolin_stimulation_NPC_24h,0.123895615446206,0.002673373488314656,-0.03257,NS,NS,Downregulated,0.936313341342127,0.9667729220897776,6.569139999999999e-45
WT1,Forskolin_stimulation_NPC_4h,0.277003253537491,0.0030858819607639462,0.00176,NS,NS,NS,0.303350380950663,0.9932348525597723,0.478845
WT1,Heat_shock_NPC,0.684832251286803,0.024451183669129538,-0.12763,NS,Upregulated,Downregulated,0.0371363496888587,0.03349195237083895,2.08311e-100
XBP1,Chiron_removal,-0.150338173342602,0.009187659978434303,-0.03345,NS,NS,Downregulated,0.843494006530403,0.7113708224802776,3.71797e-27
XBP1,FOXA1_overexpression,0.20057097704917,0.053407167164640425,0.00467,NS,NS,NS,0.922631756910257,0.18858150492632292,0.780726
XBP1,LIF_removal_24h,0.229930482989254,0.009594831040109613,-0.07314,NS,NS,Downregulated,0.737549020973475,0.6725064295491626,4.8123500000000004e-61
XBP1,POU5F1_degradation,1.04108414586535,0.033154777054400536,0.20204,Upregulated,Upregulated,NS,0.00736072026864648,0.020650322059134578,9.906169999999999e-101
XBP1,SOX2_degradation,0.141393415899581,0.06364538225980543,0.19132,NS,Upregulated,NS,0.59398995209217,4.827902084838059e-5,1.03943e-94
XBP1,Serum,-0.0319018543444198,0.01678628172594493,0.03049,NS,NS,NS,0.79170321070972,0.7703495659110506,1.95335e-21
XBP1,Forskolin,0.379662799217123,0.035840348720090544,0.02336,Upregulated,NS,NS,0.00767605415899922,0.3960255728694819,2.6933e-12
XBP1,Heat_shock,-0.38742421704607,0.041115214454938084,0.10132,NS,Upregulated,NS,0.0141732151024402,0.021405352709961595,4.8538099999999996e-57
XBP1,LIF_removal_1h,-0.12297046021074,0.004658839970816956,7e-4,NS,NS,NS,0.923016082670136,0.9967208797546465,0.106318
XBP1,LIF_removal_3h,0.0131404487129971,0.0018905365568268467,0.0183,NS,NS,NS,0.984763658191153,0.9990609479484573,6.82305e-12
XBP1,LIF_removal_6h,-0.0194336920105263,0.00328816094517383,-0.01424,NS,NS,Downregulated,0.901840921210465,0.9972264321673686,1.56758e-5
XBP1,mNPC_differentiation,-0.297635544655586,0.06001999171800967,0.08257,NS,Upregulated,NS,0.0305580954253265,3.204089016592078e-4,8.19543e-55
XBP1,TFCP2L1_knockdown,0.378698828779245,0.004393453980194601,0.02513,NS,NS,NS,0.0209175641196253,0.963724134899497,6.99737e-20
XBP1,Forskolin_stimulation_NPC_24h,0.698090463726211,0.014383440513441495,-0.02529,Upregulated,NS,Downregulated,5.32155958103829e-5,0.9424753190497472,6.64308e-19
XBP1,Forskolin_stimulation_NPC_4h,0.810439358286327,0.03202201280355046,0.0178,Upregulated,NS,NS,1.053210528721e-5,0.11801252524171583,6.30294e-7
XBP1,Heat_shock_NPC,-0.429956722700351,0.011765245407877968,-0.15489,NS,NS,Downregulated,0.0461795584910942,0.5210567135422827,1.56552e-77
ZFP42,Chiron_removal,0.00721622542382296,0.013839019763124348,-0.0234,NS,NS,Downregulated,0.988247713212632,0.61443629483598206,1.19947e-37
ZFP42,FOXA1_overexpression,0.440088863370854,0.055504221071269635,-0.044,NS,NS,Downregulated,0.922631756910257,0.47834243610031113,6.43739e-37
ZFP42,LIF_removal_24h,0.22120715800908,0.05165814483552881,0.05885,NS,Upregulated,NS,0.682813233196246,0.006231334989688779,1.45435e-74
ZFP42,POU5F1_degradation,-0.549229985987253,0.034416677762190595,0.0093,NS,Upregulated,NS,0.296066666602025,0.020031376533946044,7.93341e-9
ZFP42,SOX2_degradation,-0.173788474312493,0.029327252381791607,0.06161,NS,Upregulated,NS,0.675036862688785,0.034945663551418094,1.41723e-71
ZFP42,Serum,0.0401388970273316,0.004520129248821312,0.02878,NS,NS,NS,0.877737031336357,0.9517175066834885,6.42443e-37
ZFP42,Forskolin,-0.262339912821213,0.001460059207343694,-0.01005,NS,NS,Downregulated,0.253076174893608,0.9982454964048935,1.19114e-9
ZFP42,Heat_shock,0.60646074897356,-0.04399280442885761,-0.07415,Upregulated,Downregulated,Downregulated,4.8098967145167e-4,0.017205942255043696,1.92835e-74
ZFP42,LIF_removal_1h,0.210750183831446,-0.009976335628295006,-0.01916,NS,NS,Downregulated,0.918319072311947,0.9967208797546465,1.66118e-21
ZFP42,LIF_removal_3h,0.228351738121215,-0.005467414442324334,-0.00701,NS,NS,Downregulated,0.672542266954426,0.9990609479484573,1.68274e-7
ZFP42,LIF_removal_6h,0.167076356190844,-8.919929864736088e-4,-0.0182,NS,NS,Downregulated,0.587914025556574,0.9972264321673686,8.25002e-22
ZFP42,mNPC_differentiation,0.608522968434905,0.0012670619170291955,0.02657,Upregulated,NS,NS,0.00746305465843373,0.9302834456645818,2.38044e-37
ZFP42,TFCP2L1_knockdown,0.335563162953824,0.011681742874267393,0.02739,NS,NS,NS,0.263584646905987,0.9451855424841861,7.89477e-38
ZFP42,Forskolin_stimulation_NPC_24h,0.125932177524826,-0.012541558959118675,-0.01636,NS,NS,Downregulated,0.936313341342127,0.9424753190497472,3.1684999999999997e-21
ZFP42,Forskolin_stimulation_NPC_4h,0.138890546980579,-0.007312440880425142,-0.01111,NS,NS,Downregulated,0.572154100169232,0.9932348525597723,3.15969e-6
ZFP42,Heat_shock_NPC,0.267065363350756,-0.009734152437981893,-0.00475,NS,NS,Downregulated,0.31463623753435,0.5210567135422827,4.34764e-5
ZFX,Chiron_removal,0.227534303415909,0.015728228888803843,-0.0917,NS,NS,Downregulated,0.369237790782743,0.61443629483598206,8.13657e-91
ZFX,Serum,-0.00937745067074491,-0.0052828307868093335,0.00838,NS,NS,NS,0.976831826666513,0.9517175066834885,1.35626e-9
ZFX,Forskolin,-0.153236725629095,-0.007009700878790189,-0.08117,NS,NS,Downregulated,0.5922124178643,0.9681364143246259,4.47186e-71
ZFX,FOXA1_overexpression,0.805796415698402,0.06659820725750892,0.10298,NS,NS,NS,0.421065485740562,0.5497097081288895,2.7609100000000003e-67
ZFX,Heat_shock,0.268183879095401,-0.0017514398666446155,-0.01468,NS,NS,Downregulated,0.0897501807771638,0.9745901527679885,1.03203e-14
ZFX,LIF_removal_1h,0.147219637643957,-0.007901665200343732,0.02782,NS,NS,NS,0.923016082670136,0.9967208797546465,8.797349999999999e-32
ZFX,LIF_removal_24h,0.0952198989074506,0.002895108058754994,-0.19251,NS,NS,Downregulated,0.785376171246892,0.9246026110448676,4.18935e-131
ZFX,LIF_removal_3h,0.134714599504206,-0.011953904071635534,-0.0385,NS,NS,Downregulated,0.86802305667349,0.9990609479484573,3.50521e-41
ZFX,LIF_removal_6h,0.154737045504148,-0.004776641625322597,-0.07209,NS,NS,Downregulated,0.630035505224103,0.9972264321673686,1.8568099999999998e-65
ZFX,mNPC_differentiation,-0.0540926300781449,0.001427074138261329,-0.28641,NS,NS,Downregulated,0.8161787150625,0.9302834456645818,2.3980999999999998e-138
ZFX,POU5F1_degradation,-0.233883579909953,0.021403347421162712,-0.07669,NS,NS,Downregulated,0.55808781469597,0.16868008042298313,5.72555e-76
ZFX,SOX2_degradation,-1.14116060025999,0.017187638411035985,-0.22901,Downregulated,NS,Downregulated,1.09501262925726e-6,0.2807222950774564,1.13976e-132
ZFX,TFCP2L1_knockdown,0.151260599408495,-0.006635870885117365,-0.02552,NS,NS,Downregulated,0.592241145386977,0.9451855424841861,5.87711e-31
ZFX,Forskolin_stimulation_NPC_24h,0.113669749949273,0.010845391653097152,0.05707,NS,NS,NS,0.857188087274161,0.9667729220897776,5.1228899999999995e-51
ZFX,Forskolin_stimulation_NPC_4h,0.00812257295278795,0.010224188589673307,0.03112,NS,NS,NS,0.961912664383844,0.984794634191944,9.870989999999999e-20
ZFX,Heat_shock_NPC,-0.121298539623687,0.0012956084564304284,0.18016,NS,NS,NS,0.5924004413664,0.9277025642882478,3.4147099999999997e-100
