tf,condition,reporterFC,replicate,logFC,p_adjusted,sig,ctrl_activity
AHR::ARNT,mES_CH,-0.0757220758358269,R1,-0.143413457053819,0.908130000950612,NS,-2.18987699219359
AHR::ARNT,mES_CH,0.229681224476791,R2,-0.143413457053819,0.908130000950612,NS,-2.18987699219359
AHR::ARNT,mES_CH,-0.566651092305533,R3,-0.143413457053819,0.908130000950612,NS,-2.18987699219359
AHR::ARNT,mES_FOXA1_OE,0.345392865518014,R3,0.328294657978282,0.92869572764428,NS,-2.14694794800145
AHR::ARNT,mES_LIF,0.336954096879293,R1,-0.306137016034605,0.624311823964817,NS,-2.18336326559886
AHR::ARNT,mES_LIF,0.435384438674803,R2,-0.306137016034605,0.624311823964817,NS,-2.18336326559886
AHR::ARNT,mES_LIF,0.299057853415859,R3,-0.306137016034605,0.624311823964817,NS,-2.18336326559886
AHR::ARNT,mES_POU5F1_DEG,0.578705870254579,R1,-0.22756029238387,0.652642869048641,NS,-2.33046986409475
AHR::ARNT,mES_POU5F1_DEG,-0.216283445212314,R2,-0.22756029238387,0.652642869048641,NS,-2.33046986409475
AHR::ARNT,mES_SOX2_DEG,0.0588715392384181,R1,-0.397736064830295,0.311129664481955,NS,-2.20056342076079
AHR::ARNT,mES_SOX2_DEG,-0.146806512808418,R2,-0.397736064830295,0.311129664481955,NS,-2.20056342076079
AR,mES_CH,-0.340871102252469,R1,-0.0412839618756966,0.968371354433597,NS,-0.609058523773289
AR,mES_CH,-0.119832741626108,R2,-0.0412839618756966,0.968371354433597,NS,-0.609058523773289
AR,mES_CH,0.295128107382962,R3,-0.0412839618756966,0.968371354433597,NS,-0.609058523773289
AR,mES_FOXA1_OE,-0.762509493154895,R3,0.861779721941016,0.789720059729306,NS,-2.68271242172291
AR,mES_LIF,0.331027677272244,R1,0.329265700542341,0.768745598943699,NS,-0.459241839955245
AR,mES_LIF,0.532880111121536,R2,0.329265700542341,0.768745598943699,NS,-0.459241839955245
AR,mES_LIF,1.37687619204102,R3,0.329265700542341,0.768745598943699,NS,-0.459241839955245
AR,mES_POU5F1_DEG,-0.715317270475575,R1,-0.828312213882648,0.252296003771503,NS,-3.11154459970383
AR,mES_POU5F1_DEG,0.21419060518227,R2,-0.828312213882648,0.252296003771503,NS,-3.11154459970383
AR,mES_SOX2_DEG,-0.338057901460827,R1,0.544500415062547,0.571482764304678,NS,-1.02358753176829
AR,mES_SOX2_DEG,1.54463392904014,R2,0.544500415062547,0.571482764304678,NS,-1.02358753176829
ATF2,mES_CH,1.74669963127537,R1,0.236525043943328,0.908130000950612,NS,-1.37955436951964
ATF2,mES_CH,-1.23747026608605,R2,0.236525043943328,0.908130000950612,NS,-1.37955436951964
ATF2,mES_CH,0.631239346570502,R3,0.236525043943328,0.908130000950612,NS,-1.37955436951964
ATF2,mES_FOXA1_OE,-0.461064241301456,R3,0.577136501420924,0.922631756910257,NS,-3.52598909247943
ATF2,mES_LIF,2.30838919476407,R1,0.707574981263899,0.392037494231172,NS,-1.38594911196036
ATF2,mES_LIF,-0.0905236209219155,R2,0.707574981263899,0.392037494231172,NS,-1.38594911196036
ATF2,mES_LIF,0.458912970989238,R3,0.707574981263899,0.392037494231172,NS,-1.38594911196036
ATF2,mES_POU5F1_DEG,0.966061022437394,R2,-0.490708114323791,0.620399033732159,NS,-3.62593366738424
ATF2,mES_SOX2_DEG,-0.75047788536043,R1,-0.754690920877808,0.323968297792402,NS,-0.366692310376362
ATF2,mES_SOX2_DEG,0.117194010696255,R2,-0.754690920877808,0.323968297792402,NS,-0.366692310376362
ATF4,mES_CH,0.24547246839259,R1,0.0332175947217956,0.908130000950612,NS,2.08602434756733
ATF4,mES_CH,-0.324190675936396,R2,0.0332175947217956,0.908130000950612,NS,2.08602434756733
ATF4,mES_CH,0.0415273491553321,R3,0.0332175947217956,0.908130000950612,NS,2.08602434756733
ATF4,mES_FOXA1_OE,-0.825600999764716,R3,-0.436733079575817,0.82062655765857,NS,1.79968704078416
ATF4,mES_LIF,0.589806812817172,R1,0.351381897344822,0.0706582714740318,NS,2.09377976272957
ATF4,mES_LIF,0.0785704890819203,R2,0.351381897344822,0.0706582714740318,NS,2.09377976272957
ATF4,mES_LIF,0.543764723349014,R3,0.351381897344822,0.0706582714740318,NS,2.09377976272957
ATF4,mES_POU5F1_DEG,-0.441075435475095,R1,-0.449969740021172,0.252296003771503,NS,0.555311936395341
ATF4,mES_POU5F1_DEG,0.0683891974087842,R2,-0.449969740021172,0.252296003771503,NS,0.555311936395341
ATF4,mES_SOX2_DEG,0.901725728399815,R1,1.28125915421513,9.6277852818743e-8,Upregulated,1.99135985014342
ATF4,mES_SOX2_DEG,1.66654042411644,R2,1.28125915421513,9.6277852818743e-8,Upregulated,1.99135985014342
ATF6,mES_CH,0.533752504692281,R1,0.0859203222272394,0.908130000950612,NS,0.249251344885013
ATF6,mES_CH,-0.243222834112738,R2,0.0859203222272394,0.908130000950612,NS,0.249251344885013
ATF6,mES_CH,-0.778484577267295,R3,0.0859203222272394,0.908130000950612,NS,0.249251344885013
ATF6,mES_FOXA1_OE,-0.0102581120319161,R3,0.586997578970789,0.789720059729306,NS,-1.04382932309037
ATF6,mES_LIF,0.578503762114265,R1,-0.0366274100686756,0.980345129532246,NS,0.258753506771571
ATF6,mES_LIF,-0.385383206915187,R2,-0.0366274100686756,0.980345129532246,NS,0.258753506771571
ATF6,mES_LIF,-0.256922284031783,R3,-0.0366274100686756,0.980345129532246,NS,0.258753506771571
ATF6,mES_POU5F1_DEG,0.579323935083502,R1,0.870714888477544,0.0755353404880841,NS,-1.96948160614872
ATF6,mES_POU5F1_DEG,2.1444140203612,R2,0.870714888477544,0.0755353404880841,NS,-1.96948160614872
ATF6,mES_SOX2_DEG,1.07322060043613,R1,1.23597555756838,2.18467743528801e-5,Upregulated,0.638662300430196
ATF6,mES_SOX2_DEG,1.41876753129206,R2,1.23597555756838,2.18467743528801e-5,Upregulated,0.638662300430196
CEBPA,mES_CH,-0.112951573320405,R1,-0.182771238353846,0.908130000950612,NS,-1.48565656393344
CEBPA,mES_CH,-1.07318494681389,R2,-0.182771238353846,0.908130000950612,NS,-1.48565656393344
CEBPA,mES_CH,-0.985296496159425,R3,-0.182771238353846,0.908130000950612,NS,-1.48565656393344
CEBPA,mES_FOXA1_OE,-0.764834256861252,R3,-0.782237679464532,0.789720059729306,NS,-1.99123967212881
CEBPA,mES_LIF,0.246259479019762,R1,0.0405329118211827,0.988405941782305,NS,-1.48684064675291
CEBPA,mES_LIF,-0.421135413948829,R2,0.0405329118211827,0.988405941782305,NS,-1.48684064675291
CEBPA,mES_LIF,-0.8032482771063,R3,0.0405329118211827,0.988405941782305,NS,-1.48684064675291
CEBPA,mES_POU5F1_DEG,-0.624759024958297,R1,-0.332502448380041,0.701636315408747,NS,-3.18685053080371
CEBPA,mES_POU5F1_DEG,0.541661574801105,R2,-0.332502448380041,0.701636315408747,NS,-3.18685053080371
CEBPA,mES_SOX2_DEG,1.61972489773484,R1,1.26155198200388,0.102761924022039,NS,-2.27553510159752
CEBPA,mES_SOX2_DEG,0.59985277023865,R2,1.26155198200388,0.102761924022039,NS,-2.27553510159752
CEBPB,mES_CH,0.1470646254878,R1,0.00470682280947144,0.990636637755619,NS,-0.0612781952530282
CEBPB,mES_CH,-0.029415344282417,R2,0.00470682280947144,0.990636637755619,NS,-0.0612781952530282
CEBPB,mES_CH,0.0125318461643729,R3,0.00470682280947144,0.990636637755619,NS,-0.0612781952530282
CEBPB,mES_FOXA1_OE,-0.254849045205912,R3,0.464339839113154,0.789720059729306,NS,-0.543702782092572
CEBPB,mES_LIF,0.00992889090867122,R1,-0.141983120390307,0.768745598943699,NS,-0.0665205215376234
CEBPB,mES_LIF,-0.0894962536530755,R2,-0.141983120390307,0.768745598943699,NS,-0.0665205215376234
CEBPB,mES_LIF,0.228999131267928,R3,-0.141983120390307,0.768745598943699,NS,-0.0665205215376234
CEBPB,mES_POU5F1_DEG,-0.715137864285117,R1,-0.196122468967471,0.55808781469597,NS,-0.398677890122134
CEBPB,mES_POU5F1_DEG,-0.245033371023598,R2,-0.196122468967471,0.55808781469597,NS,-0.398677890122134
CEBPB,mES_SOX2_DEG,-0.256482933635586,R1,-0.419540194969811,0.102761924022039,NS,0.178556327621566
CEBPB,mES_SOX2_DEG,-0.162770862906975,R2,-0.419540194969811,0.102761924022039,NS,0.178556327621566
CLOCK,mES_CH,-1.14371992898906,R1,-1.20436302065945,0.00111693801332066,Downregulated,0.570108471978772
CLOCK,mES_CH,-1.19042264843339,R2,-1.20436302065945,0.00111693801332066,Downregulated,0.570108471978772
CLOCK,mES_CH,-1.25779003207513,R3,-1.20436302065945,0.00111693801332066,Downregulated,0.570108471978772
CLOCK,mES_FOXA1_OE,-1.82848622501805,R3,-1.41604149221581,0.213085877604381,NS,0.450857081449765
CLOCK,mES_LIF,-0.790831309498254,R1,-0.399384429634678,0.31857278348172,NS,0.591794121123385
CLOCK,mES_LIF,-0.191320863476994,R2,-0.399384429634678,0.31857278348172,NS,0.591794121123385
CLOCK,mES_LIF,-0.0897328152957444,R3,-0.399384429634678,0.31857278348172,NS,0.591794121123385
CLOCK,mES_POU5F1_DEG,-1.04506913857441,R1,-0.511538466142,0.0891896047848227,NS,0.499240193092446
CLOCK,mES_POU5F1_DEG,-0.937044676470493,R2,-0.511538466142,0.0891896047848227,NS,0.499240193092446
CLOCK,mES_SOX2_DEG,0.59945893471112,R1,0.447373220594909,0.0928322498105826,NS,-0.027225468720264
CLOCK,mES_SOX2_DEG,0.584820176660826,R2,0.447373220594909,0.0928322498105826,NS,-0.027225468720264
CREB1,mES_CH,-0.24077651409114,R1,-0.066387078543894,0.908130000950612,NS,-2.17514331872415
CREB1,mES_CH,-0.183810807755324,R2,-0.066387078543894,0.908130000950612,NS,-2.17514331872415
CREB1,mES_CH,-0.0191046530526398,R3,-0.066387078543894,0.908130000950612,NS,-2.17514331872415
CREB1,mES_FOXA1_OE,-0.236225590669144,R3,1.0680333356336,0.213085877604381,NS,-1.84809664566383
CREB1,mES_LIF,-0.139165624611086,R1,0.563131689336171,0.0151140820198106,NS,-2.18102616672723
CREB1,mES_LIF,0.178125970461619,R2,0.563131689336171,0.0151140820198106,NS,-2.18102616672723
CREB1,mES_LIF,0.119856772883223,R3,0.563131689336171,0.0151140820198106,NS,-2.18102616672723
CREB1,mES_POU5F1_DEG,0.386575600649516,R1,0.521575756302145,0.161561530358856,NS,-2.75105387293912
CREB1,mES_POU5F1_DEG,0.773629433116255,R2,0.521575756302145,0.161561530358856,NS,-2.75105387293912
CREB1,mES_SOX2_DEG,0.311439812900327,R1,-0.526328824451998,0.00700113090421863,Downregulated,-2.00527581996216
CREB1,mES_SOX2_DEG,0.404568814316126,R2,-0.526328824451998,0.00700113090421863,Downregulated,-2.00527581996216
E2F1,mES_CH,0.494130922834836,R1,0.361757939141423,0.297047016807896,NS,0.485667810287877
E2F1,mES_CH,0.406846204454808,R2,0.361757939141423,0.297047016807896,NS,0.485667810287877
E2F1,mES_CH,0.1477924766383,R3,0.361757939141423,0.297047016807896,NS,0.485667810287877
E2F1,mES_FOXA1_OE,-1.51884288797744,R3,-1.03702556049333,0.086936499032718,NS,0.600359452928417
E2F1,mES_LIF,0.235862072043815,R1,0.176964677910692,0.682813233196246,NS,0.476332906853326
E2F1,mES_LIF,0.12810310566069,R2,0.176964677910692,0.682813233196246,NS,0.476332906853326
E2F1,mES_LIF,-0.00418610170915557,R3,0.176964677910692,0.682813233196246,NS,0.476332906853326
E2F1,mES_POU5F1_DEG,-1.4161978259664,R1,-1.24806400229095,1.10645406465621e-6,Downregulated,1.10438437524323
E2F1,mES_POU5F1_DEG,-1.87088487465301,R2,-1.24806400229095,1.10645406465621e-6,Downregulated,1.10438437524323
E2F1,mES_SOX2_DEG,-1.58056420341883,R1,-1.7313269042549,3.01574995380698e-10,Downregulated,0.407430806111485
E2F1,mES_SOX2_DEG,-1.21888179842684,R2,-1.7313269042549,3.01574995380698e-10,Downregulated,0.407430806111485
EGR1,mES_CH,-0.13654292112523,R1,-0.127985139660588,0.908130000950612,NS,-2.60717286349218
EGR1,mES_CH,0.40502334790451,R2,-0.127985139660588,0.908130000950612,NS,-2.60717286349218
EGR1,mES_CH,0.337388597244736,R3,-0.127985139660588,0.908130000950612,NS,-2.60717286349218
EGR1,mES_FOXA1_OE,-0.599599672756479,R3,-0.198043670571164,0.92869572764428,NS,-1.65692058441925
EGR1,mES_LIF,-0.491499063710932,R1,-1.00791280313094,0.131046942847728,NS,-2.67024993001634
EGR1,mES_LIF,-0.370839811015132,R2,-1.00791280313094,0.131046942847728,NS,-2.67024993001634
EGR1,mES_LIF,0.078991631566568,R3,-1.00791280313094,0.131046942847728,NS,-2.67024993001634
EGR1,mES_POU5F1_DEG,-0.833318707600554,R1,-0.86987487567869,0.365989549531941,NS,-2.22739406926007
EGR1,mES_POU5F1_DEG,-1.10407814733499,R2,-0.86987487567869,0.365989549531941,NS,-2.22739406926007
EGR1,mES_SOX2_DEG,-0.917090060012545,R1,-1.13994872582932,0.0112219253628252,NS,-2.03737500224714
EGR1,mES_SOX2_DEG,-0.0266000253823839,R2,-1.13994872582932,0.0112219253628252,NS,-2.03737500224714
ESR1,mES_CH,-0.488455403072571,R1,-0.34295936639021,0.908130000950612,NS,-2.85178588176906
ESR1,mES_CH,0.444340986338263,R2,-0.34295936639021,0.908130000950612,NS,-2.85178588176906
ESR1,mES_CH,-0.619003149128957,R3,-0.34295936639021,0.908130000950612,NS,-2.85178588176906
ESR1,mES_FOXA1_OE,-0.854348693785086,R3,0.971359570332107,0.797866376144013,NS,-4.06601919784198
ESR1,mES_LIF,-0.75699812907067,R1,-0.300107473128551,0.812619426714483,NS,-2.87938354931813
ESR1,mES_LIF,0.415805740805798,R2,-0.300107473128551,0.812619426714483,NS,-2.87938354931813
ESR1,mES_LIF,0.255593623471778,R3,-0.300107473128551,0.812619426714483,NS,-2.87938354931813
ESR1,mES_POU5F1_DEG,0.156445308025346,R1,-0.0061841572158941,0.998183087815994,NS,-5.32473481978541
ESR1,mES_POU5F1_DEG,0.0988141182318101,R2,-0.0061841572158941,0.998183087815994,NS,-5.32473481978541
ESR1,mES_SOX2_DEG,1.15132403520361,R1,0.120665073199239,0.858968577418159,NS,-3.1518931841757998
ESR1,mES_SOX2_DEG,-0.271423380563234,R2,0.120665073199239,0.858968577418159,NS,-3.1518931841757998
ETS2,mES_CH,-0.968259393149827,R1,0.179100676905392,0.908130000950612,NS,0.0230929966787195
ETS2,mES_CH,-0.356422921703852,R2,0.179100676905392,0.908130000950612,NS,0.0230929966787195
ETS2,mES_CH,0.20049752016011,R3,0.179100676905392,0.908130000950612,NS,0.0230929966787195
ETS2,mES_FOXA1_OE,-0.968051731666276,R3,-1.31206095051387,0.789720059729306,NS,-2.29085010619387
ETS2,mES_LIF,0.27250685610118,R1,0.272203541949365,0.824105336145308,NS,0.0294392449724668
ETS2,mES_LIF,-0.634205745579889,R2,0.272203541949365,0.824105336145308,NS,0.0294392449724668
ETS2,mES_LIF,1.47173180362209,R3,0.272203541949365,0.824105336145308,NS,0.0294392449724668
ETS2,mES_POU5F1_DEG,0.14593975555188,R1,0.222677206875625,0.846572753454252,NS,-2.60441295237674
ETS2,mES_POU5F1_DEG,1.76350409085473,R2,0.222677206875625,0.846572753454252,NS,-2.60441295237674
ETS2,mES_SOX2_DEG,1.92005839324971,R1,1.89189737088598,5.9379360494177e-4,Upregulated,-0.400885728933095
ETS2,mES_SOX2_DEG,1.96643652264977,R2,1.89189737088598,5.9379360494177e-4,Upregulated,-0.400885728933095
FOS::JUN,mES_CH,-0.778739607917894,R1,-0.466767276757013,0.182383825142532,NS,0.296817396358209
FOS::JUN,mES_CH,-0.73816271062849,R2,-0.466767276757013,0.182383825142532,NS,0.296817396358209
FOS::JUN,mES_CH,-0.755670798621322,R3,-0.466767276757013,0.182383825142532,NS,0.296817396358209
FOS::JUN,mES_FOXA1_OE,0.126503520547987,R3,0.474413037115839,0.671825225493959,NS,1.54097173528824
FOS::JUN,mES_LIF,-0.22890269712345,R1,-0.398335363866176,0.291143786948877,NS,0.29177713401693
FOS::JUN,mES_LIF,-0.51517572419548,R2,-0.398335363866176,0.291143786948877,NS,0.29177713401693
FOS::JUN,mES_LIF,-0.362839031630604,R3,-0.398335363866176,0.291143786948877,NS,0.29177713401693
FOS::JUN,mES_POU5F1_DEG,0.365411714197663,R1,1.04104901730996,3.5715013893478e-4,Upregulated,0.678269659883984
FOS::JUN,mES_POU5F1_DEG,0.965830464163273,R2,1.04104901730996,3.5715013893478e-4,Upregulated,0.678269659883984
FOS::JUN,mES_SOX2_DEG,1.22304771944139,R1,0.480760366539388,0.0341148969020267,NS,0.513166023736043
FOS::JUN,mES_SOX2_DEG,1.42734411993217,R2,0.480760366539388,0.0341148969020267,NS,0.513166023736043
FOSL1,mES_CH,0.183269745061591,R1,0.0168070313054625,0.948826322066587,NS,-1.48375733691224
FOSL1,mES_CH,-0.00121614739402132,R2,0.0168070313054625,0.948826322066587,NS,-1.48375733691224
FOSL1,mES_CH,-0.0965340410955544,R3,0.0168070313054625,0.948826322066587,NS,-1.48375733691224
FOSL1,mES_FOXA1_OE,0.416975535582366,R3,0.825015290575286,0.279449248096178,NS,-1.42244424883747
FOSL1,mES_LIF,0.0446923053843016,R1,-0.177279582511632,0.682813233196246,NS,-1.47967009487933
FOSL1,mES_LIF,-0.253046386007053,R2,-0.177279582511632,0.682813233196246,NS,-1.47967009487933
FOSL1,mES_LIF,-0.0656803246652309,R3,-0.177279582511632,0.682813233196246,NS,-1.47967009487933
FOSL1,mES_POU5F1_DEG,0.358989578897986,R1,0.579649036171998,0.0891896047848227,NS,-2.29664954796992
FOSL1,mES_POU5F1_DEG,0.261314675966442,R2,0.579649036171998,0.0891896047848227,NS,-2.29664954796992
FOSL1,mES_SOX2_DEG,-0.575546296334947,R1,-0.376975537288597,0.119127476246147,NS,-1.26969202414691
FOSL1,mES_SOX2_DEG,0.0148842719104652,R2,-0.376975537288597,0.119127476246147,NS,-1.26969202414691
FOXA1,mES_CH,-0.521480135139029,R1,-0.346189813155033,0.843494006530403,NS,-2.44595197629751
FOXA1,mES_CH,-0.0774738047243968,R2,-0.346189813155033,0.843494006530403,NS,-2.44595197629751
FOXA1,mES_CH,-0.197820472949955,R3,-0.346189813155033,0.843494006530403,NS,-2.44595197629751
FOXA1,mES_FOXA1_OE,3.89549686180024,R3,3.99358818535591,0.00635746711040553,Upregulated,-3.30876635667301
FOXA1,mES_LIF,-1.15642646990931,R1,-0.653446653685081,0.31857278348172,NS,-2.4382376595123
FOXA1,mES_LIF,-0.167047774926277,R2,-0.653446653685081,0.31857278348172,NS,-2.4382376595123
FOXA1,mES_LIF,0.086765024088423,R3,-0.653446653685081,0.31857278348172,NS,-2.4382376595123
FOXA1,mES_POU5F1_DEG,0.233791369884501,R1,0.580792003512075,0.505634085049571,NS,-4.3777621974177
FOXA1,mES_POU5F1_DEG,0.87858273541225,R2,0.580792003512075,0.505634085049571,NS,-4.3777621974177
FOXA1,mES_SOX2_DEG,-0.290026854272341,R1,0.487842108757551,0.336249942457815,NS,-2.70851140709659
FOXA1,mES_SOX2_DEG,0.750222150634583,R2,0.487842108757551,0.336249942457815,NS,-2.70851140709659
FOXO1,mES_CH,0.164767661976357,R1,0.110183435650613,0.908130000950612,NS,-1.04238920144434
FOXO1,mES_CH,0.120936239827202,R2,0.110183435650613,0.908130000950612,NS,-1.04238920144434
FOXO1,mES_CH,-0.502134390516039,R3,0.110183435650613,0.908130000950612,NS,-1.04238920144434
FOXO1,mES_FOXA1_OE,0.217202540550993,R3,0.547196161618587,0.92869572764428,NS,-1.55793569361026
FOXO1,mES_LIF,-0.173709777320918,R1,0.110361105539358,0.84182677613822,NS,-1.0337917166253
FOXO1,mES_LIF,-0.0206936473997214,R2,0.110361105539358,0.84182677613822,NS,-1.0337917166253
FOXO1,mES_LIF,-0.285052113052545,R3,0.110361105539358,0.84182677613822,NS,-1.0337917166253
FOXO1,mES_POU5F1_DEG,-0.663742822756698,R1,-0.383080212033694,0.694348875996288,NS,-1.56241950852765
FOXO1,mES_POU5F1_DEG,-0.71639196284297,R2,-0.383080212033694,0.694348875996288,NS,-1.56241950852765
FOXO1,mES_SOX2_DEG,2.21075253766183,R1,-0.437110977558121,0.525342095481583,NS,-1.41765915574066
GATA1,mES_CH,0.326375720748883,R1,0.0695810593344579,0.908130000950612,NS,-2.92563097611211
GATA1,mES_CH,0.223104707460882,R2,0.0695810593344579,0.908130000950612,NS,-2.92563097611211
GATA1,mES_CH,0.151969866639742,R3,0.0695810593344579,0.908130000950612,NS,-2.92563097611211
GATA1,mES_FOXA1_OE,-0.650473269100636,R3,-0.115888140283639,0.9678307207156,NS,-2.9797974673468
GATA1,mES_LIF,0.277661608321928,R1,-0.155706296458268,0.785376171246892,NS,-2.90320832366182
GATA1,mES_LIF,0.103178851386001,R2,-0.155706296458268,0.785376171246892,NS,-2.90320832366182
GATA1,mES_LIF,-0.356597115006823,R3,-0.155706296458268,0.785376171246892,NS,-2.90320832366182
GATA1,mES_POU5F1_DEG,0.451865598641372,R1,0.0826311147218985,0.939042585085944,NS,-4.09852961477374
GATA1,mES_POU5F1_DEG,0.936516991064608,R2,0.0826311147218985,0.939042585085944,NS,-4.09852961477374
GATA1,mES_SOX2_DEG,0.77068094141291,R1,-0.721103149943192,0.146252798398673,NS,-2.968459957369
GATA1,mES_SOX2_DEG,-0.632530368351232,R2,-0.721103149943192,0.146252798398673,NS,-2.968459957369
GATA3,mES_CH,0.830430024212197,R1,0.311661078465941,0.908130000950612,NS,-1.52542107752422
GATA3,mES_CH,-0.0878807853428836,R2,0.311661078465941,0.908130000950612,NS,-1.52542107752422
GATA3,mES_CH,0.196930041401124,R3,0.311661078465941,0.908130000950612,NS,-1.52542107752422
GATA3,mES_FOXA1_OE,1.26113225764585,R3,3.37470294897257,0.086936499032718,NS,-4.836052868066
GATA3,mES_LIF,0.936368158703675,R1,0.435792493047471,0.761975290896259,NS,-1.49669578696766
GATA3,mES_LIF,-0.0692530401570456,R2,0.435792493047471,0.761975290896259,NS,-1.49669578696766
GATA3,mES_LIF,0.691704095061133,R3,0.435792493047471,0.761975290896259,NS,-1.49669578696766
GATA3,mES_POU5F1_DEG,-0.252972090414089,R1,-0.828404407729663,0.43657381650942,NS,-4.0489104214261
GATA3,mES_POU5F1_DEG,-0.883156058061267,R2,-0.828404407729663,0.43657381650942,NS,-4.0489104214261
GATA3,mES_SOX2_DEG,0.28045662427112,R1,-0.188215431284925,0.807150419109337,NS,-1.89477049632908
GATA3,mES_SOX2_DEG,-0.0548046162823315,R2,-0.188215431284925,0.807150419109337,NS,-1.89477049632908
GATA4,mES_CH,-0.160405137774749,R1,-0.132439263584176,0.801236930285329,NS,1.86009744533475
GATA4,mES_CH,-0.203081497101321,R2,-0.132439263584176,0.801236930285329,NS,1.86009744533475
GATA4,mES_CH,0.0153757520400046,R3,-0.132439263584176,0.801236930285329,NS,1.86009744533475
GATA4,mES_FOXA1_OE,-1.39272930124438,R3,-0.98764799924488,0.421065485740562,NS,2.53612759435201
GATA4,mES_LIF,-0.206342224575792,R1,0.0441545203959633,0.886248731931273,NS,1.90979656824861
GATA4,mES_LIF,0.113145825042099,R2,0.0441545203959633,0.886248731931273,NS,1.90979656824861
GATA4,mES_LIF,0.197611696837082,R3,0.0441545203959633,0.886248731931273,NS,1.90979656824861
GATA4,mES_POU5F1_DEG,-0.886849467560399,R1,-0.741017110072785,0.00462471831235906,Downregulated,2.61150968657356
GATA4,mES_POU5F1_DEG,-0.506887807793775,R2,-0.741017110072785,0.00462471831235906,Downregulated,2.61150968657356
GATA4,mES_SOX2_DEG,-0.03657064150919,R1,-0.252015925281753,0.130145879978054,NS,1.87022117137577
GATA4,mES_SOX2_DEG,0.383776803248787,R2,-0.252015925281753,0.130145879978054,NS,1.87022117137577
GBX2,mES_CH,0.578254745766891,R1,0.529087049093384,0.0120953255215188,NS,-3.0365174285852
GBX2,mES_CH,0.250944403293024,R2,0.529087049093384,0.0120953255215188,NS,-3.0365174285852
GBX2,mES_CH,0.701436624405661,R3,0.529087049093384,0.0120953255215188,NS,-3.0365174285852
GBX2,mES_FOXA1_OE,-0.288096452760225,R3,0.767688367860788,0.789720059729306,NS,-2.6693621634106
GBX2,mES_LIF,-0.0233936015207899,R1,0.264567122213536,0.31857278348172,NS,-3.04085082669958
GBX2,mES_LIF,-0.0564189187538351,R2,0.264567122213536,0.31857278348172,NS,-3.04085082669958
GBX2,mES_LIF,-0.287677412512571,R3,0.264567122213536,0.31857278348172,NS,-3.04085082669958
GBX2,mES_POU5F1_DEG,-0.45389086085313,R1,-0.540579677563603,0.192240597521956,NS,-3.73536877196956
GBX2,mES_POU5F1_DEG,-0.206162364851403,R2,-0.540579677563603,0.192240597521956,NS,-3.73536877196956
GBX2,mES_SOX2_DEG,-1.05403883499551,R1,-2.08738491512726,1.0340855519712e-7,Downregulated,-2.86380016100347
GBX2,mES_SOX2_DEG,-0.241484703637163,R2,-2.08738491512726,1.0340855519712e-7,Downregulated,-2.86380016100347
GRHL1,mES_CH,-0.764155575223586,R1,-0.642273489484658,0.00650473336501761,Downregulated,0.604612174476786
GRHL1,mES_CH,-0.806249809920224,R2,-0.642273489484658,0.00650473336501761,Downregulated,0.604612174476786
GRHL1,mES_CH,-0.387349233256241,R3,-0.642273489484658,0.00650473336501761,Downregulated,0.604612174476786
GRHL1,mES_FOXA1_OE,-0.719540348907017,R3,-0.493498152409824,0.797866376144013,NS,-0.584147051379741
GRHL1,mES_LIF,-1.21553308102512,R1,-0.99762985188839,6.4617113609168e-4,Downregulated,0.609293230898784
GRHL1,mES_LIF,-0.882962445060701,R2,-0.99762985188839,6.4617113609168e-4,Downregulated,0.609293230898784
GRHL1,mES_LIF,-0.700601571465479,R3,-0.99762985188839,6.4617113609168e-4,Downregulated,0.609293230898784
GRHL1,mES_POU5F1_DEG,-1.37310534480405,R1,-1.75062615721425,1.43491785069173e-5,Downregulated,-0.0800485816221466
GRHL1,mES_POU5F1_DEG,-1.61238581279909,R2,-1.75062615721425,1.43491785069173e-5,Downregulated,-0.0800485816221466
GRHL1,mES_SOX2_DEG,-0.271172265340366,R1,-0.204629777944335,0.35639058712591,NS,0.504665827203864
GRHL1,mES_SOX2_DEG,-0.148144186842163,R2,-0.204629777944335,0.35639058712591,NS,0.504665827203864
HIF1A,mES_CH,0.0383047520605515,R1,0.28198857144626,0.351852639194024,NS,-1.14699446308878
HIF1A,mES_CH,-0.577048491638178,R2,0.28198857144626,0.351852639194024,NS,-1.14699446308878
HIF1A,mES_CH,-0.432623834362515,R3,0.28198857144626,0.351852639194024,NS,-1.14699446308878
HIF1A,mES_FOXA1_OE,-0.224229499673664,R3,0.0353056559093325,0.9678307207156,NS,-2.55860455552793
HIF1A,mES_LIF,-0.305730358580501,R1,-0.00255291865825059,0.988405941782305,NS,-1.15344418086412
HIF1A,mES_LIF,-0.458103732036335,R2,-0.00255291865825059,0.988405941782305,NS,-1.15344418086412
HIF1A,mES_LIF,-0.203057622740659,R3,-0.00255291865825059,0.988405941782305,NS,-1.15344418086412
HIF1A,mES_POU5F1_DEG,0.15372578112181,R1,-0.502865614264656,0.37557624446745,NS,-2.25136275600145
HIF1A,mES_POU5F1_DEG,0.222141881094106,R2,-0.502865614264656,0.37557624446745,NS,-2.25136275600145
HIF1A,mES_SOX2_DEG,-0.107698450193153,R1,-0.958102514046326,8.30825072739651e-5,Downregulated,-1.11385181003366
HIF1A,mES_SOX2_DEG,0.269296352244947,R2,-0.958102514046326,8.30825072739651e-5,Downregulated,-1.11385181003366
HNF1A,mES_CH,0.329193969967149,R1,-0.0808490838075263,0.908130000950612,NS,-0.736326740399978
HNF1A,mES_CH,-0.116558399589946,R2,-0.0808490838075263,0.908130000950612,NS,-0.736326740399978
HNF1A,mES_CH,-0.444122165499642,R3,-0.0808490838075263,0.908130000950612,NS,-0.736326740399978
HNF1A,mES_FOXA1_OE,-0.888050201337459,R3,-1.23263001237812,0.893231578489261,NS,-3.71412639467519
HNF1A,mES_LIF,-0.479764093175807,R1,-0.52374212390943,0.405005078301245,NS,-0.737586278672564
HNF1A,mES_LIF,-0.286850835794682,R2,-0.52374212390943,0.405005078301245,NS,-0.737586278672564
HNF1A,mES_LIF,-0.382066472092827,R3,-0.52374212390943,0.405005078301245,NS,-0.737586278672564
HNF1A,mES_POU5F1_DEG,-0.670864980793464,R1,-0.804204542306218,0.620399033732159,NS,-2.92321814102831
HNF1A,mES_POU5F1_DEG,-0.727123745850737,R2,-0.804204542306218,0.620399033732159,NS,-2.92321814102831
HNF1A,mES_SOX2_DEG,0.346992609679543,R1,0.615531815307768,0.296318217141997,NS,-0.691138045135926
HNF1A,mES_SOX2_DEG,0.803373228295873,R2,0.615531815307768,0.296318217141997,NS,-0.691138045135926
HNF4A,mES_CH,-0.0714697361040785,R1,-0.0619238800436152,0.908130000950612,NS,-1.18090717783345
HNF4A,mES_CH,-0.731589048317259,R2,-0.0619238800436152,0.908130000950612,NS,-1.18090717783345
HNF4A,mES_CH,-0.296416438654275,R3,-0.0619238800436152,0.908130000950612,NS,-1.18090717783345
HNF4A,mES_FOXA1_OE,-0.651979200185373,R3,1.81203477807367,0.679063970513105,NS,-5.16207389688126
HNF4A,mES_LIF,0.748938721368588,R1,-0.106369737062612,0.785376171246892,NS,-1.17636369751183
HNF4A,mES_LIF,-0.85541978421638,R2,-0.106369737062612,0.785376171246892,NS,-1.17636369751183
HNF4A,mES_LIF,-0.287042011646973,R3,-0.106369737062612,0.785376171246892,NS,-1.17636369751183
HNF4A,mES_POU5F1_DEG,1.15793764620184,R1,1.34675377402059,0.0733754744683463,NS,-5.55058418420669
HNF4A,mES_POU5F1_DEG,2.42360446664015,R2,1.34675377402059,0.0733754744683463,NS,-5.55058418420669
HNF4A,mES_SOX2_DEG,0.7525023397081,R1,-0.979715747151637,3.165914604463e-4,Downregulated,-1.17721944082632
HNF4A,mES_SOX2_DEG,1.06952637537892,R2,-0.979715747151637,3.165914604463e-4,Downregulated,-1.17721944082632
HOMEZ,mES_CH,0.0862299170467709,R1,0.18997337307279,0.908130000950612,NS,-1.00290570816272
HOMEZ,mES_CH,-1.84472397883044,R2,0.18997337307279,0.908130000950612,NS,-1.00290570816272
HOMEZ,mES_CH,-0.302616653883147,R3,0.18997337307279,0.908130000950612,NS,-1.00290570816272
HOMEZ,mES_FOXA1_OE,-1.54563726047075,R3,-1.34197937413192,0.922631756910257,NS,-3.36627331272021
HOMEZ,mES_LIF,-0.769274194312918,R1,0.326160147561439,0.914065452334078,NS,-1.6991452917587
HOMEZ,mES_LIF,-1.16045193257574,R2,0.326160147561439,0.914065452334078,NS,-1.6991452917587
HOMEZ,mES_LIF,0.249871652037867,R3,0.326160147561439,0.914065452334078,NS,-1.6991452917587
HOMEZ,mES_POU5F1_DEG,1.51053481650282,R1,-1.4193766204606,0.481420166913038,NS,-3.66035985103909
HOMEZ,mES_POU5F1_DEG,-0.402049009646454,R2,-1.4193766204606,0.481420166913038,NS,-3.66035985103909
HOMEZ,mES_SOX2_DEG,-0.609982716690447,R1,-2.17232699881178,0.052997332472424,NS,-1.61085576371511
HOMEZ,mES_SOX2_DEG,-1.83640694082395,R2,-2.17232699881178,0.052997332472424,NS,-1.61085576371511
HSF1,mES_CH,-0.791414930430811,R1,-0.676575058590382,0.285631010498879,NS,-2.40963164184773
HSF1,mES_CH,-0.689026389145846,R2,-0.676575058590382,0.285631010498879,NS,-2.40963164184773
HSF1,mES_CH,-0.518557917235909,R3,-0.676575058590382,0.285631010498879,NS,-2.40963164184773
HSF1,mES_FOXA1_OE,-0.206948648230458,R3,1.35308266553686,0.789720059729306,NS,-4.63305371602404
HSF1,mES_LIF,-0.511259790942586,R1,-0.451930015427365,0.452935337312247,NS,-2.34558152487275
HSF1,mES_LIF,-0.554869940157073,R2,-0.451930015427365,0.452935337312247,NS,-2.34558152487275
HSF1,mES_LIF,-0.330942180567076,R3,-0.451930015427365,0.452935337312247,NS,-2.34558152487275
HSF1,mES_POU5F1_DEG,0.450824760716393,R1,0.300936129380838,0.620399033732159,NS,-3.24026630266197
HSF1,mES_POU5F1_DEG,-0.0408639803648243,R2,0.300936129380838,0.620399033732159,NS,-3.24026630266197
HSF1,mES_SOX2_DEG,0.901648720179824,R1,0.673542043777729,0.311129664481955,NS,-3.4811928216681
HSF1,mES_SOX2_DEG,0.377322250650388,R2,0.673542043777729,0.311129664481955,NS,-3.4811928216681
IRF1,mES_CH,0.167126029786073,R1,-0.841615094679527,0.409833045666911,NS,-2.08914368197231
IRF1,mES_CH,-0.831788602130226,R2,-0.841615094679527,0.409833045666911,NS,-2.08914368197231
IRF1,mES_CH,-0.406876510903149,R3,-0.841615094679527,0.409833045666911,NS,-2.08914368197231
IRF1,mES_FOXA1_OE,-0.298152372108032,R3,0.0665056194427014,0.971156371146452,NS,-3.89654255543056
IRF1,mES_LIF,0.103166048565801,R1,-0.646402233547858,0.452935337312247,NS,-2.04441143666397
IRF1,mES_LIF,-1.15226372522396,R2,-0.646402233547858,0.452935337312247,NS,-2.04441143666397
IRF1,mES_LIF,-0.601262018355029,R3,-0.646402233547858,0.452935337312247,NS,-2.04441143666397
IRF1,mES_POU5F1_DEG,-0.377690869629491,R1,0.0433619380471148,0.984251096088978,NS,-3.85372000425861
IRF1,mES_POU5F1_DEG,-0.164840437557315,R2,0.0433619380471148,0.984251096088978,NS,-3.85372000425861
IRF1,mES_SOX2_DEG,0.447471000570055,R1,-0.234011776177196,0.709825190908595,NS,-3.04467724785236
IRF1,mES_SOX2_DEG,-0.633785649921521,R2,-0.234011776177196,0.709825190908595,NS,-3.04467724785236
IRF3,mES_CH,-0.180669660462629,R1,-0.619194619066102,0.240497322608023,NS,0.594625595435616
IRF3,mES_CH,-1.28196277383986,R2,-0.619194619066102,0.240497322608023,NS,0.594625595435616
IRF3,mES_CH,-0.591348196178146,R3,-0.619194619066102,0.240497322608023,NS,0.594625595435616
IRF3,mES_FOXA1_OE,-1.87278335516624,R3,-0.745720533820395,0.82062655765857,NS,1.74362182141894
IRF3,mES_LIF,-0.563538112509125,R1,-0.562512896289499,0.34835373234529,NS,0.685844346937685
IRF3,mES_LIF,-1.47033203716659,R2,-0.562512896289499,0.34835373234529,NS,0.685844346937685
IRF3,mES_LIF,-0.927991190842113,R3,-0.562512896289499,0.34835373234529,NS,0.685844346937685
IRF3,mES_POU5F1_DEG,0.758596682853288,R1,1.08670368542708,0.0895861196300131,NS,0.877193893802746
IRF3,mES_POU5F1_DEG,1.41157931179728,R2,1.08670368542708,0.0895861196300131,NS,0.877193893802746
IRF3,mES_SOX2_DEG,2.20662629491094,R1,1.46641100024235,3.32415910796484e-6,Upregulated,1.82414669628807
IRF3,mES_SOX2_DEG,2.93461744743272,R2,1.46641100024235,3.32415910796484e-6,Upregulated,1.82414669628807
KLF4,mES_CH,0.245931709477779,R1,0.300065832852085,0.0504601180351061,NS,0.488298120433119
KLF4,mES_CH,0.413956833044372,R2,0.300065832852085,0.0504601180351061,NS,0.488298120433119
KLF4,mES_CH,0.341529629681505,R3,0.300065832852085,0.0504601180351061,NS,0.488298120433119
KLF4,mES_FOXA1_OE,-0.586843333490918,R3,-0.103028971654681,0.92869572764428,NS,-0.454596271616765
KLF4,mES_LIF,-0.23720195278988,R1,-0.280329977056105,0.131046942847728,NS,0.483405016955718
KLF4,mES_LIF,-0.138434606413234,R2,-0.280329977056105,0.131046942847728,NS,0.483405016955718
KLF4,mES_LIF,-0.235142104567812,R3,-0.280329977056105,0.131046942847728,NS,0.483405016955718
KLF4,mES_POU5F1_DEG,-1.42117517191283,R1,-1.40949622897044,0.0034801987341565,Downregulated,0.0726020245908558
KLF4,mES_POU5F1_DEG,-1.92231037121609,R2,-1.40949622897044,0.0034801987341565,Downregulated,0.0726020245908558
KLF4,mES_SOX2_DEG,-1.62048935465948,R1,-1.65172711628996,2.0468834276375e-12,Downregulated,0.453684158585629
KLF4,mES_SOX2_DEG,-1.49337794257018,R2,-1.65172711628996,2.0468834276375e-12,Downregulated,0.453684158585629
MAF::NFE2,mES_CH,0.638958928740514,R1,0.14239456904099,0.83037504193506,NS,1.92679193480521
MAF::NFE2,mES_CH,0.0539042942198948,R2,0.14239456904099,0.83037504193506,NS,1.92679193480521
MAF::NFE2,mES_CH,-0.254531699759742,R3,0.14239456904099,0.83037504193506,NS,1.92679193480521
MAF::NFE2,mES_FOXA1_OE,-0.348869875460234,R3,0.126426506521005,0.934471774660713,NS,1.89877395972312
MAF::NFE2,mES_LIF,0.576473617026064,R1,0.152577664519611,0.682813233196246,NS,1.93004498202306
MAF::NFE2,mES_LIF,-0.112910129251337,R2,0.152577664519611,0.682813233196246,NS,1.93004498202306
MAF::NFE2,mES_LIF,0.0578561623949527,R3,0.152577664519611,0.682813233196246,NS,1.93004498202306
MAF::NFE2,mES_POU5F1_DEG,0.0152280748278182,R1,0.431172951857115,0.445595774930785,NS,1.90739862576782
MAF::NFE2,mES_POU5F1_DEG,0.0346163916986804,R2,0.431172951857115,0.445595774930785,NS,1.90739862576782
MAF::NFE2,mES_SOX2_DEG,0.943119552858385,R1,0.755575209469839,1.1684935343974e-4,Upregulated,1.91688261636524
MAF::NFE2,mES_SOX2_DEG,1.10489511672532,R2,0.755575209469839,1.1684935343974e-4,Upregulated,1.91688261636524
MEF2A,mES_CH,-0.866504101090225,R1,-0.112064095408347,0.908130000950612,NS,0.30150951151242
MEF2A,mES_CH,-1.00343696497039,R2,-0.112064095408347,0.908130000950612,NS,0.30150951151242
MEF2A,mES_LIF,-1.20906934370346,R1,0.567323849448761,0.0248318878397752,NS,0.313741577909874
MEF2A,mES_LIF,0.17753466058401501,R2,0.567323849448761,0.0248318878397752,NS,0.313741577909874
MEF2A,mES_POU5F1_DEG,0.984728611966711,R1,0.916482494806322,0.494007620094485,NS,-2.2997621397877
MEF2A,mES_POU5F1_DEG,3.01770990768478,R2,0.916482494806322,0.494007620094485,NS,-2.2997621397877
MEF2A,mES_SOX2_DEG,1.92599438515811,R1,2.18797730259022,1.6091309240812102e-15,Upregulated,1.08913069288304
MEF2A,mES_SOX2_DEG,2.77796806829524,R2,2.18797730259022,1.6091309240812102e-15,Upregulated,1.08913069288304
MTF1,mES_CH,0.0816498337787044,R1,-0.138848724655746,0.539944160413636,NS,2.12946687499727
MTF1,mES_CH,-0.156780365459046,R2,-0.138848724655746,0.539944160413636,NS,2.12946687499727
MTF1,mES_CH,-0.208152872139528,R3,-0.138848724655746,0.539944160413636,NS,2.12946687499727
MTF1,mES_FOXA1_OE,-0.927944137911827,R3,-0.614018389738924,0.705293673547243,NS,1.80916465289061
MTF1,mES_LIF,0.100548138833516,R1,0.0064153995515425,0.988405941782305,NS,2.12926366820263
MTF1,mES_LIF,0.0261439678735833,R2,0.0064153995515425,0.988405941782305,NS,2.12926366820263
MTF1,mES_LIF,0.0350011105690404,R3,0.0064153995515425,0.988405941782305,NS,2.12926366820263
MTF1,mES_POU5F1_DEG,-0.993791163173201,R1,-0.777266706284095,0.0256278546555252,NS,1.50120903556556
MTF1,mES_POU5F1_DEG,-1.17987561486565,R2,-0.777266706284095,0.0256278546555252,NS,1.50120903556556
MTF1,mES_SOX2_DEG,-0.583377370784078,R1,-0.682016098920347,1.09501262925726e-6,Downregulated,2.07546296854078
MTF1,mES_SOX2_DEG,-0.327611734614821,R2,-0.682016098920347,1.09501262925726e-6,Downregulated,2.07546296854078
MYBL2,mES_CH,0.0867530884052489,R1,0.155188409943237,0.897201161354868,NS,-0.951330794218199
MYBL2,mES_CH,0.186387419961955,R2,0.155188409943237,0.897201161354868,NS,-0.951330794218199
MYBL2,mES_CH,0.0906453901354228,R3,0.155188409943237,0.897201161354868,NS,-0.951330794218199
MYBL2,mES_FOXA1_OE,0.156412640799301,R3,0.671567331591446,0.789720059729306,NS,-2.19569159766527
MYBL2,mES_LIF,0.0132092034292293,R1,-0.181690075143054,0.761975290896259,NS,-0.948663462669953
MYBL2,mES_LIF,-0.547969033134849,R2,-0.181690075143054,0.761975290896259,NS,-0.948663462669953
MYBL2,mES_LIF,-0.136663709191698,R3,-0.181690075143054,0.761975290896259,NS,-0.948663462669953
MYBL2,mES_POU5F1_DEG,0.456538068835571,R1,-0.587027707830057,0.365989549531941,NS,-1.82772666253576
MYBL2,mES_POU5F1_DEG,1.24402722877609,R2,-0.587027707830057,0.365989549531941,NS,-1.82772666253576
MYBL2,mES_SOX2_DEG,-0.810439618828104,R1,-0.127243200083679,0.781761354690026,NS,-0.926198387633599
MYBL2,mES_SOX2_DEG,0.360967035536662,R2,-0.127243200083679,0.781761354690026,NS,-0.926198387633599
MYC,mES_CH,-0.509414522004599,R1,-0.637645275107996,0.079549700643007,NS,-0.559337204590139
MYC,mES_CH,-0.795828819993484,R2,-0.637645275107996,0.079549700643007,NS,-0.559337204590139
MYC,mES_CH,-0.635634859458759,R3,-0.637645275107996,0.079549700643007,NS,-0.559337204590139
MYC,mES_FOXA1_OE,-1.31998091804226,R3,-0.952473114049014,0.421065485740562,NS,-0.964555533260943
MYC,mES_LIF,-0.325130348694678,R1,-0.14801813843074,0.768745598943699,NS,-0.559614337180813
MYC,mES_LIF,-0.0827597198933021,R2,-0.14801813843074,0.768745598943699,NS,-0.559614337180813
MYC,mES_LIF,-0.161639474169187,R3,-0.14801813843074,0.768745598943699,NS,-0.559614337180813
MYC,mES_POU5F1_DEG,-0.549391993883142,R1,-0.543167390606515,0.161561530358856,NS,-1.46192227145663
MYC,mES_POU5F1_DEG,-1.02342638840451,R2,-0.543167390606515,0.161561530358856,NS,-1.46192227145663
MYC,mES_SOX2_DEG,0.0984145752193699,R1,-0.343201794959849,0.150897223990351,NS,-0.561850279460694
MYC,mES_SOX2_DEG,-0.215403350066907,R2,-0.343201794959849,0.150897223990351,NS,-0.561850279460694
NEUROG2,mES_CH,-0.367612891973919,R1,0.457104444078016,0.908130000950612,NS,-1.83417607087524
NEUROG2,mES_CH,-0.354170759595856,R2,0.457104444078016,0.908130000950612,NS,-1.83417607087524
NEUROG2,mES_CH,-0.0214480104526877,R3,0.457104444078016,0.908130000950612,NS,-1.83417607087524
NEUROG2,mES_FOXA1_OE,-0.200727734402777,R3,0.385866236928843,0.92869572764428,NS,-4.49221567128869
NEUROG2,mES_LIF,0.210733646070304,R1,1.17633348323765,0.692667268161286,NS,-1.99539417856297
NEUROG2,mES_LIF,0.276872145923054,R2,1.17633348323765,0.692667268161286,NS,-1.99539417856297
NEUROG2,mES_LIF,-0.0696237490701133,R3,1.17633348323765,0.692667268161286,NS,-1.99539417856297
NEUROG2,mES_POU5F1_DEG,-0.223142302088167,R2,-0.817385447006519,0.639150088336311,NS,-4.57115291006509
NEUROG2,mES_SOX2_DEG,-0.361198095211943,R1,-0.858895841884409,0.676856959568105,NS,-1.58322733606602
NFAT5,mES_CH,-0.102283142702751,R1,0.349535896674036,0.351852639194024,NS,-0.829703462454835
NFAT5,mES_CH,0.358550427267451,R2,0.349535896674036,0.351852639194024,NS,-0.829703462454835
NFAT5,mES_CH,0.4343019092506,R3,0.349535896674036,0.351852639194024,NS,-0.829703462454835
NFAT5,mES_FOXA1_OE,-0.343184197533032,R3,0.672088966037478,0.777623211132242,NS,-3.73110275939933
NFAT5,mES_LIF,-0.340923158617818,R1,0.0394061867214351,0.97385159338697,NS,-0.831965336132145
NFAT5,mES_LIF,0.0829188236097482,R2,0.0394061867214351,0.97385159338697,NS,-0.831965336132145
NFAT5,mES_LIF,-0.401999435988472,R3,0.0394061867214351,0.97385159338697,NS,-0.831965336132145
NFAT5,mES_POU5F1_DEG,-0.576228893403349,R1,-0.605585228073933,0.418443669812802,NS,-4.33686386410685
NFAT5,mES_POU5F1_DEG,-0.544904937157546,R2,-0.605585228073933,0.418443669812802,NS,-4.33686386410685
NFAT5,mES_SOX2_DEG,-0.361866730104989,R1,-0.598420903702039,0.0800779133523964,NS,-0.587047394845637
NFAT5,mES_SOX2_DEG,-0.78958225146589,R2,-0.598420903702039,0.0800779133523964,NS,-0.587047394845637
NFATC1,mES_CH,0.276246995198344,R1,0.12688671901271,0.908130000950612,NS,-3.14332170058074
NFATC1,mES_CH,0.421066312980119,R2,0.12688671901271,0.908130000950612,NS,-3.14332170058074
NFATC1,mES_CH,-0.0849579276313556,R3,0.12688671901271,0.908130000950612,NS,-3.14332170058074
NFATC1,mES_FOXA1_OE,0.198214222457483,R3,-0.036620296566701,0.9678307207156,NS,-3.0596937966488
NFATC1,mES_LIF,0.262701411131356,R1,-0.0108497518514195,0.988405941782305,NS,-3.12310975196632
NFATC1,mES_LIF,0.475641556536984,R2,-0.0108497518514195,0.988405941782305,NS,-3.12310975196632
NFATC1,mES_LIF,-0.584105138625874,R3,-0.0108497518514195,0.988405941782305,NS,-3.12310975196632
NFATC1,mES_POU5F1_DEG,-0.63677708120951,R1,-0.379324058666725,0.620399033732159,NS,-3.56077198952509
NFATC1,mES_POU5F1_DEG,1.96492575524271,R2,-0.379324058666725,0.620399033732159,NS,-3.56077198952509
NFATC1,mES_SOX2_DEG,-0.451961880206879,R1,-1.21633637655967,0.0448504140117224,NS,-2.96686400077238
NFATC1,mES_SOX2_DEG,-0.908189743863734,R2,-1.21633637655967,0.0448504140117224,NS,-2.96686400077238
NFE2L2,mES_CH,0.229295405914326,R1,-0.0625615895333675,0.843494006530403,NS,2.43409742276436
NFE2L2,mES_CH,-0.44611043792407,R2,-0.0625615895333675,0.843494006530403,NS,2.43409742276436
NFE2L2,mES_CH,-0.306232671921606,R3,-0.0625615895333675,0.843494006530403,NS,2.43409742276436
NFE2L2,mES_FOXA1_OE,-0.931593883930464,R3,-0.0232271639073882,0.9678307207156,NS,2.90482417299063
NFE2L2,mES_LIF,0.0650166011581481,R1,0.148478886219685,0.437377907146796,NS,2.41293179258018
NFE2L2,mES_LIF,-0.607407158138022,R2,0.148478886219685,0.437377907146796,NS,2.41293179258018
NFE2L2,mES_LIF,-0.317476358380414,R3,0.148478886219685,0.437377907146796,NS,2.41293179258018
NFE2L2,mES_POU5F1_DEG,-0.320517887663343,R1,-0.069595302982637,0.765556984448747,NS,3.25681741529795
NFE2L2,mES_POU5F1_DEG,0.0862171698205687,R2,-0.069595302982637,0.765556984448747,NS,3.25681741529795
NFE2L2,mES_SOX2_DEG,0.952477236153118,R1,0.117230859481074,0.361257324117451,NS,2.32260234386179
NFE2L2,mES_SOX2_DEG,1.13379829784042,R2,0.117230859481074,0.361257324117451,NS,2.32260234386179
NFIA,mES_CH,-0.410625714116439,R1,-0.163567520977098,0.908130000950612,NS,-1.9379648686986
NFIA,mES_CH,0.23942725398755,R2,-0.163567520977098,0.908130000950612,NS,-1.9379648686986
NFIA,mES_CH,0.611977752943318,R3,-0.163567520977098,0.908130000950612,NS,-1.9379648686986
NFIA,mES_FOXA1_OE,0.576738459869116,R3,1.00521636447969,0.671825225493959,NS,-3.72295141208774
NFIA,mES_LIF,-0.193055733840654,R1,0.176017614912435,0.826324614279522,NS,-1.92514483028969
NFIA,mES_LIF,0.0525212969847172,R2,0.176017614912435,0.826324614279522,NS,-1.92514483028969
NFIA,mES_LIF,1.24337250286429,R3,0.176017614912435,0.826324614279522,NS,-1.92514483028969
NFIA,mES_POU5F1_DEG,0.152981712188188,R1,-0.735732019987453,0.317692131943441,NS,-3.60280907265563
NFIA,mES_POU5F1_DEG,-0.0944270019867686,R2,-0.735732019987453,0.317692131943441,NS,-3.60280907265563
NFIA,mES_SOX2_DEG,0.382822784243272,R1,0.486469101464879,0.454715820529412,NS,-2.32821286208963
NFIA,mES_SOX2_DEG,1.12097512080156,R2,0.486469101464879,0.454715820529412,NS,-2.32821286208963
NFKB1,mES_CH,0.144449039017686,R1,0.0700987593893894,0.908130000950612,NS,-2.32035962540368
NFKB1,mES_CH,-0.373841114715241,R2,0.0700987593893894,0.908130000950612,NS,-2.32035962540368
NFKB1,mES_CH,-0.013624356752179,R3,0.0700987593893894,0.908130000950612,NS,-2.32035962540368
NFKB1,mES_FOXA1_OE,-0.551496227700655,R3,0.507580281697836,0.789720059729306,NS,-0.58971477932163
NFKB1,mES_LIF,1.05824907311615,R1,1.54913997204642,1.81906470521528e-10,Upregulated,-2.3459672428509
NFKB1,mES_LIF,1.19551549500392,R2,1.54913997204642,1.81906470521528e-10,Upregulated,-2.3459672428509
NFKB1,mES_LIF,1.16904962757,R3,1.54913997204642,1.81906470521528e-10,Upregulated,-2.3459672428509
NFKB1,mES_POU5F1_DEG,1.10677166074718,R1,1.28745508462138,3.5715013893478e-4,Upregulated,-1.41920517788804
NFKB1,mES_POU5F1_DEG,1.70341869332608,R2,1.28745508462138,3.5715013893478e-4,Upregulated,-1.41920517788804
NFKB1,mES_SOX2_DEG,1.66413288688345,R1,0.877079570145318,2.48272406286972e-6,Upregulated,-1.2304771894161
NFKB1,mES_SOX2_DEG,2.20575066970005,R2,0.877079570145318,2.48272406286972e-6,Upregulated,-1.2304771894161
NFYA,mES_CH,0.139678892415191,R1,0.237039086511276,0.908130000950612,NS,-0.0861663076073768
NFYA,mES_CH,-0.00393080176892102,R2,0.237039086511276,0.908130000950612,NS,-0.0861663076073768
NFYA,mES_CH,0.167727554363088,R3,0.237039086511276,0.908130000950612,NS,-0.0861663076073768
NFYA,mES_FOXA1_OE,-0.787389730537332,R3,0.311342343627201,0.934471774660713,NS,-3.08103300724931
NFYA,mES_LIF,-0.307363099928573,R1,0.0192567554536646,0.988405941782305,NS,-0.0831881090931055
NFYA,mES_LIF,-0.192764183103086,R2,0.0192567554536646,0.988405941782305,NS,-0.0831881090931055
NFYA,mES_LIF,-0.235125275836477,R3,0.0192567554536646,0.988405941782305,NS,-0.0831881090931055
NFYA,mES_POU5F1_DEG,-0.399431786628808,R1,-0.101902485040619,0.942215100070178,NS,-2.43268009637758
NFYA,mES_POU5F1_DEG,-0.563651984343539,R2,-0.101902485040619,0.942215100070178,NS,-2.43268009637758
NFYA,mES_SOX2_DEG,-0.881717763006929,R1,-0.408251673897924,0.720958395023758,NS,-0.687278037542854
NFYA,mES_SOX2_DEG,-0.397870484117131,R2,-0.408251673897924,0.720958395023758,NS,-0.687278037542854
NR1D1,mES_CH,-0.821036604955722,R1,-0.169723278169697,0.908130000950612,NS,-4.05625627133227
NR1D1,mES_CH,-0.468636748074723,R2,-0.169723278169697,0.908130000950612,NS,-4.05625627133227
NR1D1,mES_CH,-0.256823845623012,R3,-0.169723278169697,0.908130000950612,NS,-4.05625627133227
NR1D1,mES_FOXA1_OE,-0.725891137501497,R3,NA,NA,NA,NA
NR1D1,mES_LIF,0.453588871674198,R1,0.146000347074576,0.949011861382116,NS,-3.94707669770224
NR1D1,mES_LIF,0.474615145183566,R2,0.146000347074576,0.949011861382116,NS,-3.94707669770224
NR1D1,mES_LIF,-0.304790747089247,R3,0.146000347074576,0.949011861382116,NS,-3.94707669770224
NR1D1,mES_POU5F1_DEG,-0.642424267367028,R1,NA,NA,NA,NA
NR1D1,mES_POU5F1_DEG,2.32963040994197,R2,NA,NA,NA,NA
NR1D1,mES_SOX2_DEG,0.83398891722868,R1,0.834925961466474,0.304529361885719,NS,-3.73726196724613
NR1D1,mES_SOX2_DEG,1.24257206243397,R2,0.834925961466474,0.304529361885719,NS,-3.73726196724613
NR1H2,mES_CH,1.00589159693586,R1,NA,NA,NA,NA
NR1H2,mES_CH,-1.53844788499706,R2,NA,NA,NA,NA
NR1H2,mES_CH,-0.672360486162745,R3,NA,NA,NA,NA
NR1H2,mES_FOXA1_OE,0.115874317092683,R3,NA,NA,NA,NA
NR1H2,mES_LIF,-0.7734658168706,R1,NA,NA,NA,NA
NR1H2,mES_LIF,-1.63781116614444,R2,NA,NA,NA,NA
NR1H2,mES_LIF,-0.841503798073973,R3,NA,NA,NA,NA
NR1H2,mES_POU5F1_DEG,0.196734310446058,R1,NA,NA,NA,NA
NR1H2,mES_POU5F1_DEG,-0.294281202661627,R2,NA,NA,NA,NA
NR1H2,mES_SOX2_DEG,0.183262648449969,R1,NA,NA,NA,NA
NR1H2,mES_SOX2_DEG,-0.333339387562156,R2,NA,NA,NA,NA
NR1H4::RXRA,mES_CH,0.825049365148148,R1,0.474423773471093,0.14667577344403,NS,-1.77238798304442
NR1H4::RXRA,mES_CH,0.415989715003013,R2,0.474423773471093,0.14667577344403,NS,-1.77238798304442
NR1H4::RXRA,mES_CH,0.315598549928959,R3,0.474423773471093,0.14667577344403,NS,-1.77238798304442
NR1H4::RXRA,mES_FOXA1_OE,0.0792704811351896,R3,0.0661859157020229,0.9678307207156,NS,-3.26183251524364
NR1H4::RXRA,mES_LIF,0.103231632370964,R1,-0.297611706802626,0.452935337312247,NS,-1.77391262125342
NR1H4::RXRA,mES_LIF,0.00822637140969928,R2,-0.297611706802626,0.452935337312247,NS,-1.77391262125342
NR1H4::RXRA,mES_LIF,-0.803431062565852,R3,-0.297611706802626,0.452935337312247,NS,-1.77391262125342
NR1H4::RXRA,mES_POU5F1_DEG,-0.0904460187605067,R1,-0.393677113249086,0.537928501940635,NS,-3.91061978525211
NR1H4::RXRA,mES_POU5F1_DEG,-0.652613209552355,R2,-0.393677113249086,0.537928501940635,NS,-3.91061978525211
NR1H4::RXRA,mES_SOX2_DEG,0.114832056198979,R1,-1.00227565835578,0.00763755826734948,Downregulated,-1.80744226943178
NR1H4::RXRA,mES_SOX2_DEG,-1.32045802721885,R2,-1.00227565835578,0.00763755826734948,Downregulated,-1.80744226943178
NR1I2,mES_CH,0.128117568930011,R1,-0.46009425021625,0.550542063691426,NS,-2.16677775071023
NR1I2,mES_CH,-0.538545973964869,R2,-0.46009425021625,0.550542063691426,NS,-2.16677775071023
NR1I2,mES_CH,0.0511581975553357,R3,-0.46009425021625,0.550542063691426,NS,-2.16677775071023
NR1I2,mES_FOXA1_OE,0.223127549250227,R3,0.77894656755654,0.789720059729306,NS,-3.88436791111363
NR1I2,mES_LIF,0.920624051799934,R1,-0.378313412932363,0.682813233196246,NS,-2.18282029206674
NR1I2,mES_LIF,-0.54117229145685,R2,-0.378313412932363,0.682813233196246,NS,-2.18282029206674
NR1I2,mES_LIF,-0.101224382769505,R3,-0.378313412932363,0.682813233196246,NS,-2.18282029206674
NR1I2,mES_POU5F1_DEG,1.26154713719152,R1,0.0792682310330197,0.939042585085944,NS,-3.84086843571676
NR1I2,mES_POU5F1_DEG,0.0536765695723892,R2,0.0792682310330197,0.939042585085944,NS,-3.84086843571676
NR1I2,mES_SOX2_DEG,-0.116555241706807,R1,-0.421264965635,0.35639058712591,NS,-2.64854800516917
NR1I2,mES_SOX2_DEG,0.274583481402666,R2,-0.421264965635,0.35639058712591,NS,-2.64854800516917
NR1I3,mES_CH,-0.496483180189134,R1,-0.426695207013681,0.481752816433032,NS,-2.29683130378085
NR1I3,mES_CH,-0.622706223335916,R2,-0.426695207013681,0.481752816433032,NS,-2.29683130378085
NR1I3,mES_CH,-1.20923909695055,R3,-0.426695207013681,0.481752816433032,NS,-2.29683130378085
NR1I3,mES_FOXA1_OE,-0.0119817558150555,R3,-0.341206062777636,0.92869572764428,NS,-1.86131359916759
NR1I3,mES_LIF,1.21929441526853,R1,-0.511946719330789,0.452935337312247,NS,-2.28522144500719
NR1I3,mES_LIF,-0.57468284753227,R2,-0.511946719330789,0.452935337312247,NS,-2.28522144500719
NR1I3,mES_LIF,-0.198980012361307,R3,-0.511946719330789,0.452935337312247,NS,-2.28522144500719
NR1I3,mES_POU5F1_DEG,0.465448424962092,R1,-0.556510115281008,0.670912320562426,NS,-1.79203158156001
NR1I3,mES_POU5F1_DEG,0.226268611102497,R2,-0.556510115281008,0.670912320562426,NS,-1.79203158156001
NR1I3,mES_SOX2_DEG,-0.387590299781193,R1,-0.213913451378643,0.709825190908595,NS,-2.53581050650683
NR1I3,mES_SOX2_DEG,0.94461666399837,R2,-0.213913451378643,0.709825190908595,NS,-2.53581050650683
NR3C1,mES_CH,0.0982822906925447,R1,0.543510034095972,0.569970313456926,NS,-3.09397801605055
NR3C1,mES_CH,1.38404906849629,R2,0.543510034095972,0.569970313456926,NS,-3.09397801605055
NR3C1,mES_CH,0.703553865210296,R3,0.543510034095972,0.569970313456926,NS,-3.09397801605055
NR3C1,mES_FOXA1_OE,1.07531370354318,R3,-0.900194288937504,0.922631756910257,NS,-4.71447289906807
NR3C1,mES_LIF,-0.725348671873546,R1,0.0160735802198746,0.988405941782305,NS,-3.12925109495882
NR3C1,mES_LIF,0.610936708678927,R2,0.0160735802198746,0.988405941782305,NS,-3.12925109495882
NR3C1,mES_LIF,0.560258444805819,R3,0.0160735802198746,0.988405941782305,NS,-3.12925109495882
NR3C1,mES_POU5F1_DEG,0.775460708566067,R1,0.366396525174117,0.600278513303272,NS,-4.36007859080893
NR3C1,mES_POU5F1_DEG,0.565706799963733,R2,0.366396525174117,0.600278513303272,NS,-4.36007859080893
NR3C1,mES_SOX2_DEG,0.427762580225566,R1,0.0130494337894185,0.978129809380548,NS,-3.27457208153759
NR3C1,mES_SOX2_DEG,-0.0182890330648408,R2,0.0130494337894185,0.978129809380548,NS,-3.27457208153759
NR3C2,mES_CH,0.0820661433469161,R1,0.154561410757139,0.908130000950612,NS,-1.884580530467
NR3C2,mES_CH,-0.260601324036582,R2,0.154561410757139,0.908130000950612,NS,-1.884580530467
NR3C2,mES_CH,0.364357031704315,R3,0.154561410757139,0.908130000950612,NS,-1.884580530467
NR3C2,mES_FOXA1_OE,0.144992423837143,R3,0.183509585831477,0.92869572764428,NS,-1.02046710572162
NR3C2,mES_LIF,0.291113788602142,R1,0.248392660204488,0.768745598943699,NS,-1.87964878076257
NR3C2,mES_LIF,-0.0919699897830683,R2,0.248392660204488,0.768745598943699,NS,-1.87964878076257
NR3C2,mES_LIF,-0.0580442250324514,R3,0.248392660204488,0.768745598943699,NS,-1.87964878076257
NR3C2,mES_POU5F1_DEG,0.235617852433495,R1,-0.637630826538579,0.302013912059847,NS,-1.6707186139856
NR3C2,mES_POU5F1_DEG,-0.562088209433549,R2,-0.637630826538579,0.302013912059847,NS,-1.6707186139856
NR3C2,mES_SOX2_DEG,-1.40938485121693,R1,0.620351160122665,0.0987449204421975,NS,-1.98891280695829
NR3C2,mES_SOX2_DEG,-1.26065953559151,R2,0.620351160122665,0.0987449204421975,NS,-1.98891280695829
NR4A1,mES_CH,0.0663545043431168,R1,0.0300112008016861,0.925839129898384,NS,-1.83670673048263
NR4A1,mES_CH,0.339570521285803,R2,0.0300112008016861,0.925839129898384,NS,-1.83670673048263
NR4A1,mES_CH,0.464833509136576,R3,0.0300112008016861,0.925839129898384,NS,-1.83670673048263
NR4A1,mES_FOXA1_OE,-0.762331995393949,R3,-0.303980603493267,0.789720059729306,NS,-0.8764050522702
NR4A1,mES_LIF,-0.559418624424837,R1,-0.0613956592964974,0.953196944872845,NS,-1.80896493647014
NR4A1,mES_LIF,-0.239656713421632,R2,-0.0613956592964974,0.953196944872845,NS,-1.80896493647014
NR4A1,mES_LIF,-0.131917220487008,R3,-0.0613956592964974,0.953196944872845,NS,-1.80896493647014
NR4A1,mES_POU5F1_DEG,-0.187552127818602,R1,-0.409767703701415,0.250829045471525,NS,-1.9798523600157
NR4A1,mES_POU5F1_DEG,-1.18451714798148,R2,-0.409767703701415,0.250829045471525,NS,-1.9798523600157
NR4A1,mES_SOX2_DEG,-1.40562063330629,R1,-0.798887315734191,0.00209345266061447,Downregulated,-1.93559916784075
NR4A1,mES_SOX2_DEG,-1.43803394654163,R2,-0.798887315734191,0.00209345266061447,Downregulated,-1.93559916784075
NR4A2::RXRA,mES_CH,0.358931985800565,R1,0.0303022256338827,0.948826322066587,NS,0.867287824343609
NR4A2::RXRA,mES_CH,-0.112322145604286,R2,0.0303022256338827,0.948826322066587,NS,0.867287824343609
NR4A2::RXRA,mES_CH,-0.162978768755592,R3,0.0303022256338827,0.948826322066587,NS,0.867287824343609
NR4A2::RXRA,mES_FOXA1_OE,-0.871520613741352,R3,-0.443534476773737,0.82062655765857,NS,-1.77869218447318
NR4A2::RXRA,mES_LIF,-0.383254712785973,R1,-0.475480331776162,0.31857278348172,NS,0.83588196939209
NR4A2::RXRA,mES_LIF,-0.413782192540924,R2,-0.475480331776162,0.31857278348172,NS,0.83588196939209
NR4A2::RXRA,mES_LIF,-0.412517993444163,R3,-0.475480331776162,0.31857278348172,NS,0.83588196939209
NR4A2::RXRA,mES_POU5F1_DEG,-1.0745110838388,R1,-1.22314077223536,0.00546875625169434,Downregulated,-2.13720278808863
NR4A2::RXRA,mES_POU5F1_DEG,-1.58332053405984,R2,-1.22314077223536,0.00546875625169434,Downregulated,-2.13720278808863
NR4A2::RXRA,mES_SOX2_DEG,-2.21876603129016,R1,-2.30078887860978,1.49776626637965e-9,Downregulated,1.15130831620491
NR4A2::RXRA,mES_SOX2_DEG,-1.90809558850612,R2,-2.30078887860978,1.49776626637965e-9,Downregulated,1.15130831620491
NR5A2,mES_CH,-0.0446457266525573,R1,0.177717506787707,0.843494006530403,NS,-1.76994944529439
NR5A2,mES_CH,0.126455996781885,R2,0.177717506787707,0.843494006530403,NS,-1.76994944529439
NR5A2,mES_CH,0.625174594220411,R3,0.177717506787707,0.843494006530403,NS,-1.76994944529439
NR5A2,mES_FOXA1_OE,0.417569205745986,R3,1.06834870742115,0.236038206564354,NS,-2.21675509835215
NR5A2,mES_LIF,-0.22541423291824,R1,-0.123382242849135,0.785376171246892,NS,-1.75614207662011
NR5A2,mES_LIF,-0.407681252694984,R2,-0.123382242849135,0.785376171246892,NS,-1.75614207662011
NR5A2,mES_LIF,0.344361724906685,R3,-0.123382242849135,0.785376171246892,NS,-1.75614207662011
NR5A2,mES_POU5F1_DEG,-0.418308106563621,R1,-0.0887594411490352,0.846572753454252,NS,-3.07425261164419
NR5A2,mES_POU5F1_DEG,-0.617626517718904,R2,-0.0887594411490352,0.846572753454252,NS,-3.07425261164419
NR5A2,mES_SOX2_DEG,0.222411577394306,R1,-0.238678613204347,0.549510780368552,NS,-1.88554070252412
NR5A2,mES_SOX2_DEG,0.154564015617118,R2,-0.238678613204347,0.549510780368552,NS,-1.88554070252412
NRF1,mES_CH,0.0505014718774666,R1,-0.175572457907065,0.628725718119776,NS,1.92972809106697
NRF1,mES_CH,-0.289265855655235,R2,-0.175572457907065,0.628725718119776,NS,1.92972809106697
NRF1,mES_CH,-0.161824125118447,R3,-0.175572457907065,0.628725718119776,NS,1.92972809106697
NRF1,mES_FOXA1_OE,-0.646468174284379,R3,-0.161320710936589,0.923104213148729,NS,0.597353059193268
NRF1,mES_LIF,-0.196669058838093,R1,-0.328353569727007,0.25682375119085,NS,1.9537727848898
NRF1,mES_LIF,-0.549474442335067,R2,-0.328353569727007,0.25682375119085,NS,1.9537727848898
NRF1,mES_LIF,-0.178639360235967,R3,-0.328353569727007,0.25682375119085,NS,1.9537727848898
NRF1,mES_POU5F1_DEG,-0.267667600730769,R1,0.289008405495251,0.25966684963697,NS,0.460165320159897
NRF1,mES_POU5F1_DEG,0.0811768288598351,R2,0.289008405495251,0.25966684963697,NS,0.460165320159897
NRF1,mES_SOX2_DEG,0.615690586535687,R1,0.462272259881147,0.00513883955232075,Upregulated,1.81486899649106
NRF1,mES_SOX2_DEG,1.08677501207173,R2,0.462272259881147,0.00513883955232075,Upregulated,1.81486899649106
ONECUT1,mES_CH,-1.15312327040307,R1,-0.168502472629733,0.908130000950612,NS,-1.84008758574409
ONECUT1,mES_CH,0.306809056802667,R2,-0.168502472629733,0.908130000950612,NS,-1.84008758574409
ONECUT1,mES_CH,0.349491399306753,R3,-0.168502472629733,0.908130000950612,NS,-1.84008758574409
ONECUT1,mES_FOXA1_OE,1.30907942335115,R3,1.26684663698517,0.789720059729306,NS,-2.68569200622036
ONECUT1,mES_LIF,-0.701696298958803,R1,-0.352121965823681,0.636808316876595,NS,-1.75544998533208
ONECUT1,mES_LIF,0.573343202337468,R2,-0.352121965823681,0.636808316876595,NS,-1.75544998533208
ONECUT1,mES_LIF,0.160434463859768,R3,-0.352121965823681,0.636808316876595,NS,-1.75544998533208
ONECUT1,mES_POU5F1_DEG,0.803754889893635,R1,0.347049600869657,0.65479373059987,NS,-2.62128432741026
ONECUT1,mES_POU5F1_DEG,3.32504666606365,R2,0.347049600869657,0.65479373059987,NS,-2.62128432741026
ONECUT1,mES_SOX2_DEG,-0.569281869165296,R1,0.297612693024369,0.72142359783254,NS,-2.60317829112619
ONECUT1,mES_SOX2_DEG,0.814923247385207,R2,0.297612693024369,0.72142359783254,NS,-2.60317829112619
OTX1,mES_CH,0.239626477354739,R1,0.672076277821295,0.569970313456926,NS,-1.13854729912459
OTX1,mES_CH,0.309980280777881,R2,0.672076277821295,0.569970313456926,NS,-1.13854729912459
OTX1,mES_CH,-0.190018693226133,R3,0.672076277821295,0.569970313456926,NS,-1.13854729912459
OTX1,mES_FOXA1_OE,0.291328761174397,R3,-1.89730299437772,0.671825225493959,NS,-3.57609193923539
OTX1,mES_LIF,-0.132795256947032,R1,0.46008813890005,0.763752698902417,NS,-1.16101175582995
OTX1,mES_LIF,0.218698666732263,R2,0.46008813890005,0.763752698902417,NS,-1.16101175582995
OTX1,mES_LIF,-1.43315379779034,R3,0.46008813890005,0.763752698902417,NS,-1.16101175582995
OTX1,mES_POU5F1_DEG,0.0126701343500939,R1,-0.607685783018856,0.639150088336311,NS,-3.56478452255881
OTX1,mES_POU5F1_DEG,0.32020132941997,R2,-0.607685783018856,0.639150088336311,NS,-3.56478452255881
OTX1,mES_SOX2_DEG,0.543521554894971,R1,-0.0775837432987834,0.882617710747103,NS,-0.649132206485812
OTX1,mES_SOX2_DEG,-0.248778507149936,R2,-0.0775837432987834,0.882617710747103,NS,-0.649132206485812
PAX6,mES_CH,1.09559159198591,R1,0.238769260413694,0.49226191525698,NS,-3.3250181336161
PAX6,mES_CH,-0.295453320360673,R2,0.238769260413694,0.49226191525698,NS,-3.3250181336161
PAX6,mES_CH,0.284235183532426,R3,0.238769260413694,0.49226191525698,NS,-3.3250181336161
PAX6,mES_FOXA1_OE,-0.633509990164176,R3,0.297312030333107,0.92869572764428,NS,-5.3793385919351
PAX6,mES_LIF,-0.16779796104284,R1,0.115997704014107,0.785376171246892,NS,-3.33168475717961
PAX6,mES_LIF,-0.211454067494247,R2,0.115997704014107,0.785376171246892,NS,-3.33168475717961
PAX6,mES_LIF,-1.02818723085794,R3,0.115997704014107,0.785376171246892,NS,-3.33168475717961
PAX6,mES_POU5F1_DEG,-0.190604220751286,R1,-0.979415469147609,0.195381619175446,NS,-5.11546455970879
PAX6,mES_POU5F1_DEG,-1.46538022126969,R2,-0.979415469147609,0.195381619175446,NS,-5.11546455970879
PAX6,mES_SOX2_DEG,-0.209399714953386,R1,-1.70953102599841,1.9843113370765e-4,Downregulated,-3.34724933936206
PAX6,mES_SOX2_DEG,-1.5067001000206801,R2,-1.70953102599841,1.9843113370765e-4,Downregulated,-3.34724933936206
PGR,mES_CH,0.315972470321928,R1,0.114989259353625,0.908130000950612,NS,-0.847317548207453
PGR,mES_CH,-1.5602644963419,R2,0.114989259353625,0.908130000950612,NS,-0.847317548207453
PGR,mES_CH,1.05223021470995,R3,0.114989259353625,0.908130000950612,NS,-0.847317548207453
PGR,mES_FOXA1_OE,0.0393585393884447,R3,0.273892614231679,0.92869572764428,NS,-2.74146777996822
PGR,mES_LIF,-0.121817173349327,R1,-0.232659600954291,0.763752698902417,NS,-0.851891477155281
PGR,mES_LIF,-1.36925652138323,R2,-0.232659600954291,0.763752698902417,NS,-0.851891477155281
PGR,mES_LIF,0.0461041404546675,R3,-0.232659600954291,0.763752698902417,NS,-0.851891477155281
PGR,mES_POU5F1_DEG,-0.448931917862609,R1,-0.938568509970959,0.252296003771503,NS,-2.4707987387005
PGR,mES_POU5F1_DEG,-1.01260477842662,R2,-0.938568509970959,0.252296003771503,NS,-2.4707987387005
PGR,mES_SOX2_DEG,0.4826209631717,R1,0.390710621513302,0.35639058712591,NS,-1.12210869603267
PGR,mES_SOX2_DEG,0.121507039708024,R2,0.390710621513302,0.35639058712591,NS,-1.12210869603267
POU2F1,mES_CH,-0.37904242388745,R1,-0.369241491564758,0.351852639194024,NS,0.366420430714102
POU2F1,mES_CH,-0.654410872235531,R2,-0.369241491564758,0.351852639194024,NS,0.366420430714102
POU2F1,mES_CH,-0.539908286824051,R3,-0.369241491564758,0.351852639194024,NS,0.366420430714102
POU2F1,mES_FOXA1_OE,0.0657486288945506,R3,0.290603114332981,0.923104213148729,NS,-1.0602299107513
POU2F1,mES_LIF,-0.375279452100583,R1,-0.586538267863207,0.270047818593074,NS,0.369873550611818
POU2F1,mES_LIF,-0.762444515175544,R2,-0.586538267863207,0.270047818593074,NS,0.369873550611818
POU2F1,mES_LIF,-0.294945974574394,R3,-0.586538267863207,0.270047818593074,NS,0.369873550611818
POU2F1,mES_POU5F1_DEG,-0.217041728857061,R1,-0.815421094787795,0.130602435302458,NS,-1.39369538951531
POU2F1,mES_POU5F1_DEG,-0.96810096711376,R2,-0.815421094787795,0.130602435302458,NS,-1.39369538951531
POU2F1,mES_SOX2_DEG,-0.364323275777516,R1,-0.221340478490792,0.642262773266044,NS,0.161657281209422
POU2F1,mES_SOX2_DEG,-0.0338962715101667,R2,-0.221340478490792,0.642262773266044,NS,0.161657281209422
POU5F1,mES_CH,0.560817643189557,R1,0.427604423011215,0.261014423651565,NS,-0.889177947773862
POU5F1,mES_CH,0.350017957269816,R2,0.427604423011215,0.261014423651565,NS,-0.889177947773862
POU5F1,mES_CH,0.380650950487083,R3,0.427604423011215,0.261014423651565,NS,-0.889177947773862
POU5F1,mES_FOXA1_OE,-1.10260476463953,R3,-1.25327566034652,0.421065485740562,NS,-1.20496719581115
POU5F1,mES_LIF,-0.797951452823929,R1,-0.428280467361304,0.291143786948877,NS,-0.902801770889387
POU5F1,mES_LIF,-0.311769022302463,R2,-0.428280467361304,0.291143786948877,NS,-0.902801770889387
POU5F1,mES_LIF,-0.163246245132596,R3,-0.428280467361304,0.291143786948877,NS,-0.902801770889387
POU5F1,mES_POU5F1_DEG,-0.547477228724308,R1,-0.384604914338724,0.376648557946676,NS,-1.72195827630843
POU5F1,mES_POU5F1_DEG,-1.08444759288362,R2,-0.384604914338724,0.376648557946676,NS,-1.72195827630843
POU5F1,mES_SOX2_DEG,-1.54156456018999,R1,-1.5159688762579,6.65762429299032e-6,Downregulated,-0.733597366474955
POU5F1,mES_SOX2_DEG,-1.04691957256717,R2,-1.5159688762579,6.65762429299032e-6,Downregulated,-0.733597366474955
POU5F1::SOX2,mES_CH,-0.0171494641341292,R1,-0.164508891456267,0.843494006530403,NS,2.55664462084791
POU5F1::SOX2,mES_CH,-0.135267544903492,R2,-0.164508891456267,0.843494006530403,NS,2.55664462084791
POU5F1::SOX2,mES_CH,-0.549013596367899,R3,-0.164508891456267,0.843494006530403,NS,2.55664462084791
POU5F1::SOX2,mES_FOXA1_OE,-1.30890576707341,R3,-0.170698873706884,0.92869572764428,NS,0.446560498933043
POU5F1::SOX2,mES_LIF,-0.153563901047903,R1,-0.23314141703045899,0.682813233196246,NS,2.51950279762087
POU5F1::SOX2,mES_LIF,0.066436100914145,R2,-0.23314141703045899,0.682813233196246,NS,2.51950279762087
POU5F1::SOX2,mES_LIF,-0.459405434502323,R3,-0.23314141703045899,0.682813233196246,NS,2.51950279762087
POU5F1::SOX2,mES_POU5F1_DEG,-2.33339260422589,R1,-2.60859715835269,1.96375819350133e-9,Downregulated,-0.624021158191873
POU5F1::SOX2,mES_POU5F1_DEG,-2.61560028909628,R2,-2.60859715835269,1.96375819350133e-9,Downregulated,-0.624021158191873
POU5F1::SOX2,mES_SOX2_DEG,-1.64279429233911,R1,-1.60023032352567,1.90365075227555e-8,Downregulated,2.47359039281942
POU5F1::SOX2,mES_SOX2_DEG,-1.65067315196016,R2,-1.60023032352567,1.90365075227555e-8,Downregulated,2.47359039281942
PPARA::RXRA,mES_CH,-0.0797041538832733,R1,0.208764554547413,0.908130000950612,NS,-1.50050688400575
PPARA::RXRA,mES_CH,-1.02324451526761,R2,0.208764554547413,0.908130000950612,NS,-1.50050688400575
PPARA::RXRA,mES_CH,-0.847177425283092,R3,0.208764554547413,0.908130000950612,NS,-1.50050688400575
PPARA::RXRA,mES_FOXA1_OE,1.55294124627063,R3,1.81385908612572,0.279449248096178,NS,-2.74554886548606
PPARA::RXRA,mES_LIF,0.723069187174999,R1,0.00587718133902897,0.988405941782305,NS,-1.51093096704327
PPARA::RXRA,mES_LIF,0.368119372290261,R2,0.00587718133902897,0.988405941782305,NS,-1.51093096704327
PPARA::RXRA,mES_LIF,-0.123047088322064,R3,0.00587718133902897,0.988405941782305,NS,-1.51093096704327
PPARA::RXRA,mES_POU5F1_DEG,0.452460925144186,R1,-0.532321731361413,0.365989549531941,NS,-2.04433092694598
PPARA::RXRA,mES_POU5F1_DEG,-0.442143411333736,R2,-0.532321731361413,0.365989549531941,NS,-2.04433092694598
PPARA::RXRA,mES_SOX2_DEG,0.605756612870376,R1,0.490707057297414,0.321639801061148,NS,-1.16541345682967
PPARA::RXRA,mES_SOX2_DEG,0.197345745915412,R2,0.490707057297414,0.321639801061148,NS,-1.16541345682967
PPARG::RXRA,mES_CH,-0.540901223800523,R1,-0.15981644342284,0.908130000950612,NS,-3.70237041283755
PPARG::RXRA,mES_CH,-0.293666758450916,R2,-0.15981644342284,0.908130000950612,NS,-3.70237041283755
PPARG::RXRA,mES_CH,-0.689202310380697,R3,-0.15981644342284,0.908130000950612,NS,-3.70237041283755
PPARG::RXRA,mES_FOXA1_OE,0.37731955389595,R3,0.686640410471775,0.789720059729306,NS,-2.73205957340013
PPARG::RXRA,mES_LIF,-0.398547546076245,R1,0.211988552208834,0.785376171246892,NS,-3.69761926260057
PPARG::RXRA,mES_LIF,-0.715685230650789,R2,0.211988552208834,0.785376171246892,NS,-3.69761926260057
PPARG::RXRA,mES_LIF,-0.670436067763927,R3,0.211988552208834,0.785376171246892,NS,-3.69761926260057
PPARG::RXRA,mES_POU5F1_DEG,0.711674874161708,R1,0.725386780039288,0.371729101450546,NS,-3.38116372196896
PPARG::RXRA,mES_POU5F1_DEG,-0.546762749083869,R2,0.725386780039288,0.371729101450546,NS,-3.38116372196896
PPARG::RXRA,mES_SOX2_DEG,-0.117744365097109,R1,0.209373111200551,0.676856959568105,NS,-3.46475606637339
PPARG::RXRA,mES_SOX2_DEG,1.20559399212209,R2,0.209373111200551,0.676856959568105,NS,-3.46475606637339
RARA,mES_CH,-0.403129844221982,R1,-0.244943679785903,0.908130000950612,NS,-1.3908253488846
RARA,mES_CH,0.628899616954662,R2,-0.244943679785903,0.908130000950612,NS,-1.3908253488846
RARA,mES_CH,0.199030787921851,R3,-0.244943679785903,0.908130000950612,NS,-1.3908253488846
RARA,mES_FOXA1_OE,-0.225928594453719,R3,0.397466621739344,0.92869572764428,NS,-1.47675290942855
RARA,mES_LIF,0.269187558604543,R1,-0.248437805090234,0.826324614279522,NS,-1.39161878377952
RARA,mES_LIF,0.265526787549278,R2,-0.248437805090234,0.826324614279522,NS,-1.39161878377952
RARA,mES_LIF,0.207734369477394,R3,-0.248437805090234,0.826324614279522,NS,-1.39161878377952
RARA,mES_POU5F1_DEG,-0.222430369609534,R1,0.136854461298323,0.939042585085944,NS,-2.23359881216989
RARA,mES_POU5F1_DEG,-0.44166214162116,R2,0.136854461298323,0.939042585085944,NS,-2.23359881216989
RARA,mES_SOX2_DEG,1.86666283520099,R1,0.569554980932109,0.585243181133579,NS,-1.55168978724442
RARA,mES_SOX2_DEG,1.17030922978731,R2,0.569554980932109,0.585243181133579,NS,-1.55168978724442
RARA:RXRA,mES_CH,-0.282424317910078,R1,-0.244122333449787,0.801236930285329,NS,-1.59185211724886
RARA:RXRA,mES_CH,-0.356155280481059,R2,-0.244122333449787,0.801236930285329,NS,-1.59185211724886
RARA:RXRA,mES_CH,-0.277668948434006,R3,-0.244122333449787,0.801236930285329,NS,-1.59185211724886
RARA:RXRA,mES_FOXA1_OE,0.936848972165018,R3,1.1851038557286,0.671825225493959,NS,-3.20274192925604
RARA:RXRA,mES_LIF,-0.204439321098413,R1,-0.6895223511642,0.178418581816849,NS,-1.56408083020083
RARA:RXRA,mES_LIF,-0.923023407462493,R2,-0.6895223511642,0.178418581816849,NS,-1.56408083020083
RARA:RXRA,mES_LIF,-0.656011010869805,R3,-0.6895223511642,0.178418581816849,NS,-1.56408083020083
RARA:RXRA,mES_POU5F1_DEG,-0.650563612978536,R1,-0.562473039010119,0.492875705148446,NS,-4.13132869769141
RARA:RXRA,mES_POU5F1_DEG,0.818956133767511,R2,-0.562473039010119,0.492875705148446,NS,-4.13132869769141
RARA:RXRA,mES_SOX2_DEG,0.0642691448445802,R1,-0.0122920830478926,0.978129809380548,NS,-1.45850622896853
RARA:RXRA,mES_SOX2_DEG,-0.0477532954634281,R2,-0.0122920830478926,0.978129809380548,NS,-1.45850622896853
RBPJ,mES_CH,0.850580149843197,R1,0.144702157576039,0.908130000950612,NS,-3.74307429690894
RBPJ,mES_CH,0.306813136263834,R2,0.144702157576039,0.908130000950612,NS,-3.74307429690894
RBPJ,mES_CH,-0.669695663110292,R3,0.144702157576039,0.908130000950612,NS,-3.74307429690894
RBPJ,mES_FOXA1_OE,0.593237996992989,R3,2.60637120261298,0.213085877604381,NS,-5.00883598403137
RBPJ,mES_LIF,1.00635758698466,R1,-0.0294677743223333,0.988405941782305,NS,-3.70543921077609
RBPJ,mES_LIF,0.00925875851529367,R2,-0.0294677743223333,0.988405941782305,NS,-3.70543921077609
RBPJ,mES_LIF,-0.256799431879435,R3,-0.0294677743223333,0.988405941782305,NS,-3.70543921077609
RBPJ,mES_POU5F1_DEG,0.669465444189367,R1,1.00088106927044,0.17465712562026,NS,-5.23697449927571
RBPJ,mES_POU5F1_DEG,0.568055162351411,R2,1.00088106927044,0.17465712562026,NS,-5.23697449927571
RBPJ,mES_SOX2_DEG,-0.330265332301288,R1,0.718641223833575,0.380928806085785,NS,-4.77572796522441
RBPJ,mES_SOX2_DEG,0.435172874664114,R2,0.718641223833575,0.380928806085785,NS,-4.77572796522441
REL,mES_CH,-0.0240562502746418,R1,0.00961550694349668,0.982649490635771,NS,0.539759097609158
REL,mES_CH,-0.135898832647083,R2,0.00961550694349668,0.982649490635771,NS,0.539759097609158
REL,mES_CH,0.246424383119058,R3,0.00961550694349668,0.982649490635771,NS,0.539759097609158
REL,mES_FOXA1_OE,-0.395221397526976,R3,0.0291936864383629,0.9678307207156,NS,1.06501668186926
REL,mES_LIF,0.437598199092307,R1,0.587676683011986,0.00316648557587779,Upregulated,0.535634767473632
REL,mES_LIF,0.628757117512695,R2,0.587676683011986,0.00316648557587779,Upregulated,0.535634767473632
REL,mES_LIF,0.719714193203275,R3,0.587676683011986,0.00316648557587779,Upregulated,0.535634767473632
REL,mES_POU5F1_DEG,0.648449852515283,R1,0.884780108741419,5.4924232888855e-4,Upregulated,1.09586310767231
REL,mES_POU5F1_DEG,0.487210767852807,R2,0.884780108741419,5.4924232888855e-4,Upregulated,1.09586310767231
REL,mES_SOX2_DEG,0.757646057919977,R1,0.725913074302907,5.9379360494177e-4,Upregulated,1.13836133976028
REL,mES_SOX2_DEG,1.16197046172705,R2,0.725913074302907,5.9379360494177e-4,Upregulated,1.13836133976028
RFX1,mES_CH,-0.575611009090774,R1,0.160903095059003,0.908130000950612,NS,-1.88695346507687
RFX1,mES_CH,NA,R2,0.160903095059003,0.908130000950612,NS,-1.88695346507687
RFX1,mES_CH,-1.41173257389676,R3,0.160903095059003,0.908130000950612,NS,-1.88695346507687
RFX1,mES_LIF,NA,R2,0.699273211318002,0.682813233196246,NS,-1.74569901630011
RFX1,mES_POU5F1_DEG,1.42728521967836,R1,1.49197823445334,0.0755353404880841,NS,-5.01489993604058
RFX1,mES_POU5F1_DEG,2.86182948635468,R2,1.49197823445334,0.0755353404880841,NS,-5.01489993604058
RFX1,mES_SOX2_DEG,-1.02611963747966,R1,1.1356529899275,0.0255337778512205,NS,-2.17663335837691
RORA,mES_CH,0.152346850282011,R1,-0.414140619038517,0.764671182751506,NS,-3.3336209360295
RORA,mES_CH,-0.560589329592577,R2,-0.414140619038517,0.764671182751506,NS,-3.3336209360295
RORA,mES_CH,0.407925329279626,R3,-0.414140619038517,0.764671182751506,NS,-3.3336209360295
RORA,mES_FOXA1_OE,1.55775495501451,R3,1.88372874488963,0.086936499032718,NS,-4.04041807906029
RORA,mES_LIF,0.751604091369446,R1,0.0312267856655743,0.988405941782305,NS,-3.3708347950046
RORA,mES_LIF,-0.631038467761323,R2,0.0312267856655743,0.988405941782305,NS,-3.3708347950046
RORA,mES_LIF,0.832796975041904,R3,0.0312267856655743,0.988405941782305,NS,-3.3708347950046
RORA,mES_POU5F1_DEG,1.5739027007582,R1,0.12168998988127,0.939042585085944,NS,-4.79471235799588
RORA,mES_POU5F1_DEG,0.246267374167162,R2,0.12168998988127,0.939042585085944,NS,-4.79471235799588
RORA,mES_SOX2_DEG,-0.0400480770133159,R1,0.0898833382102379,0.882617710747103,NS,-4.04929582683305
RORA,mES_SOX2_DEG,0.747531980923787,R2,0.0898833382102379,0.882617710747103,NS,-4.04929582683305
RUNX2,mES_CH,0.39697258984025,R1,-0.0605790783708983,0.908130000950612,NS,-1.57588319099124
RUNX2,mES_CH,-0.0488452334369049,R2,-0.0605790783708983,0.908130000950612,NS,-1.57588319099124
RUNX2,mES_CH,-0.316552349987637,R3,-0.0605790783708983,0.908130000950612,NS,-1.57588319099124
RUNX2,mES_FOXA1_OE,-0.785369961163312,R3,-0.305627737871819,0.92869572764428,NS,-1.93717555191767
RUNX2,mES_LIF,-1.36623977160855e-4,R1,-0.359124054465739,0.614764591609532,NS,-1.58971229640754
RUNX2,mES_LIF,-0.41784847650995,R2,-0.359124054465739,0.614764591609532,NS,-1.58971229640754
RUNX2,mES_LIF,0.278715057863348,R3,-0.359124054465739,0.614764591609532,NS,-1.58971229640754
RUNX2,mES_POU5F1_DEG,-1.44386656752836,R1,-0.326055148620301,0.639150088336311,NS,-2.24237201161055
RUNX2,mES_POU5F1_DEG,0.953295103969576,R2,-0.326055148620301,0.639150088336311,NS,-2.24237201161055
RUNX2,mES_SOX2_DEG,0.151350093898352,R1,0.309858282828175,0.675036862688785,NS,-1.79512596002496
RUNX2,mES_SOX2_DEG,1.56716113820296,R2,0.309858282828175,0.675036862688785,NS,-1.79512596002496
RXRA,mES_CH,-0.106134919151381,R1,-0.500819631285011,0.0514974815288371,NS,0.381502524463541
RXRA,mES_CH,-0.409525799301218,R2,-0.500819631285011,0.0514974815288371,NS,0.381502524463541
RXRA,mES_CH,-1.09953926981828,R3,-0.500819631285011,0.0514974815288371,NS,0.381502524463541
RXRA,mES_FOXA1_OE,-0.671847070472972,R3,-0.149673021643895,0.92869572764428,NS,-0.041937471230097
RXRA,mES_LIF,0.147927606367362,R1,-0.392479504439578,0.178418581816849,NS,0.381596798548707
RXRA,mES_LIF,-0.738003764188147,R2,-0.392479504439578,0.178418581816849,NS,0.381596798548707
RXRA,mES_LIF,-0.666776913228485,R3,-0.392479504439578,0.178418581816849,NS,0.381596798548707
RXRA,mES_POU5F1_DEG,-0.683030293198332,R1,-1.43384356275861,5.4924232888855e-4,Downregulated,-0.238701152043357
RXRA,mES_POU5F1_DEG,-1.51710131942414,R2,-1.43384356275861,5.4924232888855e-4,Downregulated,-0.238701152043357
RXRA,mES_SOX2_DEG,-0.696882023796589,R1,-0.471570057277146,0.204637051540817,NS,-0.246604426117063
RXRA,mES_SOX2_DEG,-0.0627901050477575,R2,-0.471570057277146,0.204637051540817,NS,-0.246604426117063
SMAD2::SMAD3::SMAD4,mES_CH,0.0523725620000055,R1,-0.23792685755468,0.578661550608847,NS,-2.0454392047076
SMAD2::SMAD3::SMAD4,mES_CH,-0.435972515625126,R2,-0.23792685755468,0.578661550608847,NS,-2.0454392047076
SMAD2::SMAD3::SMAD4,mES_CH,-0.446366860203999,R3,-0.23792685755468,0.578661550608847,NS,-2.0454392047076
SMAD2::SMAD3::SMAD4,mES_FOXA1_OE,0.222177912484128,R3,0.457856504953147,0.90610426059522,NS,-2.10054594085419
SMAD2::SMAD3::SMAD4,mES_LIF,0.0135984358539142,R1,-0.375017572755108,0.31857278348172,NS,-2.04917851659794
SMAD2::SMAD3::SMAD4,mES_LIF,-0.636593607061909,R2,-0.375017572755108,0.31857278348172,NS,-2.04917851659794
SMAD2::SMAD3::SMAD4,mES_LIF,-0.501629081746239,R3,-0.375017572755108,0.31857278348172,NS,-2.04917851659794
SMAD2::SMAD3::SMAD4,mES_POU5F1_DEG,-0.190457442429366,R1,-0.47435430162549,0.520291852281503,NS,-2.46223976702494
SMAD2::SMAD3::SMAD4,mES_POU5F1_DEG,-1.00554826271369,R2,-0.47435430162549,0.520291852281503,NS,-2.46223976702494
SMAD2::SMAD3::SMAD4,mES_SOX2_DEG,-0.268607013031843,R1,-0.755802644757982,0.00344435400649524,Downregulated,-2.05716450051982
SMAD2::SMAD3::SMAD4,mES_SOX2_DEG,-0.418556073108763,R2,-0.755802644757982,0.00344435400649524,Downregulated,-2.05716450051982
SMAD4,mES_CH,-0.104001180449278,R1,0.0585080667709722,0.908130000950612,NS,-3.04888794121411
SMAD4,mES_CH,-0.615826136446313,R2,0.0585080667709722,0.908130000950612,NS,-3.04888794121411
SMAD4,mES_CH,0.0191810406736779,R3,0.0585080667709722,0.908130000950612,NS,-3.04888794121411
SMAD4,mES_FOXA1_OE,-0.0666606744367707,R3,0.648482124031029,0.789720059729306,NS,-3.44018521347398
SMAD4,mES_LIF,-0.527532323385482,R1,0.262622861547577,0.763752698902417,NS,-2.9854527974786502
SMAD4,mES_LIF,-0.485845785624775,R2,0.262622861547577,0.763752698902417,NS,-2.9854527974786502
SMAD4,mES_LIF,0.318959766713443,R3,0.262622861547577,0.763752698902417,NS,-2.9854527974786502
SMAD4,mES_POU5F1_DEG,-1.0441116833027,R1,-1.24402274024092,0.0277917821832345,NS,-4.17102625717874
SMAD4,mES_POU5F1_DEG,-0.380838445955349,R2,-1.24402274024092,0.0277917821832345,NS,-4.17102625717874
SMAD4,mES_SOX2_DEG,-0.153684607430388,R1,-1.95420540424996,3.48989011190433e-5,Downregulated,-2.71548467583442
SMAD4,mES_SOX2_DEG,-0.602925093287501,R2,-1.95420540424996,3.48989011190433e-5,Downregulated,-2.71548467583442
SOX2,mES_CH,0.392085228773387,R1,0.276631356998906,0.456775331809384,NS,1.03442726794179
SOX2,mES_CH,0.201296208151205,R2,0.276631356998906,0.456775331809384,NS,1.03442726794179
SOX2,mES_CH,0.266475479267858,R3,0.276631356998906,0.456775331809384,NS,1.03442726794179
SOX2,mES_FOXA1_OE,-1.42458940807659,R3,-0.992245476996492,0.213085877604381,NS,1.05440456466774
SOX2,mES_LIF,-0.394038928971181,R1,-0.376583394448206,0.25682375119085,NS,1.03954586439204
SOX2,mES_LIF,-0.307866570616729,R2,-0.376583394448206,0.25682375119085,NS,1.03954586439204
SOX2,mES_LIF,-0.353869187763596,R3,-0.376583394448206,0.25682375119085,NS,1.03954586439204
SOX2,mES_POU5F1_DEG,-2.10707244919649,R1,-1.37271221759607,7.93648465420062e-8,Downregulated,0.374674218637215
SOX2,mES_POU5F1_DEG,-1.49977019162622,R2,-1.37271221759607,7.93648465420062e-8,Downregulated,0.374674218637215
SOX2,mES_SOX2_DEG,-3.76322719174972,R1,-3.87633651535544,3.67934521750484e-16,Downregulated,1.23078747439675
SOX2,mES_SOX2_DEG,-3.18902986164657,R2,-3.87633651535544,3.67934521750484e-16,Downregulated,1.23078747439675
SOX9,mES_LIF,NA,R1,-0.239718377820474,0.768745598943699,NS,-3.36423344547903
SP1,mES_CH,0.300450619925794,R1,-0.046895890268523,0.908130000950612,NS,1.46392198804102
SP1,mES_CH,-0.00121625245537427,R2,-0.046895890268523,0.908130000950612,NS,1.46392198804102
SP1,mES_CH,0.214222165351853,R3,-0.046895890268523,0.908130000950612,NS,1.46392198804102
SP1,mES_FOXA1_OE,-1.01136515381844,R3,9.1778078649805e-4,0.998595782231936,NS,-0.529991524198071
SP1,mES_LIF,-0.11107972107255,R1,-0.129040465167735,0.75344251816719,NS,1.46513687993504
SP1,mES_LIF,-0.212791837495835,R2,-0.129040465167735,0.75344251816719,NS,1.46513687993504
SP1,mES_LIF,-0.227639130809902,R3,-0.129040465167735,0.75344251816719,NS,1.46513687993504
SP1,mES_POU5F1_DEG,-0.919612440342719,R1,-0.855801763838855,0.00647105338468306,Downregulated,-1.06869388244046
SP1,mES_POU5F1_DEG,-1.04077242217117,R2,-0.855801763838855,0.00647105338468306,Downregulated,-1.06869388244046
SP1,mES_SOX2_DEG,-1.12144828644775,R1,-0.239149975782502,0.277881765197766,NS,1.46007323951614
SP1,mES_SOX2_DEG,-0.668929363453671,R2,-0.239149975782502,0.277881765197766,NS,1.46007323951614
SREBF1,mES_CH,0.0631994468970157,R1,-0.0364207406595562,0.948826322066587,NS,-2.62418263030991
SREBF1,mES_CH,0.560173841462559,R2,-0.0364207406595562,0.948826322066587,NS,-2.62418263030991
SREBF1,mES_CH,-1.22223309583915,R3,-0.0364207406595562,0.948826322066587,NS,-2.62418263030991
SREBF1,mES_FOXA1_OE,-1.28188538474462,R3,-0.796238446316788,0.778375299934821,NS,-1.89128207340484
SREBF1,mES_LIF,0.377126259417492,R1,-0.129465700930447,0.858199083286224,NS,-2.65959172345487
SREBF1,mES_LIF,0.699953467308833,R2,-0.129465700930447,0.858199083286224,NS,-2.65959172345487
SREBF1,mES_LIF,-0.42299538249898,R3,-0.129465700930447,0.858199083286224,NS,-2.65959172345487
SREBF1,mES_POU5F1_DEG,0.515349379270057,R1,-0.597149345585554,0.404940857962502,NS,-2.95295158094099
SREBF1,mES_POU5F1_DEG,-0.860090728691724,R2,-0.597149345585554,0.404940857962502,NS,-2.95295158094099
SREBF1,mES_SOX2_DEG,0.881435148300293,R1,-0.322981789997508,0.549510780368552,NS,-2.47667248172179
SREBF1,mES_SOX2_DEG,2.01008580576455,R2,-0.322981789997508,0.549510780368552,NS,-2.47667248172179
SRF,mES_CH,0.479557146165421,R1,0.0755666770051613,0.908130000950612,NS,-1.43725815163029
SRF,mES_CH,-0.0111782887363283,R2,0.0755666770051613,0.908130000950612,NS,-1.43725815163029
SRF,mES_CH,-0.400426749663668,R3,0.0755666770051613,0.908130000950612,NS,-1.43725815163029
SRF,mES_FOXA1_OE,0.710863631716466,R3,0.776444379309452,0.789720059729306,NS,-2.58540305953742
SRF,mES_LIF,-0.0514303828431221,R1,-0.135049980531114,0.826324614279522,NS,-1.4018633419681
SRF,mES_LIF,0.0388381788148478,R2,-0.135049980531114,0.826324614279522,NS,-1.4018633419681
SRF,mES_LIF,-0.0767903071508254,R3,-0.135049980531114,0.826324614279522,NS,-1.4018633419681
SRF,mES_POU5F1_DEG,0.997671427784084,R1,0.512265786586296,0.379474281508501,NS,-3.81727952833947
SRF,mES_POU5F1_DEG,0.624258561132819,R2,0.512265786586296,0.379474281508501,NS,-3.81727952833947
SRF,mES_SOX2_DEG,0.449336756312391,R1,-0.0990447552357902,0.799038140005914,NS,-1.51324436807272
SRF,mES_SOX2_DEG,-0.0455060689568524,R2,-0.0990447552357902,0.799038140005914,NS,-1.51324436807272
STAT1,mES_CH,0.557602102483116,R1,0.430302236915932,0.821329334768447,NS,-2.69844337991372
STAT1,mES_CH,0.658661093870252,R2,0.430302236915932,0.821329334768447,NS,-2.69844337991372
STAT1,mES_CH,0.850294984935173,R3,0.430302236915932,0.821329334768447,NS,-2.69844337991372
STAT1,mES_FOXA1_OE,0.195379381154151,R3,0.116502903352374,0.9678307207156,NS,-3.24698263879704
STAT1,mES_LIF,1.30304789319212,R1,1.13679499606982,0.0706582714740318,NS,-2.74301624933972
STAT1,mES_LIF,0.275719847393682,R2,1.13679499606982,0.0706582714740318,NS,-2.74301624933972
STAT1,mES_LIF,0.732703326280675,R3,1.13679499606982,0.0706582714740318,NS,-2.74301624933972
STAT1,mES_POU5F1_DEG,1.24806570577526,R1,-0.00173780949787981,0.998183087815994,NS,-4.23627892869561
STAT1,mES_POU5F1_DEG,NA,R2,-0.00173780949787981,0.998183087815994,NS,-4.23627892869561
STAT1,mES_SOX2_DEG,0.253939613642671,R1,0.308925308883811,0.70008921660515,NS,-2.2015014082352
STAT1::STAT2,mES_CH,-0.961362712926056,R1,-0.391015823691664,0.47987647202008,NS,-2.76071563706341
STAT1::STAT2,mES_CH,-1.40386276112746,R2,-0.391015823691664,0.47987647202008,NS,-2.76071563706341
STAT1::STAT2,mES_CH,-0.0530462598738133,R3,-0.391015823691664,0.47987647202008,NS,-2.76071563706341
STAT1::STAT2,mES_FOXA1_OE,-0.192112778182828,R3,0.158126668061035,0.92869572764428,NS,-3.1334301928872
STAT1::STAT2,mES_LIF,-1.39210023406065,R1,-0.400752525508872,0.543453417828404,NS,-2.72833611949141
STAT1::STAT2,mES_LIF,-0.690132735243639,R2,-0.400752525508872,0.543453417828404,NS,-2.72833611949141
STAT1::STAT2,mES_LIF,-0.0606467342792359,R3,-0.400752525508872,0.543453417828404,NS,-2.72833611949141
STAT1::STAT2,mES_POU5F1_DEG,0.5610594086882,R1,1.20799729585882,1.7549850209422e-4,Upregulated,-3.4770594699742
STAT1::STAT2,mES_POU5F1_DEG,1.51931416429319,R2,1.20799729585882,1.7549850209422e-4,Upregulated,-3.4770594699742
STAT1::STAT2,mES_SOX2_DEG,0.784354614251614,R1,0.0507112991175046,0.887849342842803,NS,-2.58568204397266
STAT1::STAT2,mES_SOX2_DEG,-0.40490648261983,R2,0.0507112991175046,0.887849342842803,NS,-2.58568204397266
STAT3,mES_CH,0.285674143796109,R1,0.0868170924301749,0.908130000950612,NS,1.59349014268151
STAT3,mES_CH,-0.498069405924211,R2,0.0868170924301749,0.908130000950612,NS,1.59349014268151
STAT3,mES_CH,0.0871091047002652,R3,0.0868170924301749,0.908130000950612,NS,1.59349014268151
STAT3,mES_FOXA1_OE,-1.53303507608004,R3,-0.526792822131356,0.824739494734565,NS,0.391186098288187
STAT3,mES_LIF,-3.36475041568679,R1,-3.68459956024501,7.76590115102891e-18,Downregulated,1.6462939043691
STAT3,mES_LIF,-4.15196657650515,R2,-3.68459956024501,7.76590115102891e-18,Downregulated,1.6462939043691
STAT3,mES_LIF,-3.74228268292288,R3,-3.68459956024501,7.76590115102891e-18,Downregulated,1.6462939043691
STAT3,mES_POU5F1_DEG,-2.0191508916428,R1,-1.79913509305857,0.00465150981124769,Downregulated,0.0142995319072926
STAT3,mES_POU5F1_DEG,-1.63163156397682,R2,-1.79913509305857,0.00465150981124769,Downregulated,0.0142995319072926
STAT3,mES_SOX2_DEG,-0.842166302515751,R1,-1.79341509308008,3.01574995380698e-10,Downregulated,1.67465826882643
STAT3,mES_SOX2_DEG,-0.532649136810889,R2,-1.79341509308008,3.01574995380698e-10,Downregulated,1.67465826882643
STAT4,mES_CH,-0.442354441146807,R1,-0.211430643984142,0.764279213848641,NS,-0.552688191529352
STAT4,mES_CH,-0.0616764693672516,R2,-0.211430643984142,0.764279213848641,NS,-0.552688191529352
STAT4,mES_CH,-0.0934552138217795,R3,-0.211430643984142,0.764279213848641,NS,-0.552688191529352
STAT4,mES_FOXA1_OE,-0.225116111994349,R3,0.291629694994254,0.82062655765857,NS,-1.21152762286651
STAT4,mES_LIF,-1.98608317938502,R1,-2.29778186683311,8.25252885671358e-8,Downregulated,-0.546654242997871
STAT4,mES_LIF,-1.85857802273951,R2,-2.29778186683311,8.25252885671358e-8,Downregulated,-0.546654242997871
STAT4,mES_LIF,-2.347863772711,R3,-2.29778186683311,8.25252885671358e-8,Downregulated,-0.546654242997871
STAT4,mES_POU5F1_DEG,-1.26938416836425,R1,-0.740766106477414,0.0228653788033794,NS,-1.351620834267
STAT4,mES_POU5F1_DEG,-0.999164659012154,R2,-0.740766106477414,0.0228653788033794,NS,-1.351620834267
STAT4,mES_SOX2_DEG,-1.21640793717567,R1,-1.34760287054739,6.33030277170741e-6,Downregulated,-0.472628654217768
STAT4,mES_SOX2_DEG,-0.921868306811579,R2,-1.34760287054739,6.33030277170741e-6,Downregulated,-0.472628654217768
STAT6,mES_CH,-0.41624593430381,R1,NA,NA,NA,NA
STAT6,mES_CH,0.556871726632972,R2,NA,NA,NA,NA
STAT6,mES_CH,0.47497221767898,R3,NA,NA,NA,NA
STAT6,mES_FOXA1_OE,-0.862154538766338,R3,NA,NA,NA,NA
STAT6,mES_LIF,-0.216491511133743,R1,NA,NA,NA,NA
STAT6,mES_LIF,-0.0880857804651684,R2,NA,NA,NA,NA
STAT6,mES_LIF,0.803450222509621,R3,NA,NA,NA,NA
STAT6,mES_POU5F1_DEG,-0.765146075671622,R1,NA,NA,NA,NA
STAT6,mES_POU5F1_DEG,0.148645331061595,R2,NA,NA,NA,NA
STAT6,mES_SOX2_DEG,0.602436347047552,R1,NA,NA,NA,NA
STAT6,mES_SOX2_DEG,0.0385292412087338,R2,NA,NA,NA,NA
TCF7,mES_CH,-3.71946671946969,R1,-4.8340326888891,6.23725724900778e-13,Downregulated,1.55940146272441
TCF7,mES_CH,-5.30352571684663,R2,-4.8340326888891,6.23725724900778e-13,Downregulated,1.55940146272441
TCF7,mES_CH,-4.57424613338061,R3,-4.8340326888891,6.23725724900778e-13,Downregulated,1.55940146272441
TCF7,mES_FOXA1_OE,-1.71664314975703,R3,-1.23843937134416,0.102531993832312,NS,1.31764933188769
TCF7,mES_LIF,-2.61519671465219,R1,-1.41231627533851,0.0706582714740318,NS,1.56242615742635
TCF7,mES_LIF,-1.25993576730734,R2,-1.41231627533851,0.0706582714740318,NS,1.56242615742635
TCF7,mES_LIF,-0.299112217284521,R3,-1.41231627533851,0.0706582714740318,NS,1.56242615742635
TCF7,mES_POU5F1_DEG,-0.936683005242039,R1,-0.327701387182957,0.379474281508501,NS,1.57348923651081
TCF7,mES_POU5F1_DEG,-0.836796080465481,R2,-0.327701387182957,0.379474281508501,NS,1.57348923651081
TCF7,mES_SOX2_DEG,0.953347742071152,R1,0.85739354346581,3.48989011190433e-5,Upregulated,1.14758709604936
TCF7,mES_SOX2_DEG,1.18157018714521,R2,0.85739354346581,3.48989011190433e-5,Upregulated,1.14758709604936
TCF7L2,mES_CH,-2.93119389005246,R1,-5.37088665755194,0.00169839342902536,Downregulated,-0.265124682179948
TCF7L2,mES_FOXA1_OE,-4.70386558316866,R3,-1.03565945265409,0.90610426059522,NS,-3.53502714732971
TCF7L2,mES_LIF,-1.76854886713305,R1,-0.103087014923098,0.988405941782305,NS,-0.525018740975022
TCF7L2,mES_LIF,-2.55558457394382,R2,-0.103087014923098,0.988405941782305,NS,-0.525018740975022
TCF7L2,mES_LIF,-0.114523121415453,R3,-0.103087014923098,0.988405941782305,NS,-0.525018740975022
TCF7L2,mES_POU5F1_DEG,-0.694738866013179,R1,-0.266132803176012,0.886117861662768,NS,-3.56642355311967
TCF7L2,mES_POU5F1_DEG,-0.554493313531277,R2,-0.266132803176012,0.886117861662768,NS,-3.56642355311967
TCF7L2,mES_SOX2_DEG,-1.23015726355543,R1,-0.724933436517397,0.642262773266044,NS,-0.644289508951103
TCF7L2,mES_SOX2_DEG,2.37377061462585,R2,-0.724933436517397,0.642262773266044,NS,-0.644289508951103
TEAD1,mES_CH,0.465049638771461,R1,0.44991329193077,0.0120953255215188,NS,0.697149882729069
TEAD1,mES_CH,0.210474585845198,R2,0.44991329193077,0.0120953255215188,NS,0.697149882729069
TEAD1,mES_CH,0.667401180408318,R3,0.44991329193077,0.0120953255215188,NS,0.697149882729069
TEAD1,mES_FOXA1_OE,-0.274951236772152,R3,0.221789567379107,0.922631756910257,NS,0.451437096897704
TEAD1,mES_LIF,0.334782922429159,R1,0.328192448372901,0.0759906103193245,NS,0.718268874751732
TEAD1,mES_LIF,0.249782388850815,R2,0.328192448372901,0.0759906103193245,NS,0.718268874751732
TEAD1,mES_LIF,0.439601013392823,R3,0.328192448372901,0.0759906103193245,NS,0.718268874751732
TEAD1,mES_POU5F1_DEG,0.486666441845585,R1,0.969316337492324,0.0150055251590282,NS,-0.763475137597451
TEAD1,mES_POU5F1_DEG,0.909275156471844,R2,0.969316337492324,0.0150055251590282,NS,-0.763475137597451
TEAD1,mES_SOX2_DEG,0.645679146820112,R1,0.348177366035264,0.0755267001837405,NS,0.422881082282428
TEAD1,mES_SOX2_DEG,0.426422369691328,R2,0.348177366035264,0.0755267001837405,NS,0.422881082282428
TFAP2A,mES_CH,0.205582979145598,R1,0.0988127413515438,0.908130000950612,NS,-2.4999799890749
TFAP2A,mES_CH,0.309711445902047,R2,0.0988127413515438,0.908130000950612,NS,-2.4999799890749
TFAP2A,mES_CH,-0.106468124535521,R3,0.0988127413515438,0.908130000950612,NS,-2.4999799890749
TFAP2A,mES_FOXA1_OE,0.0102685894922828,R3,-0.430810921892211,0.92869572764428,NS,-3.88569493478973
TFAP2A,mES_LIF,-0.379355625713205,R1,0.190082548796161,0.826324614279522,NS,-2.49811099484279
TFAP2A,mES_LIF,0.135789915112395,R2,0.190082548796161,0.826324614279522,NS,-2.49811099484279
TFAP2A,mES_LIF,0.737783373340203,R3,0.190082548796161,0.826324614279522,NS,-2.49811099484279
TFAP2A,mES_POU5F1_DEG,0.491945384277847,R1,0.358313743671077,0.581505840282649,NS,-3.61305247443776
TFAP2A,mES_POU5F1_DEG,0.22444957409701,R2,0.358313743671077,0.581505840282649,NS,-3.61305247443776
TFAP2A,mES_SOX2_DEG,0.459073078245561,R1,-0.234028379249181,0.709825190908595,NS,-2.29203066122296
TFAP2A,mES_SOX2_DEG,0.848078748735592,R2,-0.234028379249181,0.709825190908595,NS,-2.29203066122296
TFCP2L1,mES_CH,0.137531879429261,R1,0.0705978772636923,0.924470134583865,NS,1.58285614060375
TFCP2L1,mES_CH,0.131919767357144,R2,0.0705978772636923,0.924470134583865,NS,1.58285614060375
TFCP2L1,mES_CH,0.178594536319445,R3,0.0705978772636923,0.924470134583865,NS,1.58285614060375
TFCP2L1,mES_FOXA1_OE,-1.69203882897794,R3,-1.44786512319763,0.777623211132242,NS,0.741523780819387
TFCP2L1,mES_LIF,-0.249241371218297,R1,-0.246130999752674,0.785376171246892,NS,1.52182356287033
TFCP2L1,mES_LIF,9.14798422476437e-4,R2,-0.246130999752674,0.785376171246892,NS,1.52182356287033
TFCP2L1,mES_LIF,-0.0696748571107824,R3,-0.246130999752674,0.785376171246892,NS,1.52182356287033
TFCP2L1,mES_POU5F1_DEG,-1.21076918310188,R1,-0.545839316278482,0.580987176146907,NS,0.867277372553711
TFCP2L1,mES_POU5F1_DEG,-0.746324844209346,R2,-0.545839316278482,0.580987176146907,NS,0.867277372553711
TFCP2L1,mES_SOX2_DEG,-0.292352534274007,R1,-0.393135436447547,0.449560734760432,NS,1.64693412300464
TFCP2L1,mES_SOX2_DEG,-0.0564582541752454,R2,-0.393135436447547,0.449560734760432,NS,1.64693412300464
TFEB,mES_CH,-0.455099803112313,R1,-0.342080484655405,0.464339361893362,NS,1.26555842360312
TFEB,mES_CH,-0.360952965125955,R2,-0.342080484655405,0.464339361893362,NS,1.26555842360312
TFEB,mES_CH,-0.111097969893777,R3,-0.342080484655405,0.464339361893362,NS,1.26555842360312
TFEB,mES_FOXA1_OE,-1.0375358099769,R3,-0.700752267368696,0.789720059729306,NS,0.164044173986653
TFEB,mES_LIF,-0.360380709616894,R1,-0.0783318228584994,0.869798620403248,NS,1.30655324826851
TFEB,mES_LIF,0.0267132571649995,R2,-0.0783318228584994,0.869798620403248,NS,1.30655324826851
TFEB,mES_LIF,0.190765464948258,R3,-0.0783318228584994,0.869798620403248,NS,1.30655324826851
TFEB,mES_POU5F1_DEG,-0.270984269718179,R1,0.16909120027259,0.696579722481535,NS,-0.0262371403079523
TFEB,mES_POU5F1_DEG,-0.183201859680818,R2,0.16909120027259,0.696579722481535,NS,-0.0262371403079523
TFEB,mES_SOX2_DEG,0.347169582005397,R1,0.25900517870597,0.314476333054412,NS,1.25272760929705
TFEB,mES_SOX2_DEG,0.606207891218762,R2,0.25900517870597,0.314476333054412,NS,1.25272760929705
THRA,mES_CH,-1.14477387372608,R1,-0.110668103228354,0.908130000950612,NS,-3.35957275654724
THRA,mES_CH,0.205062097395745,R2,-0.110668103228354,0.908130000950612,NS,-3.35957275654724
THRA,mES_CH,1.15216267492132,R3,-0.110668103228354,0.908130000950612,NS,-3.35957275654724
THRA,mES_FOXA1_OE,1.16164814713242,R3,1.58731430492546,0.705293673547243,NS,-4.92205060565641
THRA,mES_LIF,-0.414669839699089,R1,0.281399287268253,0.824105336145308,NS,-3.32529603708961
THRA,mES_LIF,1.19219259763955,R2,0.281399287268253,0.824105336145308,NS,-3.32529603708961
THRA,mES_LIF,0.773486034858098,R3,0.281399287268253,0.824105336145308,NS,-3.32529603708961
THRA,mES_POU5F1_DEG,0.188784450706163,R1,0.0877637277111679,0.939042585085944,NS,-5.74451055256698
THRA,mES_POU5F1_DEG,2.2491008003904,R2,0.0877637277111679,0.939042585085944,NS,-5.74451055256698
THRA,mES_SOX2_DEG,0.533496486103033,R1,0.504253804493625,0.517695656537174,NS,-3.38960069420521
THRA,mES_SOX2_DEG,0.382857645068057,R2,0.504253804493625,0.517695656537174,NS,-3.38960069420521
THRB,mES_CH,0.296656377248515,R1,-0.127427075142286,0.908130000950612,NS,-0.849818241130342
THRB,mES_CH,-1.31126466538877,R2,-0.127427075142286,0.908130000950612,NS,-0.849818241130342
THRB,mES_CH,0.167778039743442,R3,-0.127427075142286,0.908130000950612,NS,-0.849818241130342
THRB,mES_LIF,-0.475305759428921,R1,-1.14314446088744,0.178418581816849,NS,-0.822921721679882
THRB,mES_LIF,-1.43584404182335,R2,-1.14314446088744,0.178418581816849,NS,-0.822921721679882
THRB,mES_POU5F1_DEG,0.694732330231753,R1,0.39078735304085,0.663228551541711,NS,-4.59469633450899
THRB,mES_POU5F1_DEG,0.677701200297033,R2,0.39078735304085,0.663228551541711,NS,-4.59469633450899
THRB,mES_SOX2_DEG,0.0548288119321545,R2,0.64640457062996,0.549510780368552,NS,-1.22164706319217
TP53,mES_CH,0.674137505943096,R1,0.349453234417828,0.285631010498879,NS,3.31497121839102
TP53,mES_CH,0.411465370506853,R2,0.349453234417828,0.285631010498879,NS,3.31497121839102
TP53,mES_CH,0.103247246774469,R3,0.349453234417828,0.285631010498879,NS,3.31497121839102
TP53,mES_FOXA1_OE,-0.357758735699189,R3,0.262502513311896,0.923104213148729,NS,3.83460576398593
TP53,mES_LIF,0.713940058151803,R1,0.397817875611515,0.178418581816849,NS,3.30707801558278
TP53,mES_LIF,0.370691487804701,R2,0.397817875611515,0.178418581816849,NS,3.30707801558278
TP53,mES_LIF,0.258094238369616,R3,0.397817875611515,0.178418581816849,NS,3.30707801558278
TP53,mES_POU5F1_DEG,-0.64142963556613,R1,0.0674572793725733,0.939042585085944,NS,4.21772806547214
TP53,mES_POU5F1_DEG,-0.146616509928293,R2,0.0674572793725733,0.939042585085944,NS,4.21772806547214
TP53,mES_SOX2_DEG,-0.230951191935099,R1,-0.0617191849665405,0.799038140005914,NS,3.26339085465649
TP53,mES_SOX2_DEG,0.46456394436676,R2,-0.0617191849665405,0.799038140005914,NS,3.26339085465649
VDR::RXRA,mES_CH,-0.184044066440994,R1,-0.470621327207605,0.550477375054268,NS,-2.68643465767013
VDR::RXRA,mES_CH,-0.752017702233513,R2,-0.470621327207605,0.550477375054268,NS,-2.68643465767013
VDR::RXRA,mES_CH,-0.2450111010737,R3,-0.470621327207605,0.550477375054268,NS,-2.68643465767013
VDR::RXRA,mES_FOXA1_OE,-0.941490619910518,R3,-0.770016009919399,0.789720059729306,NS,-3.01639435113836
VDR::RXRA,mES_LIF,0.184948666419943,R1,0.0413099478521542,0.988405941782305,NS,-2.7053485692476
VDR::RXRA,mES_LIF,-0.172285224791203,R2,0.0413099478521542,0.988405941782305,NS,-2.7053485692476
VDR::RXRA,mES_LIF,0.26615618648121,R3,0.0413099478521542,0.988405941782305,NS,-2.7053485692476
VDR::RXRA,mES_POU5F1_DEG,-0.429614212787778,R1,-0.460581495751795,0.580987176146907,NS,-4.14015701243388
VDR::RXRA,mES_POU5F1_DEG,-0.422087996939792,R2,-0.460581495751795,0.580987176146907,NS,-4.14015701243388
VDR::RXRA,mES_SOX2_DEG,0.260447302352154,R1,-0.332880530586229,0.614608552968505,NS,-2.83830776464622
VDR::RXRA,mES_SOX2_DEG,-0.170659505582053,R2,-0.332880530586229,0.614608552968505,NS,-2.83830776464622
WT1,mES_CH,-0.369403518377931,R1,0.363439003373035,0.456775331809384,NS,-2.01245356426869
WT1,mES_CH,0.401350997995393,R2,0.363439003373035,0.456775331809384,NS,-2.01245356426869
WT1,mES_CH,0.423998502085762,R3,0.363439003373035,0.456775331809384,NS,-2.01245356426869
WT1,mES_FOXA1_OE,0.160759463457702,R3,0.562245134760632,0.797866376144013,NS,-1.99600609795631
WT1,mES_LIF,-0.0849166741627009,R1,0.0454668400444277,0.97385159338697,NS,-1.97619016462226
WT1,mES_LIF,0.572470330260596,R2,0.0454668400444277,0.97385159338697,NS,-1.97619016462226
WT1,mES_LIF,0.319460267095629,R3,0.0454668400444277,0.97385159338697,NS,-1.97619016462226
WT1,mES_POU5F1_DEG,0.902365100960161,R1,-0.154529475388806,0.813704028138571,NS,-2.42461254182953
WT1,mES_POU5F1_DEG,0.410806208755903,R2,-0.154529475388806,0.813704028138571,NS,-2.42461254182953
WT1,mES_SOX2_DEG,-0.402347583105504,R1,-0.986053470578571,6.8127819144044e-4,Downregulated,-1.64585429377719
WT1,mES_SOX2_DEG,-0.0895462070873771,R2,-0.986053470578571,6.8127819144044e-4,Downregulated,-1.64585429377719
XBP1,mES_CH,0.0249684873434567,R1,-0.150338173342602,0.843494006530403,NS,-1.86833046274482
XBP1,mES_CH,-0.7445284230026,R2,-0.150338173342602,0.843494006530403,NS,-1.86833046274482
XBP1,mES_CH,0.0350033266703077,R3,-0.150338173342602,0.843494006530403,NS,-1.86833046274482
XBP1,mES_FOXA1_OE,-0.398259427678979,R3,0.20057097704917,0.922631756910257,NS,-2.02345566329787
XBP1,mES_LIF,0.869150134171224,R1,0.229930482989254,0.737549020973475,NS,-1.84735813170894
XBP1,mES_LIF,-0.637908179089977,R2,0.229930482989254,0.737549020973475,NS,-1.84735813170894
XBP1,mES_LIF,0.466238963660601,R3,0.229930482989254,0.737549020973475,NS,-1.84735813170894
XBP1,mES_POU5F1_DEG,1.06956750466391,R1,1.04108414586535,0.00736072026864648,Upregulated,-3.18938775672592
XBP1,mES_POU5F1_DEG,1.16431310785922,R2,1.04108414586535,0.00736072026864648,Upregulated,-3.18938775672592
XBP1,mES_SOX2_DEG,-0.0717836121815869,R1,0.141393415899581,0.59398995209217,NS,-1.61730328651604
XBP1,mES_SOX2_DEG,0.885075717882696,R2,0.141393415899581,0.59398995209217,NS,-1.61730328651604
ZFP42,mES_CH,-0.206984455041707,R1,0.00721622542382296,0.988247713212632,NS,-0.827202228124159
ZFP42,mES_CH,0.146942823581071,R2,0.00721622542382296,0.988247713212632,NS,-0.827202228124159
ZFP42,mES_CH,0.148480662915776,R3,0.00721622542382296,0.988247713212632,NS,-0.827202228124159
ZFP42,mES_FOXA1_OE,0.588483724642399,R3,0.440088863370854,0.922631756910257,NS,-1.47109102710653
ZFP42,mES_LIF,0.404289246843159,R1,0.22120715800908,0.682813233196246,NS,-0.831133395930186
ZFP42,mES_LIF,0.548874078810773,R2,0.22120715800908,0.682813233196246,NS,-0.831133395930186
ZFP42,mES_LIF,-0.455259261681632,R3,0.22120715800908,0.682813233196246,NS,-0.831133395930186
ZFP42,mES_POU5F1_DEG,-0.438548134833418,R1,-0.549229985987253,0.296066666602025,NS,-1.06999473948029
ZFP42,mES_POU5F1_DEG,0.476919344916263,R2,-0.549229985987253,0.296066666602025,NS,-1.06999473948029
ZFP42,mES_SOX2_DEG,-0.0544456367236894,R1,-0.173788474312493,0.675036862688785,NS,-0.789532216856196
ZFP42,mES_SOX2_DEG,0.499468323202154,R2,-0.173788474312493,0.675036862688785,NS,-0.789532216856196
ZFX,mES_CH,NA,NA,0.227534303415909,0.369237790782743,NS,-0.0470563255445112
SOX9,mES_CH,NA,NA,-0.685202201359232,0.297047016807896,NS,-3.37114155694889
GLI1,mES_CH,NA,NA,0.274090676007199,0.423277604798234,NS,-2.66141860117034
IRX3,mES_CH,NA,NA,0.593361676378424,0.628725718119776,NS,-1.87286650279029
ESRRB,mES_CH,NA,NA,0.635061512832989,0.00662890456700209,Upregulated,-2.6244765492974
ELK1,mES_CH,NA,NA,-0.0392720815364906,0.908130000950612,NS,1.86271736823707
RXRA,mES_FBS,NA,NA,-0.371466362331503,0.0263858412813543,NS,0.898808526018938
ATF4,mES_FBS,NA,NA,0.384687994919952,0.0264525969243475,NS,2.33577478342584
ATF2,mES_FBS,NA,NA,0.386199157640155,0.048821198910752,NS,-0.834041539133559
ATF6,mES_FBS,NA,NA,0.334204205222628,0.0602543432567036,NS,0.601137549237645
THRB,mES_FBS,NA,NA,0.291042761424429,0.18266794053754,NS,-0.656469833069952
PPARA::RXRA,mES_FBS,NA,NA,-0.195443918084182,0.429630640254906,NS,-0.937945393977564
POU2F1,mES_FBS,NA,NA,-0.185584641577825,0.518789515820026,NS,0.422981489833249
RUNX2,mES_FBS,NA,NA,0.175625876280927,0.524310732491668,NS,-1.19481792324855
MYBL2,mES_FBS,NA,NA,0.145444848718071,0.518789515820026,NS,-1.00117246957844
GATA3,mES_FBS,NA,NA,0.17982887424603,0.592731043503094,NS,-1.26603703576036
GRHL1,mES_FBS,NA,NA,-0.135028992954192,0.592731043503094,NS,0.859991314293283
POU5F1::SOX2,mES_FBS,NA,NA,-0.11026111741865,0.681336026325182,NS,2.72498369145987
ETS2,mES_FBS,NA,NA,-0.0653701271820228,0.861980064550013,NS,1.20052744461697
AR,mES_FBS,NA,NA,0.0955613861587954,0.722563468863308,NS,-1.4462005609872
ONECUT1,mES_FBS,NA,NA,0.0921204796912751,0.743198792675046,NS,-1.40628340567758
NFAT5,mES_FBS,NA,NA,0.0760189074158146,0.787268293242213,NS,-0.457098806405595
STAT1,mES_FBS,NA,NA,0.0869649427253467,0.787268293242213,NS,-2.10896371114855
ZFP42,mES_FBS,NA,NA,0.0401388970273316,0.877737031336357,NS,-1.09099988471023
FOXO1,mES_FBS,NA,NA,-0.0555981590073244,0.807842122262047,NS,-0.739252534433117
RARA,mES_FBS,NA,NA,-0.0261143951246833,0.947451407232011,NS,-2.51301727211918
CEBPA,mES_FBS,NA,NA,0.0169771826184666,0.950041600602559,NS,-1.24590238123069
OTX1,mES_FBS,NA,NA,-0.0297961976857032,0.940140125470473,NS,-1.00172901550062
ZFX,mES_FBS,NA,NA,-0.00937745067074491,0.976831826666513,NS,-0.497164786282805
NFIA,mES_FBS,NA,NA,-0.0340972705041988,0.909518325976253,NS,-1.34257204120375
PGR,mES_FBS,NA,NA,-0.00809156560090521,0.976831826666513,NS,-0.948324344641204
EGR1,mES_FBS,NA,NA,2.64537807138255,1.41405955752552e-11,Upregulated,-1.78929027949128
FOS::JUN,mES_FBS,NA,NA,1.49624158115953,4.1640955737428e-11,Upregulated,0.592304786776169
SRF,mES_FBS,NA,NA,1.38671225841355,4.50373301956259e-7,Upregulated,-0.973850389817398
NR4A2::RXRA,mES_FBS,NA,NA,-0.941905138118714,4.50373301956259e-7,Downregulated,0.772818176503944
TEAD1,mES_FBS,NA,NA,0.89835091563775,1.41111044104366e-6,Upregulated,1.18070906433969
REL,mES_FBS,NA,NA,1.36967768825018,1.41111044104366e-6,Upregulated,1.3181753996562
TCF7,mES_FBS,NA,NA,-1.95012383219417,2.83369895632544e-6,Downregulated,1.35328991906512
RARA:RXRA,mES_FBS,NA,NA,-0.537746732045382,1.8021434880141e-5,Downregulated,-0.265482013340099
WT1,mES_FBS,NA,NA,0.991160961409231,2.8062105808355e-5,Upregulated,-1.328004170923
NFYA,mES_FBS,NA,NA,-0.433673113111727,3.6224809129395e-4,Downregulated,0.532093201583754
SREBF1,mES_FBS,NA,NA,-0.488634124234512,4.5122518436605e-4,Downregulated,-2.26272638929362
MYC,mES_FBS,NA,NA,-0.463315761725352,7.1374461047764e-4,Downregulated,-0.204213477287578
NR1H2,mES_FBS,NA,NA,-0.868289404245342,9.2928663092461e-4,Downregulated,1.29033632746487
SOX2,mES_FBS,NA,NA,-0.455883794432146,0.00105383536083656,Downregulated,0.703825246643842
HIF1A,mES_FBS,NA,NA,-0.405059582033127,0.00202508819276789,Downregulated,-0.976802636103102
MAF::NFE2,mES_FBS,NA,NA,-0.375806294045676,0.00310006886986044,Downregulated,1.9005733086852
E2F1,mES_FBS,NA,NA,-0.416444876811496,0.0032788681912037,Downregulated,1.01404009668204
GATA4,mES_FBS,NA,NA,-0.523270765867856,0.00442437101968551,Downregulated,2.24350452718973
MTF1,mES_FBS,NA,NA,-0.411716378889755,0.00558188681912057,Downregulated,2.36586662339309
NRF1,mES_FBS,NA,NA,-0.520229427520908,0.00572229510053789,Downregulated,2.26229309171342
NR4A1,mES_FBS,NA,NA,-0.257116843454556,0.0295348733263673,NS,-1.3651732257965
STAT4,mES_FBS,NA,NA,-0.33759657816589,0.0349677362685863,NS,-0.0430681867922998
CLOCK,mES_FBS,NA,NA,-0.378136235812719,0.0407434951351652,NS,1.21537790759185
NR1I2,mES_FBS,NA,NA,-0.37779260068403,0.0461296094596588,NS,-1.58550524769513
KLF4,mES_FBS,NA,NA,-0.226329464378411,0.0520188278843501,NS,0.135134918095383
NR1I3,mES_FBS,NA,NA,-0.332002997696365,0.0538150485093889,NS,-1.92328083972973
FOSL1,mES_FBS,NA,NA,-0.247089032103281,0.0694905416572889,NS,-0.998139880949494
POU5F1,mES_FBS,NA,NA,-0.40105219278362497,0.074080629631969,NS,-0.38317817325157
SMAD2::SMAD3::SMAD4,mES_FBS,NA,NA,-0.353925117251517,0.0947671508402437,NS,-1.24469961296871
NR3C1,mES_FBS,NA,NA,-0.286820015778444,0.0947671508402437,NS,-2.77926469757419
STAT1::STAT2,mES_FBS,NA,NA,-0.273838882350739,0.140201506367517,NS,-2.09806661043081
GATA1,mES_FBS,NA,NA,-0.267685756605911,0.151887866610967,NS,-2.48063641800202
NR1H4::RXRA,mES_FBS,NA,NA,-0.183808982935703,0.18209618421468,NS,-0.652211706980216
VDR::RXRA,mES_FBS,NA,NA,-0.253681144872118,0.195894564889422,NS,-1.85232471668686
TFEB,mES_FBS,NA,NA,-0.219332033897067,0.202568371480329,NS,1.52146283856986
AHR::ARNT,mES_FBS,NA,NA,-0.278201607391952,0.220945763555256,NS,-1.32485461550009
HNF4A,mES_FBS,NA,NA,-0.218472902687703,0.313598888012664,NS,-0.664804813282546
HNF1A,mES_FBS,NA,NA,-0.448665492937637,0.279132791630254,NS,-0.334338479635404
NR5A2,mES_FBS,NA,NA,-0.274535180653883,0.324527759333155,NS,-1.38727056772825
GLI1,mES_FBS,NA,NA,-0.185894487662945,0.328761326068509,NS,-2.25439029700838
CEBPB,mES_FBS,NA,NA,-0.209764293045964,0.458827123185263,NS,0.150141308150436
PPARG::RXRA,mES_FBS,NA,NA,-0.204517096386547,0.458827123185263,NS,-2.09812145597085
SOX9,mES_FBS,NA,NA,-0.137505748997537,0.524310732491668,NS,-2.29465811607343
IRX3,mES_FBS,NA,NA,-0.192938148529662,0.526739680978155,NS,-0.512435314329884
TFCP2L1,mES_FBS,NA,NA,-0.158027989309769,0.567501281438118,NS,1.60119971295825
RBPJ,mES_FBS,NA,NA,-0.153890569283571,0.585751917723707,NS,-2.23972195492636
HSF1,mES_FBS,NA,NA,-0.146505215140295,0.592731043503094,NS,-2.30854985227027
TP53,mES_FBS,NA,NA,-0.182221316403556,0.694136540820033,NS,2.15250961072466
IRF1,mES_FBS,NA,NA,-0.143855255102993,0.58939424056589,NS,-2.0143451271201
NR1D1,mES_FBS,NA,NA,-0.0480954137097451,0.866828405212337,NS,-2.66293019255409
TFAP2A,mES_FBS,NA,NA,-0.152747827855487,0.576322519607054,NS,-2.05062550375431
NFATC1,mES_FBS,NA,NA,-0.103014613850764,0.79170321070972,NS,-2.12235791056735
ESR1,mES_FBS,NA,NA,0.0688553387877174,0.79170321070972,NS,-1.80532801583479
MEF2A,mES_FBS,NA,NA,0.0438324424098828,0.866828405212337,NS,0.61268318262018
RORA,mES_FBS,NA,NA,0.0272070377212985,0.947451407232011,NS,-2.12891437852925
THRA,mES_FBS,NA,NA,-0.0010417036708585,0.998980054615421,NS,-1.73925015167547
XBP1,mES_FBS,NA,NA,-0.0319018543444198,0.79170321070972,NS,-0.850722358234021
RFX1,mES_FBS,NA,NA,0.263782185846095,0.458827123185263,NS,-0.733993420607809
SP1,mES_FBS,NA,NA,-0.142902366404522,0.49052616545183,NS,1.43712449303081
FOXA1,mES_FBS,NA,NA,0.0909715015079399,0.78387486156696,NS,-1.9877696856797
NR3C2,mES_FBS,NA,NA,0.0587179173341747,0.866828405212337,NS,-0.721256241103976
NFKB1,mES_FBS,NA,NA,1.89910423697817,2.63820106518651e-6,Upregulated,-0.730375430750201
TCF7L2,mES_FBS,NA,NA,-1.75352279931912,1.4092619074041e-4,Downregulated,0.898338070243025
CREB1,mES_FBS,NA,NA,0.688038200440145,0.00342184283382406,Upregulated,-1.27746197812707
STAT3,mES_FBS,NA,NA,-0.410750078983767,0.00677354718387124,Downregulated,1.85850103691159
ELK1,mES_FBS,NA,NA,-0.274812814537874,0.123040538920686,NS,2.00980237793378
SMAD4,mES_FBS,NA,NA,0.351534400099767,0.215053884654833,NS,-1.5105020802436
IRF3,mES_FBS,NA,NA,-0.211862738416549,0.550029443862824,NS,0.941741204344548
NEUROG2,mES_FBS,NA,NA,-0.115394936453263,0.681336026325182,NS,-3.10072413437874
GBX2,mES_FBS,NA,NA,2.2741511087635e-4,0.998980054615421,NS,-2.15848362539333
PAX6,mES_FBS,NA,NA,-0.0743301295036757,0.743198792675046,NS,-2.26171332696692
NFE2L2,mES_FBS,NA,NA,0.0677010110557895,0.743198792675046,NS,2.30769697356464
ESRRB,mES_FBS,NA,NA,-0.0693347668415113,0.722563468863308,NS,-1.50495985820183
HOMEZ,mES_FBS,NA,NA,-0.0545859225379282,0.909518325976253,NS,-2.9788839882756
ATF6,mES_FK,NA,NA,1.13864819330107,8.67975065446629e-8,Upregulated,0.598173879130083
THRB,mES_FK,NA,NA,0.632255691544971,0.00171011653668499,Upregulated,-0.647630687834272
GRHL1,mES_FK,NA,NA,-0.520442502149201,0.0252964256622352,NS,0.829577514726654
ATF4,mES_FK,NA,NA,0.418099212631292,0.0433957529662045,NS,2.33322183384566
FOXO1,mES_FK,NA,NA,-0.402803812661707,0.0698384180847273,NS,-0.740447562195149
OTX1,mES_FK,NA,NA,-0.447550348790163,0.106855425140177,NS,-1.01768924744134
RARA,mES_FK,NA,NA,0.385765985490991,0.181788602782903,NS,-2.5083012134617
MYBL2,mES_FK,NA,NA,-0.2792591646609,0.215580831352978,NS,-1.00164062282832
ZFP42,mES_FK,NA,NA,-0.262339912821213,0.253076174893608,NS,-1.09289209906054
PPARA::RXRA,mES_FK,NA,NA,-0.284126601684964,0.276248304783615,NS,-0.921877003502243
RUNX2,mES_FK,NA,NA,-0.299564681788442,0.276248304783615,NS,-1.18936631761701
ONECUT1,mES_FK,NA,NA,0.24187782065557,0.410277691344872,NS,-1.40667274930326
RXRA,mES_FK,NA,NA,-0.15517006557509,0.465115078572651,NS,0.899613430825239
GATA3,mES_FK,NA,NA,-0.184951312043079,0.584074666080654,NS,-1.26792236205779
AR,mES_FK,NA,NA,-0.15249881424066,0.596195974639501,NS,-1.43608102466162
ZFX,mES_FK,NA,NA,-0.153236725629095,0.5922124178643,NS,-0.493446893047083
POU5F1::SOX2,mES_FK,NA,NA,0.13627718008191,0.59551456959493,NS,2.7237809228866
NFAT5,mES_FK,NA,NA,-0.145838608560726,0.62222688874659,NS,-0.454809323995848
POU2F1,mES_FK,NA,NA,-0.122299365528008,0.636233499202403,NS,0.422891524103962
ETS2,mES_FK,NA,NA,-0.11923506309747,0.735113616830221,NS,1.20037059306043
STAT1,mES_FK,NA,NA,-0.0754605410779051,0.800456935908377,NS,-2.0973021883378
ATF2,mES_FK,NA,NA,0.069894176883494,0.800456935908377,NS,-0.837695298963054
PGR,mES_FK,NA,NA,-0.031476183233385,0.92457966477225,NS,-0.94514159515444
NFIA,mES_FK,NA,NA,-0.049294094087913,0.823683804096455,NS,-1.3423382276751
CEBPA,mES_FK,NA,NA,-0.0225676684881397,0.927057200252658,NS,-1.24605453555752
MEF2A,mES_FK,NA,NA,-2.5826244239153,4.03987221746689e-13,Downregulated,0.61727018833486
FOS::JUN,mES_FK,NA,NA,1.12044845768536,9.17139827147474e-9,Upregulated,0.592611428926786
CLOCK,mES_FK,NA,NA,1.24707070207297,8.67975065446629e-8,Upregulated,1.22055916311064
MYC,mES_FK,NA,NA,0.642581811095745,7.47480993697556e-5,Upregulated,-0.201525453240123
TFEB,mES_FK,NA,NA,0.657697506107946,9.52588663399839e-5,Upregulated,1.52798602341857
NR4A2::RXRA,mES_FK,NA,NA,-0.714754762388207,1.0163855383915e-4,Downregulated,0.781692358447712
TEAD1,mES_FK,NA,NA,-0.786391568590037,1.6772291745881e-4,Downregulated,1.17581329151192
MAF::NFE2,mES_FK,NA,NA,-0.646322130838705,1.7207083623989e-4,Downregulated,1.90639818819808
THRA,mES_FK,NA,NA,0.635504486423505,0.00131145254789763,Upregulated,-1.74180094866286
KLF4,mES_FK,NA,NA,-0.420189229105378,0.00166226483159956,Downregulated,0.134514795730413
E2F1,mES_FK,NA,NA,-0.527430162038316,0.00171011653668499,Downregulated,1.02510186542563
NR1I2,mES_FK,NA,NA,-0.554607732686386,0.00682945969306685,Downregulated,-1.58571305286204
XBP1,mES_FK,NA,NA,0.379662799217123,0.00767605415899922,Upregulated,-0.853147894315039
STAT4,mES_FK,NA,NA,0.411768584139749,0.0293012347830407,NS,-0.0484394502601463
RORA,mES_FK,NA,NA,0.637221606582744,0.0293012347830407,NS,-2.12125570566283
IRF1,mES_FK,NA,NA,-0.554624293367531,0.0293012347830407,NS,-2.01401676526277
EGR1,mES_FK,NA,NA,-0.582739815963366,0.0333110605372589,NS,-1.77936182550684
NR1I3,mES_FK,NA,NA,-0.362963327222374,0.0467716133331094,NS,-1.92633130896122
NRF1,mES_FK,NA,NA,-0.351405298906258,0.0476870751216216,NS,2.25570674738698
SMAD2::SMAD3::SMAD4,mES_FK,NA,NA,-0.391424553985928,0.0521960291243681,NS,-1.24173063462712
GLI1,mES_FK,NA,NA,-0.386531465339608,0.0600639687229716,NS,-2.24972748896704
TCF7,mES_FK,NA,NA,0.638597035135159,0.0898376754153211,NS,1.3494113178478
VDR::RXRA,mES_FK,NA,NA,-0.369608199592917,0.0836770295094799,NS,-1.85772885556441
FOSL1,mES_FK,NA,NA,0.302902689126288,0.0837247666781763,NS,-0.994457172695665
GATA4,mES_FK,NA,NA,-0.312716680401995,0.10743502829085,NS,2.26161070266759
REL,mES_FK,NA,NA,-0.333558630563981,0.117795309656741,NS,1.31842892441167
NR4A1,mES_FK,NA,NA,0.249244542921964,0.128254585748668,NS,-1.36494643035194
NFYA,mES_FK,NA,NA,-0.194166551338902,0.175573729290138,NS,0.529362912168949
POU5F1,mES_FK,NA,NA,-0.324369638297107,0.211035809129513,NS,-0.388059449571819
IRX3,mES_FK,NA,NA,-0.347797633432723,0.240709959163954,NS,-0.495348161245674
WT1,mES_FK,NA,NA,-0.274291965262008,0.253076174893608,NS,-1.32393127321533
NR5A2,mES_FK,NA,NA,0.308700295082136,0.260941033222597,NS,-1.3766979908567
SOX9,mES_FK,NA,NA,-0.240979774513202,0.276248304783615,NS,-2.29194681905775
MTF1,mES_FK,NA,NA,0.170024532063383,0.309078577245166,NS,2.36467546268248
NR1H2,mES_FK,NA,NA,-0.290568544641855,0.354275342440481,NS,1.25999745455064
TFCP2L1,mES_FK,NA,NA,-0.236122148038902,0.410277691344872,NS,1.62271142042467
PPARG::RXRA,mES_FK,NA,NA,0.261537997942789,0.409226501547973,NS,-2.09779331980001
RARA:RXRA,mES_FK,NA,NA,0.116563030906366,0.422426491961799,NS,-0.265531854577583
HIF1A,mES_FK,NA,NA,-0.163198660917035,0.410277691344872,NS,-0.978158784510293
GATA1,mES_FK,NA,NA,-0.185510150866439,0.450822228876544,NS,-2.47410453471188
STAT1::STAT2,mES_FK,NA,NA,-0.17760580197438,0.458869210911894,NS,-2.10469576841338
NR1H4::RXRA,mES_FK,NA,NA,0.132733594349726,0.465115078572651,NS,-0.650925534420703
NR1D1,mES_FK,NA,NA,0.133512814884606,0.618053515614397,NS,-2.65869597917262
TP53,mES_FK,NA,NA,0.208712352117067,0.606340217168693,NS,2.13766729788337
HNF4A,mES_FK,NA,NA,0.0809802508715098,0.732926761185336,NS,-0.660492087841953
TFAP2A,mES_FK,NA,NA,-0.185785494858701,0.5922124178643,NS,-2.05473767737195
HNF1A,mES_FK,NA,NA,0.17453332882264,0.62222688874659,NS,-0.342080955666565
AHR::ARNT,mES_FK,NA,NA,-0.126518026430182,0.664735117957934,NS,-1.33148476962689
NR3C1,mES_FK,NA,NA,-0.0998225086229577,0.658110088164847,NS,-2.7808721486801
HSF1,mES_FK,NA,NA,0.136190592517061,0.694703803121313,NS,-2.31006380836968
NFATC1,mES_FK,NA,NA,0.1108667822139,0.735113616830221,NS,-2.14581291500466
ESR1,mES_FK,NA,NA,0.0854585661976259,0.735113616830221,NS,-1.80701632426369
CEBPB,mES_FK,NA,NA,-0.0193498020133498,0.940011051437551,NS,0.134228915803598
SREBF1,mES_FK,NA,NA,0.0575003045298766,0.796221184247031,NS,-2.26752019746728
SOX2,mES_FK,NA,NA,-0.00139223078458701,0.989678736495694,NS,0.699003481713971
RBPJ,mES_FK,NA,NA,-0.032088610662808,0.92805310975469,NS,-2.23908452595733
SRF,mES_FK,NA,NA,-0.0598459189634008,0.800456935908377,NS,-0.981288668496508
RFX1,mES_FK,NA,NA,0.852634777977542,0.0189405239361541,NS,-0.720359630213337
FOXA1,mES_FK,NA,NA,0.164827120004693,0.664735117957934,NS,-1.96939128330186
NR3C2,mES_FK,NA,NA,0.155937332223433,0.606340217168693,NS,-0.708483932955105
SP1,mES_FK,NA,NA,-0.101592981597875,0.62222688874659,NS,1.42558073352782
CREB1,mES_FK,NA,NA,1.81815523144497,7.0279107976412e-9,Upregulated,-1.2763603524971
STAT3,mES_FK,NA,NA,-1.15255017760935,3.05673128171551e-8,Downregulated,1.86281295877414
TCF7L2,mES_FK,NA,NA,0.960469846763945,0.0126044405535822,NS,0.940632834726709
ESRRB,mES_FK,NA,NA,0.248486903900656,0.161675345118865,NS,-1.50003738129345
NFKB1,mES_FK,NA,NA,0.423302043423619,0.247608896759926,NS,-0.742218987745768
ELK1,mES_FK,NA,NA,-0.137637547470241,0.506896185859356,NS,2.03902514844254
NEUROG2,mES_FK,NA,NA,0.253614378968675,0.581607859272195,NS,-3.11450293847226
PAX6,mES_FK,NA,NA,0.133012026229758,0.619357575213171,NS,-2.25141999293512
NFE2L2,mES_FK,NA,NA,-0.0888387165182588,0.62222688874659,NS,2.32099178095066
GBX2,mES_FK,NA,NA,0.0833606491643279,0.796221184247031,NS,-2.18394570446135
IRF3,mES_FK,NA,NA,-0.140218742919975,0.657349972971015,NS,0.930568022387915
SMAD4,mES_FK,NA,NA,-0.205622299259117,0.606340217168693,NS,-1.51713158845759
HOMEZ,mES_FK,NA,NA,0.0152127890461713,0.97037440198142,NS,-2.93586215725979
THRB,mES_FOXA1_OE,NA,NA,-0.256921632204922,0.92869572764428,NS,-3.10669426995615
ELK1_A,mES_FOXA1_OE,NA,NA,0.126108151666294,0.92869572764428,NS,3.27120189241993
ZFX,mES_FOXA1_OE,NA,NA,0.805796415698402,0.421065485740562,NS,-0.910901558636513
ESRRB,mES_FOXA1_OE,NA,NA,0.402630347638422,0.789720059729306,NS,-1.46964035074479
ELK1_B,mES_FOXA1_OE,NA,NA,-0.208552514891924,0.922631756910257,NS,2.43143821504799
GLI1,mES_FOXA1_OE,NA,NA,0.307903094943009,0.922631756910257,NS,-2.88459660352306
IRX3,mES_FOXA1_OE,NA,NA,0.739896396038023,0.923104213148729,NS,-1.29367692504605
RFX1,mES_FOXA1_OE,NA,NA,1.3713632964493,0.789720059729306,NS,-3.3991381211304
MEF2A,mES_FOXA1_OE,NA,NA,-1.02282487703948,0.82062655765857,NS,-1.58611305252384
SOX9,mES_FOXA1_OE,NA,NA,-1.34639373822455,0.90610426059522,NS,-0.989944163677447
RARA,mES_Heat,NA,NA,1.57844592117094,1.09567009971296e-10,Upregulated,-2.5196165513786
PPARA::RXRA,mES_Heat,NA,NA,0.738948995733281,4.17866173089552e-5,Upregulated,-0.929549307585632
POU5F1::SOX2,mES_Heat,NA,NA,-0.689136374762168,8.02064187682987e-5,Downregulated,2.7268076706693
AR,mES_Heat,NA,NA,0.749759893664163,8.02064187682987e-5,Upregulated,-1.44671073473963
ONECUT1,mES_Heat,NA,NA,0.679641892765358,8.0610539571151e-5,Upregulated,-1.40709865372559
NFIA,mES_Heat,NA,NA,0.593190709790193,1.3455452634236e-4,Upregulated,-1.34330938787136
ZFP42,mES_Heat,NA,NA,0.60646074897356,4.8098967145167e-4,Upregulated,-1.0865632102284
STAT1,mES_Heat,NA,NA,0.681215293014184,8.2618486259355e-4,Upregulated,-2.11556426055462
RUNX2,mES_Heat,NA,NA,0.648786567460784,0.0015781880213937,Upregulated,-1.20376848592426
ATF6,mES_Heat,NA,NA,-0.554986946246092,0.00206112210525314,Downregulated,0.602648474562789
FOXO1,mES_Heat,NA,NA,0.496955399786565,0.00199674535408488,Upregulated,-0.746602259789289
POU2F1,mES_Heat,NA,NA,-0.540229727769756,0.00375195466864327,Downregulated,0.421494069916195
GRHL1,mES_Heat,NA,NA,-0.499650176068452,0.00427612567382066,Downregulated,0.833583026482765
THRB,mES_Heat,NA,NA,0.522253861118355,0.00630159153581901,Upregulated,-0.659047505466304
NFAT5,mES_Heat,NA,NA,0.447609841038404,0.0169268822467915,NS,-0.469127427594477
MYBL2,mES_Heat,NA,NA,0.315522146080667,0.0272655435497635,NS,-1.00124350462212
CEBPA,mES_Heat,NA,NA,0.336720773496451,0.0472371404368099,NS,-1.24376612183756
PGR,mES_Heat,NA,NA,0.331173566799603,0.0518773815992148,NS,-0.947244906291701
OTX1,mES_Heat,NA,NA,0.362288831324095,0.064009054889409,NS,-1.00125312430564
ZFX,mES_Heat,NA,NA,0.268183879095401,0.0897501807771638,NS,-0.505379095744401
GATA3,mES_Heat,NA,NA,0.278489964793591,0.169754973747699,NS,-1.27355010070593
ATF2,mES_Heat,NA,NA,0.278040371512567,0.180504366766146,NS,-0.833988306029054
ATF4,mES_Heat,NA,NA,-0.209300775278994,0.190069381960383,NS,2.31136413837473
ETS2,mES_Heat,NA,NA,0.241045047477209,0.277038269628505,NS,1.20091989736114
RXRA,mES_Heat,NA,NA,0.0975712675586889,0.500427886448359,NS,0.896517640682862
HSF1,mES_Heat,NA,NA,5.98245028181948,9.080333649252859e-23,Upregulated,-2.30793118448269
GATA4,mES_Heat,NA,NA,-1.68191100664369,9.9980507388448e-8,Downregulated,2.2629540537383
MAF::NFE2,mES_Heat,NA,NA,-1.11034592561073,3.22283618228422e-6,Downregulated,1.9027983687357
NRF1,mES_Heat,NA,NA,-0.87983329296564206,3.22283618228422e-6,Downregulated,2.25588538662981
CLOCK,mES_Heat,NA,NA,-1.11429119532472,3.28218513802538e-6,Downregulated,1.21385636454505
STAT4,mES_Heat,NA,NA,0.91845683835151,7.98862712231674e-6,Upregulated,-0.0394983355478792
MEF2A,mES_Heat,NA,NA,-0.656743953254949,1.18681893982634e-5,Downregulated,0.609767824568975
NR5A2,mES_Heat,NA,NA,0.958361120572523,1.30568050594598e-5,Upregulated,-1.38526861479738
THRA,mES_Heat,NA,NA,0.682270619064637,1.30568050594598e-5,Upregulated,-1.74176033935094
E2F1,mES_Heat,NA,NA,-0.73994698075782706,2.11892023152349e-5,Downregulated,1.02807313970819
TP53,mES_Heat,NA,NA,-1.40651813637158,4.73084299657819e-5,Downregulated,2.13725469753194
ESR1,mES_Heat,NA,NA,0.77568645671919,7.39334525634666e-5,Upregulated,-1.8031395966486
NFYA,mES_Heat,NA,NA,-0.59814215533593,8.02064187682987e-5,Downregulated,0.532496407317443
RORA,mES_Heat,NA,NA,0.856817180743226,8.44169699618228e-5,Upregulated,-2.11388200551569
NR4A1,mES_Heat,NA,NA,0.455734241684072,1.5660819409106e-4,Upregulated,-1.36601657150278
NR4A2::RXRA,mES_Heat,NA,NA,-0.705855298153873,4.3401403548588e-4,Downregulated,0.792034651148272
TFCP2L1,mES_Heat,NA,NA,-0.811022849231937,4.731667977112e-4,Downregulated,1.60192584246481
GLI1,mES_Heat,NA,NA,0.602600507357341,5.9761572167138e-4,Upregulated,-2.25343232671665
SOX2,mES_Heat,NA,NA,-0.541007526270382,8.8962569055231e-4,Downregulated,0.704295181291429
TEAD1,mES_Heat,NA,NA,-0.574373719811601,0.00144022120745189,Downregulated,1.17941078418884
NR1H2,mES_Heat,NA,NA,-0.748540997732476,0.00142395951809013,Downregulated,1.25591250864819
MTF1,mES_Heat,NA,NA,0.510319847415962,0.00162786027933393,Upregulated,2.36831417907868
FOS::JUN,mES_Heat,NA,NA,-0.398438635667955,0.00293358945862256,Downregulated,0.590734810983285
CEBPB,mES_Heat,NA,NA,-0.626378961351586,0.00365609623806083,Downregulated,0.132161989204437
PPARG::RXRA,mES_Heat,NA,NA,0.548210257342184,0.00459210874675637,Upregulated,-2.11089500028665
FOSL1,mES_Heat,NA,NA,-0.40678105125794,0.00630159153581901,Downregulated,-0.999165398202819
NR1H4::RXRA,mES_Heat,NA,NA,0.363258080175221,0.00813935341051388,Upregulated,-0.650444672090255
POU5F1,mES_Heat,NA,NA,-0.465234247074112,0.0137069540037887,NS,-0.380083826070996
XBP1,mES_Heat,NA,NA,-0.38742421704607,0.0141732151024402,NS,-0.848763170558034
HNF4A,mES_Heat,NA,NA,-0.38825217409969,0.0255047282918493,NS,-0.66762914292587
MYC,mES_Heat,NA,NA,-0.327278038679977,0.0198339775125855,NS,-0.206962453570136
NR1D1,mES_Heat,NA,NA,0.405630864195795,0.0267461755155373,NS,-2.66545437531395
HNF1A,mES_Heat,NA,NA,-0.573380626013151,0.0317142538711285,NS,-0.331355737833854
KLF4,mES_Heat,NA,NA,-0.294750659874401,0.0346725543478819,NS,0.133359511793698
REL,mES_Heat,NA,NA,-0.43549516650322,0.0477263495638331,NS,1.31928874470412
IRF1,mES_Heat,NA,NA,0.381960192305028,0.106593977096429,NS,-2.01557645027121
TCF7,mES_Heat,NA,NA,-0.420530158533612,0.117252990347268,NS,1.35387248126773
SREBF1,mES_Heat,NA,NA,0.302218355385373,0.101454985267733,NS,-2.25953086379471
EGR1,mES_Heat,NA,NA,0.267656491316656,0.117252990347268,NS,-1.77081417047445
TFEB,mES_Heat,NA,NA,0.207933453889898,0.128692466197378,NS,1.52173093246505
HIF1A,mES_Heat,NA,NA,-0.20987849676377,0.132434398490874,NS,-0.964019240944812
GATA1,mES_Heat,NA,NA,0.204419656968453,0.131375683671124,NS,-2.47218714484229
NFATC1,mES_Heat,NA,NA,0.353583267257033,0.155670552455893,NS,-2.12162577327341
SOX9,mES_Heat,NA,NA,0.228429902088737,0.177202785353322,NS,-2.2970294986682
RBPJ,mES_Heat,NA,NA,0.24263857392248,0.199721755728244,NS,-2.23687855024341
STAT1::STAT2,mES_Heat,NA,NA,0.179418761508797,0.23547839268478,NS,-2.10183319100775
TFAP2A,mES_Heat,NA,NA,0.143930914782434,0.426608550637974,NS,-2.04748454471499
SMAD2::SMAD3::SMAD4,mES_Heat,NA,NA,-0.117837660877923,0.502574458888195,NS,-1.244912944104
AHR::ARNT,mES_Heat,NA,NA,-0.108523637172716,0.569265210173949,NS,-1.33171685380771
NR1I2,mES_Heat,NA,NA,0.0612259153327254,0.739577286224062,NS,-1.58392080981503
NR3C1,mES_Heat,NA,NA,0.0860561588383797,0.55559470679874,NS,-2.78126008718468
IRX3,mES_Heat,NA,NA,-0.0900021103021321,0.67324520198115,NS,-0.513532110358682
SRF,mES_Heat,NA,NA,-0.0872215829599832,0.607629393558542,NS,-0.984094690207298
VDR::RXRA,mES_Heat,NA,NA,-0.0402818528678642,0.822890409590098,NS,-1.85904917923626
RARA:RXRA,mES_Heat,NA,NA,-0.00926001728922845,0.944534612834353,NS,-0.263275825857876
WT1,mES_Heat,NA,NA,0.0232948580222594,0.894535837508534,NS,-1.31875625590778
NR1I3,mES_Heat,NA,NA,0.0279445846125052,0.84701032836514,NS,-1.92980465886259
SP1,mES_Heat,NA,NA,-0.471820531484899,4.8098967145167e-4,Downregulated,1.39812960009509
FOXA1,mES_Heat,NA,NA,0.722545540963071,0.0153740181176103,NS,-1.97237859060899
NR3C2,mES_Heat,NA,NA,0.273469019979411,0.247881694517208,NS,-0.722569946632564
RFX1,mES_Heat,NA,NA,0.262019893077084,0.426608550637974,NS,-0.577628421079576
NFE2L2,mES_Heat,NA,NA,-1.87118381141948,3.49749709539749e-8,Downregulated,2.3087176540754
STAT3,mES_Heat,NA,NA,1.02854003999111,1.76943711810415e-7,Upregulated,1.85595303219777
ESRRB,mES_Heat,NA,NA,0.838651611132644,3.77511094356477e-6,Upregulated,-1.50772101076335
NEUROG2,mES_Heat,NA,NA,0.787265690124847,8.02064187682987e-5,Upregulated,-3.09996074614127
IRF3,mES_Heat,NA,NA,-0.794547592367807,0.00162786027933393,Downregulated,0.926141311366976
ELK1,mES_Heat,NA,NA,-0.328577447862073,0.0271367643500858,NS,2.02656609324757
HOMEZ,mES_Heat,NA,NA,0.531710188610601,0.0307532957304708,NS,-2.9324033414889
PAX6,mES_Heat,NA,NA,0.359333544899252,0.0553594778187742,NS,-2.26116825072347
GBX2,mES_Heat,NA,NA,0.245640303169547,0.19190127842344,NS,-2.17275925278841
CREB1,mES_Heat,NA,NA,0.1748306317085,0.380190852240883,NS,-1.27633428806669
TCF7L2,mES_Heat,NA,NA,-0.12159149362882,0.697880665263242,NS,0.915679892751572
NFKB1,mES_Heat,NA,NA,0.074335012506492,0.805018854644843,NS,-0.735689081773396
SMAD4,mES_Heat,NA,NA,-0.00983291686150439,0.962162818123678,NS,-1.51587676768311
ONECUT1,mES_LIF1,NA,NA,0.575100577972532,0.379866164458962,NS,-1.40517759254541
RXRA,mES_LIF1,NA,NA,-0.299488325566039,0.709892979811474,NS,0.902673669687639
ATF6,mES_LIF1,NA,NA,-0.523419568717997,0.758425703361982,NS,0.603467720782675
POU5F1::SOX2,mES_LIF1,NA,NA,-0.331308246938057,0.767024513433049,NS,2.72769936004637
ETS2,mES_LIF1,NA,NA,-0.486119207899105,0.856605853241138,NS,1.19757259922965
NFAT5,mES_LIF1,NA,NA,0.261089911646954,0.902470035765118,NS,-0.439639105165228
MYBL2,mES_LIF1,NA,NA,0.267684927570593,0.856605853241138,NS,-1.00103108707987
ATF4,mES_LIF1,NA,NA,-0.206327399737551,0.918319072311947,NS,2.3409763265725
ZFP42,mES_LIF1,NA,NA,0.210750183831446,0.918319072311947,NS,-1.08517410637847
PPARA::RXRA,mES_LIF1,NA,NA,0.263737138543447,0.932201579881635,NS,-0.907009139506576
AR,mES_LIF1,NA,NA,0.294388301969924,0.932201579881635,NS,-1.45741062854919
PGR,mES_LIF1,NA,NA,0.184480129824331,0.932201579881635,NS,-0.936318674920401
ZFX,mES_LIF1,NA,NA,0.147219637643957,0.923016082670136,NS,-0.496237302192528
GATA3,mES_LIF1,NA,NA,0.150833384726252,0.932201579881635,NS,-1.24223584546366
THRB,mES_LIF1,NA,NA,-0.145479753947922,0.932201579881635,NS,-0.658916315525219
FOXO1,mES_LIF1,NA,NA,-0.168943064300336,0.923016082670136,NS,-0.728039666959689
ATF2,mES_LIF1,NA,NA,-0.147567744710529,0.932201579881635,NS,-0.829547396573682
STAT1,mES_LIF1,NA,NA,-0.116594330861119,0.932680491379393,NS,-2.0897634601061
RUNX2,mES_LIF1,NA,NA,-0.141214408915093,0.932201579881635,NS,-1.21252733081734
RARA,mES_LIF1,NA,NA,-0.16845788116254,0.932201579881635,NS,-2.52786091774062
OTX1,mES_LIF1,NA,NA,-0.00329958456322216,0.996601642100319,NS,-1.00075734156424
GRHL1,mES_LIF1,NA,NA,-0.105568950693649,0.932201579881635,NS,0.814009988769397
CEBPA,mES_LIF1,NA,NA,0.0265126783806111,0.986010299900544,NS,-1.24396101692006
POU2F1,mES_LIF1,NA,NA,-0.011079091309622,0.986010299900544,NS,0.43029276091376
NFIA,mES_LIF1,NA,NA,-0.048573186382848,0.978707603082499,NS,-1.34176232283013
HSF1,mES_LIF1,NA,NA,0.567104906475024,0.379866164458962,NS,-2.31458408423789
RARA:RXRA,mES_LIF1,NA,NA,-1.11599619706976,0.430357990178325,NS,-0.263334761719125
NR3C1,mES_LIF1,NA,NA,0.509072943584667,0.430357990178325,NS,-2.78236645503505
VDR::RXRA,mES_LIF1,NA,NA,-0.732948961290337,0.574158068506998,NS,-1.86650771991198
GATA1,mES_LIF1,NA,NA,0.397908895145537,0.615102425574056,NS,-2.46730559878526
SMAD2::SMAD3::SMAD4,mES_LIF1,NA,NA,0.50305783393635,0.709892979811474,NS,-1.23682714037296
IRX3,mES_LIF1,NA,NA,-0.611987558748585,0.709892979811474,NS,-0.49165712495941
NR1D1,mES_LIF1,NA,NA,0.372613054665916,0.709892979811474,NS,-2.64462862566529
NR1I3,mES_LIF1,NA,NA,-0.26641318132754,0.767024513433049,NS,-1.93676191205944
NR1H2,mES_LIF1,NA,NA,-0.316871323549164,0.856605853241138,NS,1.21740915563865
NR1I2,mES_LIF1,NA,NA,-0.455573051775727,0.902470035765118,NS,-1.58121034070114
NFATC1,mES_LIF1,NA,NA,0.355574576504309,0.856605853241138,NS,-2.15348010882697
NR4A2::RXRA,mES_LIF1,NA,NA,0.194496563818564,0.856605853241138,NS,0.811437395560191
THRA,mES_LIF1,NA,NA,-0.344049480168572,0.856605853241138,NS,-1.74402540711869
TFCP2L1,mES_LIF1,NA,NA,-0.393701810081147,0.923016082670136,NS,1.69861873140793
AHR::ARNT,mES_LIF1,NA,NA,-0.525085759967338,0.902470035765118,NS,-1.33151376640847
MTF1,mES_LIF1,NA,NA,-0.147801219795287,0.918319072311947,NS,2.3572169873788
ESR1,mES_LIF1,NA,NA,0.364804079143786,0.918319072311947,NS,-1.80506495445127
RBPJ,mES_LIF1,NA,NA,-0.469407426619243,0.923016082670136,NS,-2.24670502616238
IRF1,mES_LIF1,NA,NA,-0.143116479984662,0.932201579881635,NS,-2.01787185101962
XBP1,mES_LIF1,NA,NA,-0.12297046021074,0.923016082670136,NS,-0.839127777553718
GATA4,mES_LIF1,NA,NA,-0.1445966085129,0.923016082670136,NS,2.26914515318949
SREBF1,mES_LIF1,NA,NA,-0.183686830397855,0.923016082670136,NS,-2.28429296857619
SOX9,mES_LIF1,NA,NA,0.206885924150787,0.923016082670136,NS,-2.28993867262284
KLF4,mES_LIF1,NA,NA,-0.100325206668997,0.923016082670136,NS,0.135597764410077
GLI1,mES_LIF1,NA,NA,0.170821508578554,0.923016082670136,NS,-2.24654032774556
HIF1A,mES_LIF1,NA,NA,-0.221374804560949,0.923016082670136,NS,-0.939648573464536
STAT1::STAT2,mES_LIF1,NA,NA,-0.24642630696358,0.923016082670136,NS,-2.10871704306784
TP53,mES_LIF1,NA,NA,-0.27030714521865,0.923016082670136,NS,2.104956897344
SOX2,mES_LIF1,NA,NA,-0.0986707063928859,0.932201579881635,NS,0.698278226571655
FOS::JUN,mES_LIF1,NA,NA,-0.0260806660873941,0.978707603082499,NS,0.591573440127579
CEBPB,mES_LIF1,NA,NA,-0.173257501667081,0.932201579881635,NS,0.105101425675972
TCF7,mES_LIF1,NA,NA,-0.11122728560116,0.932201579881635,NS,1.33879594015724
HNF4A,mES_LIF1,NA,NA,-0.058759412842133,0.974078750991532,NS,-0.64755971926982
SRF,mES_LIF1,NA,NA,0.130139298205836,0.923016082670136,NS,-0.991997155105356
MAF::NFE2,mES_LIF1,NA,NA,-0.0882595931500379,0.932201579881635,NS,1.9121616224503
REL,mES_LIF1,NA,NA,-0.101611278040363,0.932201579881635,NS,1.31407349904995
EGR1,mES_LIF1,NA,NA,0.146256378380531,0.932201579881635,NS,-1.75428281325563
FOSL1,mES_LIF1,NA,NA,0.0211051706680508,0.986010299900544,NS,-0.989415227969736
HNF1A,mES_LIF1,NA,NA,0.0971632177441893,0.932201579881635,NS,-0.355577370247918
WT1,mES_LIF1,NA,NA,0.127493714233605,0.932201579881635,NS,-1.32791919125337
TEAD1,mES_LIF1,NA,NA,-0.0738517233037413,0.932201579881635,NS,1.17558925727117
MEF2A,mES_LIF1,NA,NA,-0.0216427525598041,0.978707603082499,NS,0.631654172996093
TFEB,mES_LIF1,NA,NA,-0.0424855952101043,0.974078750991532,NS,1.52042802493616
POU5F1,mES_LIF1,NA,NA,0.0899552197902631,0.932201579881635,NS,-0.392352620223985
MYC,mES_LIF1,NA,NA,-0.0674614674282994,0.960970707729181,NS,-0.187576567544491
PPARG::RXRA,mES_LIF1,NA,NA,-0.116392527459645,0.932201579881635,NS,-2.08975373988744
NR4A1,mES_LIF1,NA,NA,0.0781726669824654,0.932201579881635,NS,-1.36100672372881
NFYA,mES_LIF1,NA,NA,0.0462637381759936,0.932201579881635,NS,0.528128166892794
TFAP2A,mES_LIF1,NA,NA,0.0983908902680911,0.932201579881635,NS,-2.03003557534858
NR5A2,mES_LIF1,NA,NA,0.00467526929019733,0.996601642100319,NS,-1.3718937614107
STAT4,mES_LIF1,NA,NA,0.0208451945566987,0.978707603082499,NS,-0.0532512882729179
NR1H4::RXRA,mES_LIF1,NA,NA,0.0373274832541185,0.978707603082499,NS,-0.642589402154281
E2F1,mES_LIF1,NA,NA,-0.0601018829927322,0.932201579881635,NS,1.0415214500536
RORA,mES_LIF1,NA,NA,0.0146502038135852,0.986010299900544,NS,-2.10019342814736
CLOCK,mES_LIF1,NA,NA,0.0202993482139658,0.978707603082499,NS,1.21999155533999
NRF1,mES_LIF1,NA,NA,-0.00694264023632137,0.986010299900544,NS,2.24874637805441
SP1,mES_LIF1,NA,NA,-0.186707208213381,0.856605853241138,NS,1.43695826990558
FOXA1,mES_LIF1,NA,NA,0.400334211661059,0.821903708456973,NS,-1.99008532965896
RFX1,mES_LIF1,NA,NA,-0.203890640604879,0.932201579881635,NS,-0.714211214281208
NR3C2,mES_LIF1,NA,NA,0.162355613606453,0.932201579881635,NS,-0.73992467504872
HOMEZ,mES_LIF1,NA,NA,0.718455657221583,0.709892979811474,NS,-2.94169533213503
CREB1,mES_LIF1,NA,NA,0.405499281923877,0.709892979811474,NS,-1.27354578220768
NEUROG2,mES_LIF1,NA,NA,0.599824997582664,0.709892979811474,NS,-3.10689295401914
STAT3,mES_LIF1,NA,NA,-0.293460575871353,0.767024513433049,NS,1.8611891252627
GBX2,mES_LIF1,NA,NA,0.215103555658586,0.932201579881635,NS,-2.17842787124889
IRF3,mES_LIF1,NA,NA,-0.220080502423281,0.932201579881635,NS,0.933432453734806
TCF7L2,mES_LIF1,NA,NA,-0.179994885925241,0.932201579881635,NS,0.927938204969593
NFKB1,mES_LIF1,NA,NA,0.185207042496686,0.932201579881635,NS,-0.72898998193158
SMAD4,mES_LIF1,NA,NA,0.235221549886007,0.923016082670136,NS,-1.53973515546611
ELK1,mES_LIF1,NA,NA,-0.0624069333463705,0.932201579881635,NS,2.0328892861889
PAX6,mES_LIF1,NA,NA,0.152364606578388,0.932201579881635,NS,-2.26254798172285
NFE2L2,mES_LIF1,NA,NA,-0.0689172791799503,0.932201579881635,NS,2.3077441280605
ESRRB,mES_LIF1,NA,NA,0.0749848791798785,0.932201579881635,NS,-1.5023142607175901
ZFX,mES_LIF,NA,NA,0.0952198989074506,0.785376171246892,NS,-0.0210090815018823
GLI1,mES_LIF,NA,NA,0.477092888063752,0.14513774469412,NS,-2.64749090736484
IRX3,mES_LIF,NA,NA,-0.0405007097622731,0.988405941782305,NS,-1.85228292226978
ELK1,mES_LIF,NA,NA,0.252289940659698,0.415520040853831,NS,1.88071806455215
ESRRB,mES_LIF,NA,NA,0.134860906440826,0.768745598943699,NS,-2.61711119818773
RXRA,mES_LIF3,NA,NA,-0.27391530664362,0.415652851062661,NS,0.900286239059061
MYBL2,mES_LIF3,NA,NA,0.33410822597784,0.415652851062661,NS,-1.0007371934322
ZFP42,mES_LIF3,NA,NA,0.228351738121215,0.672542266954426,NS,-1.08724295098326
NFAT5,mES_LIF3,NA,NA,0.261446523899653,0.672542266954426,NS,-0.455300076480417
ONECUT1,mES_LIF3,NA,NA,0.281929983780895,0.680182082790441,NS,-1.40512556389433
RARA,mES_LIF3,NA,NA,-0.229964856804409,0.86802305667349,NS,-2.52128773246056
THRB,mES_LIF3,NA,NA,0.2162087227533,0.86802305667349,NS,-0.659884100949411
POU5F1::SOX2,mES_LIF3,NA,NA,-0.156825890323032,0.86802305667349,NS,2.72671029586578
OTX1,mES_LIF3,NA,NA,0.18320457656516,0.86802305667349,NS,-0.993844257163235
ZFX,mES_LIF3,NA,NA,0.134714599504206,0.86802305667349,NS,-0.496796903218263
ATF2,mES_LIF3,NA,NA,0.160221336465406,0.884335268735684,NS,-0.832029972182972
ATF4,mES_LIF3,NA,NA,-0.0717320582250654,0.928017973129343,NS,2.32486994536386
RUNX2,mES_LIF3,NA,NA,0.0631699374390567,0.948797978487585,NS,-1.20756047980016
CEBPA,mES_LIF3,NA,NA,0.090771216083844,0.927518162808151,NS,-1.24449671524131
ETS2,mES_LIF3,NA,NA,-0.0926488096962155,0.92661924613285,NS,1.20007834094156
GATA3,mES_LIF3,NA,NA,0.0792814043192328,0.941411719001189,NS,-1.2501864265932
AR,mES_LIF3,NA,NA,0.0379192367321269,0.962348152841308,NS,-1.44999934793604
ATF6,mES_LIF3,NA,NA,0.00859032264789372,0.984763658191153,NS,0.603634054843831
POU2F1,mES_LIF3,NA,NA,-0.0832186520622168,0.918132250752031,NS,0.425205253679423
PPARA::RXRA,mES_LIF3,NA,NA,-0.00951439740122212,0.984763658191153,NS,-0.919040770832407
STAT1,mES_LIF3,NA,NA,0.0235405581083638,0.984763658191153,NS,-2.11072014753744
PGR,mES_LIF3,NA,NA,0.00395915209728894,0.984763658191153,NS,-0.945585166754048
NFIA,mES_LIF3,NA,NA,-0.0435143141708239,0.948797978487585,NS,-1.34196297919026
GRHL1,mES_LIF3,NA,NA,0.0157380304685483,0.984763658191153,NS,0.837185712870374
FOXO1,mES_LIF3,NA,NA,-0.0345324560272005,0.948797978487585,NS,-0.729770624990333
STAT4,mES_LIF3,NA,NA,-0.587499901205921,0.090187071704227,NS,-0.0510151483822078
RARA:RXRA,mES_LIF3,NA,NA,-0.26866896378437,0.415652851062661,NS,-0.265312718850765
MEF2A,mES_LIF3,NA,NA,0.231823379928361,0.415652851062661,NS,0.619985832829271
NR1H2,mES_LIF3,NA,NA,-0.342476715192489,0.624658591356984,NS,1.26108554562635
NR4A1,mES_LIF3,NA,NA,-0.152670830595128,0.672542266954426,NS,-1.3654925585605
FOS::JUN,mES_LIF3,NA,NA,0.152556178427574,0.672542266954426,NS,0.593116396229911
GATA1,mES_LIF3,NA,NA,0.238682509937318,0.672542266954426,NS,-2.48221320268703
SRF,mES_LIF3,NA,NA,0.218552776307596,0.672542266954426,NS,-0.977383138272335
HSF1,mES_LIF3,NA,NA,0.236263647699663,0.730512097997482,NS,-2.31044364645088
TEAD1,mES_LIF3,NA,NA,0.169684028747148,0.794304778765172,NS,1.17446882537516
HNF4A,mES_LIF3,NA,NA,0.132772753503351,0.874902412697374,NS,-0.665365581464726
RORA,mES_LIF3,NA,NA,0.211936260599782,0.838018209523585,NS,-2.12595018859107
REL,mES_LIF3,NA,NA,0.176823506944754,0.86802305667349,NS,1.31760681584579
TCF7,mES_LIF3,NA,NA,-0.217303340877131,0.890857641398841,NS,1.35170036404935
TFCP2L1,mES_LIF3,NA,NA,-0.155173264235078,0.86802305667349,NS,1.61769639336207
SREBF1,mES_LIF3,NA,NA,0.104181875660417,0.86802305667349,NS,-2.27125282279585
NR1D1,mES_LIF3,NA,NA,0.100536352849797,0.89918293817698,NS,-2.66331409465878
MAF::NFE2,mES_LIF3,NA,NA,-0.0928579723829092,0.86802305667349,NS,1.90793191518328
RBPJ,mES_LIF3,NA,NA,-0.14530202170326,0.86802305667349,NS,-2.24219970936007
NFATC1,mES_LIF3,NA,NA,0.18881134402217,0.86802305667349,NS,-2.15392647676656
MYC,mES_LIF3,NA,NA,0.0891473991310109,0.86802305667349,NS,-0.198805621985471
NR3C1,mES_LIF3,NA,NA,0.116154302204458,0.86802305667349,NS,-2.77989915923355
TP53,mES_LIF3,NA,NA,-0.194655011663632,0.890857641398841,NS,2.14620944676073
E2F1,mES_LIF3,NA,NA,-0.0991715479983155,0.86802305667349,NS,1.01839360407667
PPARG::RXRA,mES_LIF3,NA,NA,-0.144514637960394,0.890857641398841,NS,-2.09372002959216
SOX2,mES_LIF3,NA,NA,-0.067829800431617,0.890857641398841,NS,0.695636959672983
ESR1,mES_LIF3,NA,NA,0.0888960748324598,0.89918293817698,NS,-1.80316379638699
HIF1A,mES_LIF3,NA,NA,0.0817334522492681,0.884205695569746,NS,-0.974478570051376
NR1I3,mES_LIF3,NA,NA,0.0979792209658224,0.890857641398841,NS,-1.92624823145619
CEBPB,mES_LIF3,NA,NA,-0.0355089711338847,0.971859608156162,NS,0.13138321921744
THRA,mES_LIF3,NA,NA,-0.0773060120608895,0.910647543770054,NS,-1.73927276012762
KLF4,mES_LIF3,NA,NA,-0.0430715417473411,0.941411719001189,NS,0.135674010401213
WT1,mES_LIF3,NA,NA,0.0668609261189924,0.941411719001189,NS,-1.32511115942108
NFYA,mES_LIF3,NA,NA,-0.0426434088408517,0.941411719001189,NS,0.527867809487822
EGR1,mES_LIF3,NA,NA,0.0676475215498912,0.941411719001189,NS,-1.7755670079182
AHR::ARNT,mES_LIF3,NA,NA,0.0728168753597656,0.941411719001189,NS,-1.33404152895975
SOX9,mES_LIF3,NA,NA,0.051753130060411,0.941411719001189,NS,-2.28638709304831
NRF1,mES_LIF3,NA,NA,-0.053470757662289,0.941411719001189,NS,2.26033074045547
STAT1::STAT2,mES_LIF3,NA,NA,0.0415486409053627,0.948797978487585,NS,-2.10558521157244
NR1H4::RXRA,mES_LIF3,NA,NA,-0.0450502602066382,0.941411719001189,NS,-0.646844261318738
HNF1A,mES_LIF3,NA,NA,-0.0709210386110309,0.962348152841308,NS,-0.34617986019198
NR4A2::RXRA,mES_LIF3,NA,NA,-0.0672099902546753,0.910647543770054,NS,0.778341825295557
GATA4,mES_LIF3,NA,NA,-0.0495245320639562,0.941411719001189,NS,2.24564945118416
IRX3,mES_LIF3,NA,NA,0.0296854969315159,0.984763658191153,NS,-0.485780121418323
TFEB,mES_LIF3,NA,NA,0.023634884186375,0.971859608156162,NS,1.52852898018024
SMAD2::SMAD3::SMAD4,mES_LIF3,NA,NA,0.0385383354269298,0.962348152841308,NS,-1.24210594196365
FOSL1,mES_LIF3,NA,NA,0.0147365683655697,0.984763658191153,NS,-0.99372241031919
IRF1,mES_LIF3,NA,NA,0.0624018559009192,0.941411719001189,NS,-2.01456833432125
GLI1,mES_LIF3,NA,NA,0.00356509796034341,0.984763658191153,NS,-2.24649719816319
POU5F1,mES_LIF3,NA,NA,0.0170212272089137,0.984763658191153,NS,-0.390281792887888
NR5A2,mES_LIF3,NA,NA,-0.011223895659376,0.984763658191153,NS,-1.37911472813437
MTF1,mES_LIF3,NA,NA,-0.00563015406805988,0.984763658191153,NS,2.36177096894284
VDR::RXRA,mES_LIF3,NA,NA,0.00736872291893306,0.984763658191153,NS,-1.85858822929105
CLOCK,mES_LIF3,NA,NA,-0.0259505244628303,0.971859608156162,NS,1.21392610973987
NR1I2,mES_LIF3,NA,NA,0.0028868847077924,0.984763658191153,NS,-1.58520419388624
TFAP2A,mES_LIF3,NA,NA,0.0562834826204842,0.948797978487585,NS,-2.05125016386715
XBP1,mES_LIF3,NA,NA,0.0131404487129971,0.984763658191153,NS,-0.850899389628395
RFX1,mES_LIF3,NA,NA,-0.258950066112863,0.838018209523585,NS,-0.712918577082003
FOXA1,mES_LIF3,NA,NA,0.121952163601968,0.910647543770054,NS,-1.97068884004269
NR3C2,mES_LIF3,NA,NA,0.121811709009341,0.890857641398841,NS,-0.717253106235865
SP1,mES_LIF3,NA,NA,-0.0745676654471225,0.89918293817698,NS,1.42109447425407
STAT3,mES_LIF3,NA,NA,-0.777897441816574,0.00665588542551877,Downregulated,1.85262923149895
PAX6,mES_LIF3,NA,NA,0.511409326433516,0.306304898440413,NS,-2.25939211172952
GBX2,mES_LIF3,NA,NA,0.53259790139629,0.306304898440413,NS,-2.16176891509127
CREB1,mES_LIF3,NA,NA,0.289582903270087,0.672542266954426,NS,-1.27059297350052
HOMEZ,mES_LIF3,NA,NA,0.37118460290732,0.672542266954426,NS,-2.93768898134892
NFKB1,mES_LIF3,NA,NA,0.38928244481671,0.672542266954426,NS,-0.725955019038063
SMAD4,mES_LIF3,NA,NA,0.312274735577355,0.672542266954426,NS,-1.56110821870678
ESRRB,mES_LIF3,NA,NA,0.204366540089655,0.672542266954426,NS,-1.51129231571595
NEUROG2,mES_LIF3,NA,NA,0.236048075784366,0.838018209523585,NS,-3.09522676764365
ELK1,mES_LIF3,NA,NA,0.126993086799407,0.86802305667349,NS,2.01337050370418
TCF7L2,mES_LIF3,NA,NA,0.143067465847657,0.941411719001189,NS,0.905146524058745
IRF3,mES_LIF3,NA,NA,0.0825453549033061,0.941411719001189,NS,0.930538462780538
NFE2L2,mES_LIF3,NA,NA,0.0324918755119364,0.948797978487585,NS,2.30924563655115
RXRA,mES_LIF6,NA,NA,-0.544264610373388,0.0116574440217098,NS,0.897138682155212
MYBL2,mES_LIF6,NA,NA,0.298214059173156,0.438034625924758,NS,-1.00117194526239
AR,mES_LIF6,NA,NA,0.318128525561585,0.45859884875666,NS,-1.44391202735073
NFAT5,mES_LIF6,NA,NA,0.23183128787961,0.533305518051098,NS,-0.453176943050791
ONECUT1,mES_LIF6,NA,NA,0.220422162089304,0.533305518051098,NS,-1.40602209029325
NFIA,mES_LIF6,NA,NA,0.201084896678342,0.533305518051098,NS,-1.34241430403221
PPARA::RXRA,mES_LIF6,NA,NA,-0.220715788174724,0.537854815763571,NS,-0.920342846702556
RUNX2,mES_LIF6,NA,NA,0.207759674573919,0.541618436482682,NS,-1.19323050726942
ZFP42,mES_LIF6,NA,NA,0.167076356190844,0.587914025556574,NS,-1.09168741041364
ZFX,mES_LIF6,NA,NA,0.154737045504148,0.630035505224103,NS,-0.498870652145607
POU5F1::SOX2,mES_LIF6,NA,NA,-0.164017016504691,0.638265149569028,NS,2.72405724704976
GATA3,mES_LIF6,NA,NA,0.168541791363987,0.683217397042394,NS,-1.26724520300383
ATF2,mES_LIF6,NA,NA,0.134900528243749,0.705556703168765,NS,-0.834988610548344
STAT1,mES_LIF6,NA,NA,0.166497520551296,0.707654528191483,NS,-2.10008350640065
CEBPA,mES_LIF6,NA,NA,0.120122812762381,0.705556703168765,NS,-1.24583483109765
ATF6,mES_LIF6,NA,NA,-0.109879388014416,0.707654528191483,NS,0.600431134958463
THRB,mES_LIF6,NA,NA,0.0892279877739845,0.789676869403813,NS,-0.653237617190649
OTX1,mES_LIF6,NA,NA,0.0996228835137499,0.794299955754805,NS,-1.01002468441566
ETS2,mES_LIF6,NA,NA,-0.0417899642645029,0.901840921210465,NS,1.20222948560268
POU2F1,mES_LIF6,NA,NA,-0.0324348228246661,0.921178066445499,NS,0.419683336531084
ATF4,mES_LIF6,NA,NA,-0.0418863870121654,0.876253386824243,NS,2.33220016554687
PGR,mES_LIF6,NA,NA,0.0063288493782299,0.973286817510173,NS,-0.944167360928492
GRHL1,mES_LIF6,NA,NA,-0.00820514677912535,0.973286817510173,NS,0.843546442713551
RARA,mES_LIF6,NA,NA,-0.0126619750201907,0.973286817510173,NS,-2.50776494243894
FOXO1,mES_LIF6,NA,NA,0.0309215722448455,0.901840921210465,NS,-0.733321763803056
STAT4,mES_LIF6,NA,NA,-1.09570683005045,4.97722776581374e-7,Downregulated,-0.0477359001560262
RARA:RXRA,mES_LIF6,NA,NA,-0.439221726733649,0.0203011439685361,NS,-0.26565040918212
NR1H2,mES_LIF6,NA,NA,-0.551455652635512,0.118548316340882,NS,1.27854994461473
KLF4,mES_LIF6,NA,NA,-0.1535659222573,0.523330243592412,NS,0.135466778370708
HNF4A,mES_LIF6,NA,NA,0.20338177511048,0.533305518051098,NS,-0.662145396003501
MEF2A,mES_LIF6,NA,NA,0.155998843581948,0.533305518051098,NS,0.6224269458789
FOS::JUN,mES_LIF6,NA,NA,0.147505674362091,0.533305518051098,NS,0.59308092756889
NR1D1,mES_LIF6,NA,NA,0.206150175995817,0.533305518051098,NS,-2.6601977381566
TCF7,mES_LIF6,NA,NA,-0.413990012256799,0.535884472001341,NS,1.34809544056298
SRF,mES_LIF6,NA,NA,0.216084372459142,0.533305518051098,NS,-0.977197322857218
NR3C1,mES_LIF6,NA,NA,0.166725926743876,0.533305518051098,NS,-2.78008202307551
NR1H4::RXRA,mES_LIF6,NA,NA,0.113850743526784,0.533305518051098,NS,-0.653580342171109
MYC,mES_LIF6,NA,NA,0.124009993946237,0.533305518051098,NS,-0.196950143777577
NR4A2::RXRA,mES_LIF6,NA,NA,-0.172351878084444,0.533305518051098,NS,0.780756120327111
SREBF1,mES_LIF6,NA,NA,0.1352683198765,0.553158695017304,NS,-2.2736197966134
RBPJ,mES_LIF6,NA,NA,0.198923014491879,0.585474944051297,NS,-2.24188879856291
HSF1,mES_LIF6,NA,NA,0.222558487306929,0.585474944051297,NS,-2.31133050192207
THRA,mES_LIF6,NA,NA,0.147652997318378,0.585474944051297,NS,-1.74093845052749
AHR::ARNT,mES_LIF6,NA,NA,0.172306887596952,0.585474944051297,NS,-1.32949207164348
NR4A1,mES_LIF6,NA,NA,0.100227984106126,0.601981810293063,NS,-1.36485755235617
GATA1,mES_LIF6,NA,NA,0.162962060417046,0.587914025556574,NS,-2.47374169501435
TFEB,mES_LIF6,NA,NA,0.116580630336683,0.630035505224103,NS,1.52282131416615
WT1,mES_LIF6,NA,NA,0.142883817445393,0.638265149569028,NS,-1.32801410881473
REL,mES_LIF6,NA,NA,0.170841963850685,0.642112526782556,NS,1.31680945449301
FOSL1,mES_LIF6,NA,NA,0.086530235495075,0.678563577410635,NS,-0.992434485868632
EGR1,mES_LIF6,NA,NA,0.133556655921167,0.642112526782556,NS,-1.7880368904999
GLI1,mES_LIF6,NA,NA,0.116646167236582,0.683217397042394,NS,-2.25056555420956
NFATC1,mES_LIF6,NA,NA,0.18920873853484,0.707654528191483,NS,-2.14814705505719
TFCP2L1,mES_LIF6,NA,NA,-0.0929078654524608,0.789676869403813,NS,1.63808317199412
CEBPB,mES_LIF6,NA,NA,0.0891775153819161,0.789676869403813,NS,0.144177542892889
IRF1,mES_LIF6,NA,NA,0.0869638565886067,0.794299955754805,NS,-2.01516368503097
SOX9,mES_LIF6,NA,NA,0.0881153658181015,0.789676869403813,NS,-2.29019499609545
NR5A2,mES_LIF6,NA,NA,0.111314914108085,0.789676869403813,NS,-1.37811072685325
SMAD2::SMAD3::SMAD4,mES_LIF6,NA,NA,-0.0843684882061286,0.789676869403813,NS,-1.24065327408662
VDR::RXRA,mES_LIF6,NA,NA,0.0925613083591019,0.789676869403813,NS,-1.85403346329612
TFAP2A,mES_LIF6,NA,NA,0.122277908311111,0.749257493520019,NS,-2.04589851705308
TEAD1,mES_LIF6,NA,NA,0.0711137119076069,0.789676869403813,NS,1.17599019560166
STAT1::STAT2,mES_LIF6,NA,NA,0.0723458918904679,0.789676869403813,NS,-2.10051954713192
CLOCK,mES_LIF6,NA,NA,0.0661707498823325,0.795410260872647,NS,1.21999264646438
NRF1,mES_LIF6,NA,NA,-0.0664138435619099,0.803862228711124,NS,2.25874069463685
NFYA,mES_LIF6,NA,NA,-0.0380173492766959,0.811234350158928,NS,0.528705166937526
PPARG::RXRA,mES_LIF6,NA,NA,-0.0818161725821406,0.812886622228398,NS,-2.09427262772676
TP53,mES_LIF6,NA,NA,0.0171755537233314,0.973286817510173,NS,2.14414543934925
HIF1A,mES_LIF6,NA,NA,0.0492758954488566,0.789676869403813,NS,-0.968088951067675
NR1I2,mES_LIF6,NA,NA,-0.00581052748181503,0.973286817510173,NS,-1.58454034902824
IRX3,mES_LIF6,NA,NA,0.0611484968116009,0.861793619198995,NS,-0.493625109975337
SOX2,mES_LIF6,NA,NA,-0.0285155733821003,0.869870598416914,NS,0.6982796863323
MAF::NFE2,mES_LIF6,NA,NA,-0.0364895201807738,0.847685360720486,NS,1.90308291695941
GATA4,mES_LIF6,NA,NA,-0.0488833350764707,0.847685360720486,NS,2.25445370065404
HNF1A,mES_LIF6,NA,NA,0.0503282718113138,0.93086229787534,NS,-0.34724545342775
MTF1,mES_LIF6,NA,NA,-0.0189865614100409,0.921178066445499,NS,2.36124882405368
ESR1,mES_LIF6,NA,NA,0.0337188175976233,0.901840921210465,NS,-1.80687684366428
E2F1,mES_LIF6,NA,NA,0.0466339782497785,0.811234350158928,NS,1.01895027760865
NR1I3,mES_LIF6,NA,NA,0.0424566230499153,0.882794408580638,NS,-1.92363984976599
RORA,mES_LIF6,NA,NA,0.00866943633251656,0.973286817510173,NS,-2.12499188946257
POU5F1,mES_LIF6,NA,NA,0.0142375484213523,0.973286817510173,NS,-0.387393251520854
XBP1,mES_LIF6,NA,NA,-0.0194336920105263,0.901840921210465,NS,-0.848577921188106
RFX1,mES_LIF6,NA,NA,-0.253827750741036,0.585474944051297,NS,-0.814766256811201
FOXA1,mES_LIF6,NA,NA,0.181950656828904,0.638265149569028,NS,-1.96450295522899
SP1,mES_LIF6,NA,NA,-0.104581119973469,0.690856320864403,NS,1.43177926697298
NR3C2,mES_LIF6,NA,NA,-0.00684699118759873,0.973286817510173,NS,-0.725727310597095
STAT3,mES_LIF6,NA,NA,-1.42483966528669,1.43756102159662e-7,Downregulated,1.85612464721236
PAX6,mES_LIF6,NA,NA,0.406368400755784,0.13103585020716,NS,-2.24576902165606
GBX2,mES_LIF6,NA,NA,0.522925765580548,0.252546210204418,NS,-2.16153135487495
ESRRB,mES_LIF6,NA,NA,0.285637206344576,0.317182468473736,NS,-1.50683859396864
CREB1,mES_LIF6,NA,NA,0.399068600144948,0.438034625924758,NS,-1.27129153721819
HOMEZ,mES_LIF6,NA,NA,0.469909265276996,0.444388578361643,NS,-2.98279518102916
ELK1,mES_LIF6,NA,NA,0.194596965342645,0.533305518051098,NS,2.01322576719739
SMAD4,mES_LIF6,NA,NA,0.347341446837734,0.533305518051098,NS,-1.52010245927694
NFE2L2,mES_LIF6,NA,NA,0.163919445531733,0.533305518051098,NS,2.32946139266295
NEUROG2,mES_LIF6,NA,NA,0.239347020646283,0.585474944051297,NS,-3.09962867670553
NFKB1,mES_LIF6,NA,NA,0.31975069770728,0.587914025556574,NS,-0.729687552369238
TCF7L2,mES_LIF6,NA,NA,-0.127212151071401,0.847685360720486,NS,0.903331155109242
IRF3,mES_LIF6,NA,NA,0.119119884529951,0.789676869403813,NS,0.943759212388116
ETS2,mES_NPC,NA,NA,3.09967816122559,1.24279832347176e-18,Upregulated,1.20158174921845
ATF2,mES_NPC,NA,NA,2.60945328839663,7.57576591702512e-17,Upregulated,-0.83357587103477
POU5F1::SOX2,mES_NPC,NA,NA,-2.16860461236286,4.55654479441619e-14,Downregulated,2.7257967669099
RXRA,mES_NPC,NA,NA,-1.84251996725092,1.3615970226277798e-11,Downregulated,0.912765648424163
POU2F1,mES_NPC,NA,NA,1.31062684421101,4.93852158596916e-8,Upregulated,0.42053175056919
RARA,mES_NPC,NA,NA,1.4213441446268,9.027271530591e-8,Upregulated,-2.51450902566179
STAT1,mES_NPC,NA,NA,1.37918001417743,9.027271530591e-8,Upregulated,-2.11402134943176
GRHL1,mES_NPC,NA,NA,-1.23818317384746,2.4839265818618e-7,Downregulated,0.856738150438817
CEBPA,mES_NPC,NA,NA,0.981742794813418,1.66874667475359e-5,Upregulated,-1.24550029432224
NFIA,mES_NPC,NA,NA,1.09749070527563,3.02890225010742e-5,Upregulated,-1.34112987698413
ONECUT1,mES_NPC,NA,NA,0.933664083069118,1.6259965763613e-4,Upregulated,-1.40705170131469
ATF6,mES_NPC,NA,NA,-0.813184163825669,3.5274069404266e-4,Downregulated,0.602914003649794
GATA3,mES_NPC,NA,NA,1.03529338052481,6.2843570539759e-4,Upregulated,-1.2703270506131
THRB,mES_NPC,NA,NA,0.765006507716344,0.00145086381734681,Upregulated,-0.659462289286193
ZFP42,mES_NPC,NA,NA,0.608522968434905,0.00746305465843373,Upregulated,-1.09069361579504
RUNX2,mES_NPC,NA,NA,0.670917722546717,0.00810258905379058,Upregulated,-1.20238094486067
AR,mES_NPC,NA,NA,0.564975223893727,0.0111585100807568,NS,-1.44748115577587
PPARA::RXRA,mES_NPC,NA,NA,0.496916476718407,0.0224781857775485,NS,-0.922579982684071
FOXO1,mES_NPC,NA,NA,0.503478058898836,0.0281894131856522,NS,-0.756378135990238
MYBL2,mES_NPC,NA,NA,0.492264831149135,0.0670370921698434,NS,-1.00251825655226
ATF4,mES_NPC,NA,NA,-0.345252547783838,0.0897862492600027,NS,2.3127827093011
OTX1,mES_NPC,NA,NA,0.36143096649314,0.156328106801383,NS,-0.99573795706569
PGR,mES_NPC,NA,NA,0.256615131787545,0.21056685226553,NS,-0.944411122881288
NFAT5,mES_NPC,NA,NA,0.130437225435775,0.581840954440798,NS,-0.464351201993491
ZFX,mES_NPC,NA,NA,-0.0540926300781449,0.8161787150625,NS,-0.483176969092763
STAT1::STAT2,mES_NPC,NA,NA,5.80376455729854,4.20819363021879e-18,Upregulated,-2.10593993038088
SOX2,mES_NPC,NA,NA,-2.84593503033239,4.45459629426633e-14,Downregulated,0.70317133066872
E2F1,mES_NPC,NA,NA,-3.20806927429423,1.96439962052076e-13,Downregulated,1.0294742356481
MEF2A,mES_NPC,NA,NA,-2.81507747133809,1.96439962052076e-13,Downregulated,0.620681131870389
TEAD1,mES_NPC,NA,NA,-3.0570314075994802,4.27874682571484e-13,Downregulated,1.18026037293469
GATA4,mES_NPC,NA,NA,-3.04249554337721,4.27874682571484e-13,Downregulated,2.26865098584602
KLF4,mES_NPC,NA,NA,-2.19717344414463,1.09289903297712e-11,Downregulated,0.134912161090186
CLOCK,mES_NPC,NA,NA,-2.7312519777522,2.7666716828556896e-11,Downregulated,1.22568909635604
NR4A2::RXRA,mES_NPC,NA,NA,-2.66603344568999,9.486412126954129e-11,Downregulated,0.782494159664525
NR1H2,mES_NPC,NA,NA,-2.87350261702411,1.57567210808458e-10,Downregulated,1.25077441393739
STAT4,mES_NPC,NA,NA,-1.77883271816159,5.66035523054596e-10,Downregulated,-0.0506721036390777
MTF1,mES_NPC,NA,NA,-1.74648220106218,7.40341076239372e-10,Downregulated,2.36194912683235
TFCP2L1,mES_NPC,NA,NA,-2.42599330831023,1.8829101844133e-9,Downregulated,1.63305710639389
NR1H4::RXRA,mES_NPC,NA,NA,-1.41907120146537,1.7084181778701701e-9,Downregulated,-0.650417554557121
TCF7,mES_NPC,NA,NA,-3.2424817686359,2.32256177291755e-8,Downregulated,1.3466025820122
HIF1A,mES_NPC,NA,NA,-1.29912207501425,5.34910273180013e-8,Downregulated,-0.980010304771858
REL,mES_NPC,NA,NA,1.81350138121536,7.57050513896838e-8,Upregulated,1.31617836031241
NR4A1,mES_NPC,NA,NA,-0.9703318476918,1.45936570862482e-7,Downregulated,-1.36276917163581
TP53,mES_NPC,NA,NA,-2.29514021826966,1.86488276555122e-7,Downregulated,2.13830300112258
NRF1,mES_NPC,NA,NA,1.27704025390517,2.40773731111154e-7,Upregulated,2.25219672085191
NFYA,mES_NPC,NA,NA,-1.08681250507348,8.50811633398238e-7,Downregulated,0.531221388420464
HNF4A,mES_NPC,NA,NA,-1.25313557371431,1.71858080768699e-6,Downregulated,-0.656468049884094
MAF::NFE2,mES_NPC,NA,NA,0.910007187572099,1.44168048710412e-6,Upregulated,1.90795346019369
MYC,mES_NPC,NA,NA,-1.02147806196781,1.77400654171531e-6,Downregulated,-0.19644665492759
HNF1A,mES_NPC,NA,NA,-2.07212573403066,3.60424837179747e-6,Downregulated,-0.341723600400079
POU5F1,mES_NPC,NA,NA,-1.22451096959492,2.34784737062029e-5,Downregulated,-0.390053289260241
SMAD2::SMAD3::SMAD4,mES_NPC,NA,NA,-1.04387673383936,7.55440861835983e-5,Downregulated,-1.24071781128674
RARA:RXRA,mES_NPC,NA,NA,-0.880360064330613,2.0848276182284e-4,Downregulated,-0.265658922645015
CEBPB,mES_NPC,NA,NA,-1.11352548054134,4.6979569799751e-4,Downregulated,0.128954488282354
TFEB,mES_NPC,NA,NA,-0.465279726353793,0.0111585100807568,NS,1.52319024655307
ESR1,mES_NPC,NA,NA,0.647208302306004,0.013885421332508,NS,-1.80616900665155
RBPJ,mES_NPC,NA,NA,0.657379786399604,0.0168726474109373,NS,-2.24249779015584
IRF1,mES_NPC,NA,NA,0.541828125060667,0.020895225350599,NS,-2.01373306656677
NR5A2,mES_NPC,NA,NA,-0.581498676885289,0.0343306478542744,NS,-1.38022801278119
XBP1,mES_NPC,NA,NA,-0.297635544655586,0.0305580954253265,NS,-0.854052404857469
SREBF1,mES_NPC,NA,NA,0.277422742745832,0.0568669089186233,NS,-2.27341261519051
FOSL1,mES_NPC,NA,NA,-0.310015456048974,0.065289096231956,NS,-0.995020787902591
EGR1,mES_NPC,NA,NA,-0.393887043948326,0.060757004655006,NS,-1.7800366029946
FOS::JUN,mES_NPC,NA,NA,0.266860832328691,0.104618051209122,NS,0.59350894450443
HSF1,mES_NPC,NA,NA,0.342392251679481,0.129669679609447,NS,-2.3113502657482
NR1I3,mES_NPC,NA,NA,-0.252589180469629,0.115589355485031,NS,-1.92644423539174
NR1D1,mES_NPC,NA,NA,0.348270572328854,0.17595027038587,NS,-2.65473732162325
NR1I2,mES_NPC,NA,NA,-0.246900521684351,0.16998107729994,NS,-1.58597046040581
SOX9,mES_NPC,NA,NA,0.259889342522338,0.235813673984905,NS,-2.29512572792004
THRA,mES_NPC,NA,NA,0.198287218309101,0.222936517251534,NS,-1.74181914103546
WT1,mES_NPC,NA,NA,-0.257253514240274,0.235628351391489,NS,-1.32770083997216
GLI1,mES_NPC,NA,NA,-0.227958206389658,0.244433086099456,NS,-2.25015878599472
AHR::ARNT,mES_NPC,NA,NA,-0.215376817243776,0.310326328757336,NS,-1.32538396121658
IRX3,mES_NPC,NA,NA,-0.251181475342328,0.34823549928981,NS,-0.508415195947566
RORA,mES_NPC,NA,NA,0.229478511030116,0.373061546246995,NS,-2.11936644052639
NFATC1,mES_NPC,NA,NA,0.172875132129246,0.540518890535889,NS,-2.13083723369218
GATA1,mES_NPC,NA,NA,-0.111058338959621,0.525619297852306,NS,-2.47067254698527
SRF,mES_NPC,NA,NA,0.104253494358029,0.595904903045741,NS,-0.983286416317237
NR3C1,mES_NPC,NA,NA,0.0772263151260761,0.650599821772105,NS,-2.78114285749532
VDR::RXRA,mES_NPC,NA,NA,0.063148137758154,0.715489708517325,NS,-1.85896493045401
PPARG::RXRA,mES_NPC,NA,NA,0.0454670288345317,0.862287816680566,NS,-2.09268909804861
TFAP2A,mES_NPC,NA,NA,-0.0264666830053169,0.923396397860342,NS,-2.05609855627595
SP1,mES_NPC,NA,NA,-0.945930362918825,9.027271530591e-8,Downregulated,1.41568528545863
RFX1,mES_NPC,NA,NA,1.61751658886359,1.37920607862074e-7,Upregulated,-0.737183280450274
FOXA1,mES_NPC,NA,NA,1.0395435925083,4.8554946919289e-4,Upregulated,-1.95224542984983
NR3C2,mES_NPC,NA,NA,0.493139856384776,0.0525255626322419,NS,-0.729687751574656
STAT3,mES_NPC,NA,NA,-3.10405811402216,1.96439962052076e-13,Downregulated,1.85464156062067
TCF7L2,mES_NPC,NA,NA,-3.68711304140065,4.91984430183066e-9,Downregulated,0.905333502742787
IRF3,mES_NPC,NA,NA,2.07727278212223,9.027271530591e-8,Upregulated,0.943565794289946
ESRRB,mES_NPC,NA,NA,-1.333135786001,1.05233624341262e-7,Downregulated,-1.50898854869214
NFKB1,mES_NPC,NA,NA,2.00521962292377,4.25671720206509e-6,Upregulated,-0.731993429747807
SMAD4,mES_NPC,NA,NA,-1.49261845135619,3.29313961049156e-5,Downregulated,-1.50900739704744
ELK1,mES_NPC,NA,NA,0.688803926836293,0.00129295084666068,Upregulated,2.01239442996057
GBX2,mES_NPC,NA,NA,-0.700314189943958,0.0132644282832073,NS,-2.16091663387714
PAX6,mES_NPC,NA,NA,-0.515460315197301,0.0116967570139484,NS,-2.25673532681642
CREB1,mES_NPC,NA,NA,-0.483186287822433,0.0518813498397629,NS,-1.27391348107472
HOMEZ,mES_NPC,NA,NA,-0.491521327359746,0.128640482816145,NS,-2.98454741673647
NFE2L2,mES_NPC,NA,NA,0.13874596664651,0.348736503652243,NS,2.31251455557644
NEUROG2,mES_NPC,NA,NA,0.0456820272257474,0.853041065605782,NS,-3.0952075630794
ELK1_A,mES_POU5F1_DEG,NA,NA,0.560972560659074,0.00231409442228531,Upregulated,3.34984390598103
ELK1_B,mES_POU5F1_DEG,NA,NA,-0.166001658409328,0.55808781469597,NS,2.60831153740702
ZFX,mES_POU5F1_DEG,NA,NA,-0.233883579909953,0.55808781469597,NS,-1.17009847325458
GLI1,mES_POU5F1_DEG,NA,NA,-0.322062968265895,0.620399033732159,NS,-3.06778827893512
ESRRB,mES_POU5F1_DEG,NA,NA,-0.146134125836905,0.696790721196656,NS,-1.8924492846451
IRX3,mES_POU5F1_DEG,NA,NA,-1.14521997250582,0.620399033732159,NS,-4.4296751136421
SOX9,mES_POU5F1_DEG,NA,NA,0.89023660812992,0.55808781469597,NS,-2.79269979926161
ZFX,mES_SOX2_DEG,NA,NA,-1.14116060025999,1.09501262925726e-6,Downregulated,-0.0341982408831304
GLI1,mES_SOX2_DEG,NA,NA,-0.499068938482184,0.0255337778512205,NS,-2.35990873382829
IRX3,mES_SOX2_DEG,NA,NA,0.605876177131067,0.56969594091143,NS,-2.61269591503251
SOX9,mES_SOX2_DEG,NA,NA,0.0607485289676656,0.923754995982345,NS,-3.90092198109491
ESRRB,mES_SOX2_DEG,NA,NA,-1.95402300038977,5.59737123925227e-8,Downregulated,-2.47205675394553
ELK1,mES_SOX2_DEG,NA,NA,-0.445705373178629,0.0255337778512205,NS,1.52894609658763
GRHL1,mES_TFCP2L1,NA,NA,-1.37814199852754,1.51335907362676e-7,Downregulated,0.852794582512365
ZFP42,mES_TFCP2L1,NA,NA,0.335563162953824,0.263584646905987,NS,-1.08964677104861
MYBL2,mES_TFCP2L1,NA,NA,0.252847712950353,0.321691478611502,NS,-1.00155200448262
AR,mES_TFCP2L1,NA,NA,0.275924355036773,0.357129154853888,NS,-1.45110453527124
THRB,mES_TFCP2L1,NA,NA,-0.238292648893627,0.407557745794002,NS,-0.657589442183668
ATF6,mES_TFCP2L1,NA,NA,0.208362286593154,0.418148666035748,NS,0.601345909765742
ONECUT1,mES_TFCP2L1,NA,NA,0.214853796961821,0.473615431844913,NS,-1.40709597419651
NFAT5,mES_TFCP2L1,NA,NA,0.20101530914358,0.543081933012034,NS,-0.448364687856013
ZFX,mES_TFCP2L1,NA,NA,0.151260599408495,0.592241145386977,NS,-0.499410017850993
PPARA::RXRA,mES_TFCP2L1,NA,NA,-0.136305131948792,0.705341674472664,NS,-0.924134580410018
PGR,mES_TFCP2L1,NA,NA,0.0964769452623428,0.770224248424778,NS,-0.946102495618811
POU5F1::SOX2,mES_TFCP2L1,NA,NA,-0.106049747325779,0.758442033547021,NS,2.72554981893917
RARA,mES_TFCP2L1,NA,NA,-0.137565555053702,0.770224248424778,NS,-2.51482229939393
GATA3,mES_TFCP2L1,NA,NA,0.0288488719558385,0.950884552876781,NS,-1.25135167086682
NFIA,mES_TFCP2L1,NA,NA,0.100543379747071,0.758442033547021,NS,-1.34290651475398
ETS2,mES_TFCP2L1,NA,NA,-0.0524326610456067,0.923006195966558,NS,1.1993740361213
CEBPA,mES_TFCP2L1,NA,NA,0.0728381779872334,0.848545318525105,NS,-1.24503376746747
STAT1,mES_TFCP2L1,NA,NA,0.0790833193005707,0.867989986349093,NS,-2.09974699111162
RUNX2,mES_TFCP2L1,NA,NA,0.0467930482510072,0.945290474301951,NS,-1.19683079185411
FOXO1,mES_TFCP2L1,NA,NA,0.0402594698160485,0.926318681766063,NS,-0.746636812930211
OTX1,mES_TFCP2L1,NA,NA,-0.0398908671106387,0.945290474301951,NS,-1.00561252075834
ATF4,mES_TFCP2L1,NA,NA,-0.00649045948425098,0.994241358064554,NS,2.34123496083505
ATF2,mES_TFCP2L1,NA,NA,-0.0291447847583985,0.949428193153183,NS,-0.832667548261999
RXRA,mES_TFCP2L1,NA,NA,0.0202320485163827,0.949428193153183,NS,0.899144130746263
POU2F1,mES_TFCP2L1,NA,NA,-0.0288720022334047,0.949428193153183,NS,0.426430083089567
TFCP2L1,mES_TFCP2L1,NA,NA,-1.39610185063586,1.95123892302064e-6,Downregulated,1.62683843104192
XBP1,mES_TFCP2L1,NA,NA,0.378698828779245,0.0209175641196253,NS,-0.85145010562991
STAT4,mES_TFCP2L1,NA,NA,-0.467909174759118,0.0281064276558288,NS,-0.0467060370030031
E2F1,mES_TFCP2L1,NA,NA,-0.421018502751068,0.0281064276558288,NS,1.01646634825932
NR4A2::RXRA,mES_TFCP2L1,NA,NA,-0.432442114270698,0.0281064276558288,NS,0.776431263870438
NR1H4::RXRA,mES_TFCP2L1,NA,NA,-0.324956800333799,0.0621965607935096,NS,-0.652253927823807
SOX2,mES_TFCP2L1,NA,NA,-0.282908331177493,0.0934493534159287,NS,0.699430153592433
MEF2A,mES_TFCP2L1,NA,NA,0.304889566510571,0.107411498994372,NS,0.615800209171117
KLF4,mES_TFCP2L1,NA,NA,-0.261342498777604,0.180448840273506,NS,0.134366165667649
STAT1::STAT2,mES_TFCP2L1,NA,NA,0.369607450099723,0.193314832873603,NS,-2.10146506877347
NR1D1,mES_TFCP2L1,NA,NA,0.299683059184166,0.26479518945754,NS,-2.66472744853785
HSF1,mES_TFCP2L1,NA,NA,0.370584423401872,0.263584646905987,NS,-2.3092986258949
NFATC1,mES_TFCP2L1,NA,NA,0.510818802417674,0.26479518945754,NS,-2.1383856198626
RBPJ,mES_TFCP2L1,NA,NA,0.409766210727626,0.357129154853888,NS,-2.24036959779774
GLI1,mES_TFCP2L1,NA,NA,0.222960912007833,0.407557745794002,NS,-2.25015270762913
AHR::ARNT,mES_TFCP2L1,NA,NA,0.224621619326697,0.407557745794002,NS,-1.33036772841784
GATA1,mES_TFCP2L1,NA,NA,0.219593953747702,0.416109564289721,NS,-2.47864043988777
REL,mES_TFCP2L1,NA,NA,-0.283211897349301,0.418148666035748,NS,1.31807204292201
MAF::NFE2,mES_TFCP2L1,NA,NA,0.153626784030189,0.421992504717877,NS,1.90315043017505
NRF1,mES_TFCP2L1,NA,NA,0.191137408386878,0.434920925721341,NS,2.26091473981591
GATA4,mES_TFCP2L1,NA,NA,-0.192699930963022,0.430729877820719,NS,2.24850811468143
POU5F1,mES_TFCP2L1,NA,NA,-0.211185781124158,0.434920925721341,NS,-0.386514542061233
NR4A1,mES_TFCP2L1,NA,NA,-0.166394182749762,0.453453810412383,NS,-1.36662845135028
SOX9,mES_TFCP2L1,NA,NA,0.210432480570537,0.465802336337138,NS,-2.29089030183341
CLOCK,mES_TFCP2L1,NA,NA,-0.171337904488156,0.494098207084412,NS,1.21644298195488
NR3C1,mES_TFCP2L1,NA,NA,0.150065527829648,0.494098207084412,NS,-2.77970982628641
TFEB,mES_TFCP2L1,NA,NA,0.134218989484355,0.497919754744324,NS,1.52569697518367
SRF,mES_TFCP2L1,NA,NA,0.191821394165629,0.494098207084412,NS,-0.975707772060989
NR5A2,mES_TFCP2L1,NA,NA,-0.19402352217303,0.553072105451196,NS,-1.38450982632723
WT1,mES_TFCP2L1,NA,NA,0.169699966975716,0.553072105451196,NS,-1.32272658220548
IRF1,mES_TFCP2L1,NA,NA,0.153224828533247,0.553072105451196,NS,-2.01431709985465
TCF7,mES_TFCP2L1,NA,NA,0.298453885735701,0.633293727882108,NS,1.35138969098103
FOS::JUN,mES_TFCP2L1,NA,NA,0.0975641765893717,0.592241145386977,NS,0.588922418642372
TEAD1,mES_TFCP2L1,NA,NA,-0.124956836108676,0.633293727882108,NS,1.17752623129642
VDR::RXRA,mES_TFCP2L1,NA,NA,0.129950077934537,0.653842661224964,NS,-1.85456782050933
NR1I3,mES_TFCP2L1,NA,NA,0.122794410346331,0.616641025748658,NS,-1.92407161388586
ESR1,mES_TFCP2L1,NA,NA,0.122512082653452,0.682044658219212,NS,-1.80336525879252
HNF4A,mES_TFCP2L1,NA,NA,0.0478841744810087,0.867989986349093,NS,-0.666855548665483
MTF1,mES_TFCP2L1,NA,NA,0.0737215147214675,0.732872569834651,NS,2.36282819196425
MYC,mES_TFCP2L1,NA,NA,0.0641780817375564,0.757045853616478,NS,-0.201897167541077
FOSL1,mES_TFCP2L1,NA,NA,0.0681248384757365,0.758442033547021,NS,-0.996326085055852
RARA:RXRA,mES_TFCP2L1,NA,NA,0.056669475254903,0.770224248424778,NS,-0.265646914461488
NFYA,mES_TFCP2L1,NA,NA,0.0512093740232532,0.770224248424778,NS,0.529931794846371
TP53,mES_TFCP2L1,NA,NA,0.0806492217877257,0.897469053982489,NS,2.14168163668165
CEBPB,mES_TFCP2L1,NA,NA,0.0361335771001845,0.945290474301951,NS,0.144168323691592
SMAD2::SMAD3::SMAD4,mES_TFCP2L1,NA,NA,-0.078074386392086,0.780375896341424,NS,-1.24364879566395
NR1H2,mES_TFCP2L1,NA,NA,0.0903683392106151,0.831811140216594,NS,1.2791969794145
HNF1A,mES_TFCP2L1,NA,NA,0.116122107614118,0.848545318525105,NS,-0.33994106231133
EGR1,mES_TFCP2L1,NA,NA,0.057877185287042,0.867989986349093,NS,-1.78503237350746
SREBF1,mES_TFCP2L1,NA,NA,-0.0161870204537416,0.949428193153183,NS,-2.26203021523936
IRX3,mES_TFCP2L1,NA,NA,-0.00347888317542358,0.995887257620177,NS,-0.499048783446805
PPARG::RXRA,mES_TFCP2L1,NA,NA,-0.00171299754345545,0.995887257620177,NS,-2.10036347489585
THRA,mES_TFCP2L1,NA,NA,-0.0171031092801844,0.950884552876781,NS,-1.74001274220355
RORA,mES_TFCP2L1,NA,NA,0.0131180153809279,0.987283993001721,NS,-2.12762917898084
NR1I2,mES_TFCP2L1,NA,NA,-9.2436398419274e-4,0.995887257620177,NS,-1.58554031876847
HIF1A,mES_TFCP2L1,NA,NA,0.0161821493757761,0.949428193153183,NS,-0.976284088093063
TFAP2A,mES_TFCP2L1,NA,NA,0.00412575376318018,0.995887257620177,NS,-2.05133035209204
RFX1,mES_TFCP2L1,NA,NA,-0.478041871985787,0.217201267901146,NS,-0.745904931531813
SP1,mES_TFCP2L1,NA,NA,-0.152932852191552,0.465802336337138,NS,1.42713105504525
FOXA1,mES_TFCP2L1,NA,NA,0.159525779289953,0.616641025748658,NS,-1.98032240240971
NR3C2,mES_TFCP2L1,NA,NA,0.0289569691875981,0.949428193153183,NS,-0.726474964067249
STAT3,mES_TFCP2L1,NA,NA,-0.49884980314363,0.030252403759683,NS,1.85475248628251
PAX6,mES_TFCP2L1,NA,NA,0.483210309072499,0.0390470489598641,NS,-2.24389316374551
NEUROG2,mES_TFCP2L1,NA,NA,0.551868374256472,0.164234845851854,NS,-3.09801595849965
IRF3,mES_TFCP2L1,NA,NA,0.462218639936305,0.217201267901146,NS,0.941574166004377
HOMEZ,mES_TFCP2L1,NA,NA,0.555100903483804,0.242479509002446,NS,-2.97809319006566
NFE2L2,mES_TFCP2L1,NA,NA,-0.194652533497078,0.2933362764236,NS,2.32666530457894
CREB1,mES_TFCP2L1,NA,NA,0.376599826433912,0.332453983409833,NS,-1.27227163092877
ELK1,mES_TFCP2L1,NA,NA,0.174607864030336,0.407557745794002,NS,2.04099772588722
ESRRB,mES_TFCP2L1,NA,NA,-0.208656053392753,0.418148666035748,NS,-1.50857762806547
TCF7L2,mES_TFCP2L1,NA,NA,0.382288554341904,0.596580434937832,NS,0.946937014940687
NFKB1,mES_TFCP2L1,NA,NA,-0.183305969041785,0.758442033547021,NS,-0.730731752103816
GBX2,mES_TFCP2L1,NA,NA,0.0881029594391901,0.831811140216594,NS,-2.18593302991832
SMAD4,mES_TFCP2L1,NA,NA,0.12223667075938,0.770224248424778,NS,-1.51124170643589
